word,count,auto_pronunciation,manual_pronunciation,status,notes
Puruśa,11915,Purusha,,auto,
sádhaná,4180,saadhanaa,,auto,
Krśńa,3025,Krshńa,,auto,
Ráŕh,1577,Raaŕh,,auto,
Saḿskrta,1519,Samskrta,,auto,
Máyá,1396,Maayaa,,auto,
saḿskáras,1160,samskaaras,,auto,
Saguńa,1143,Saguńa,,auto,
kśatriyas,1123,kshaatriyas,,auto,
Sádhaná,1054,Saadhanaa,,auto,
sádhaka,1042,saadhaka,,auto,
samádhi,1011,samaadhi,,auto,
Puruśottama,975,Purushottama,,auto,
sádhakas,811,saadhakas,,auto,
Ánanda,806,aananda,,auto,
shúdras,677,shoodras,,auto,
Nirguńa,665,Nirguńa,,auto,
jiṋána,640,jnyaaana,,auto,
kośa,627,kosha,,auto,
Párthasárathi,616,Paarthasaarathi,,auto,
Prákrta,606,Praakrta,,auto,
tanmátras,556,tanmaatras,,auto,
átman,552,aatman,,auto,
Bábá,548,Baabaa,,auto,
Paramátman,545,Paramaatman,,auto,
Viśńu,533,Vishńu,,auto,
Párvatii,527,Paarvatii,,auto,
ahaḿtattva,521,ahamtattva,,auto,
bháva,520,bhaava,,auto,
Átman,513,aatman,,auto,
Paramátmá,504,Paramaatmaa,,auto,
Avidyá,500,Avidyaa,,auto,
ná,461,naa,,auto,
pramá,454,pramaa,,auto,
Kśatriya,453,kshaatriya,,auto,
dhyána,435,dhyaana,,auto,
Mahábhárata,415,Mahaabhaarata,,auto,
Kośa,409,Kosha,,auto,
Náráyańa,391,Naaraayańa,,auto,
Ráma,386,Raama,,auto,
vidyá,385,vidyaa,,auto,
Vidyá,384,Vidyaa,,auto,
avidyá,383,avidyaa,,auto,
mudrá,383,mudraa,,auto,
guńas,381,guńas,,auto,
Bhagaván,378,Bhagavaan,,auto,
kśatriya,375,kshaatriya,,auto,
Kálii,374,Kaalii,,auto,
Yajiṋa,374,Yajnyaa,,auto,
Bhágavata,372,Bhaagavata,,auto,
práńa,367,praańa,,auto,
sevá,366,sevaa,,auto,
Giitá,356,Giitaa,,auto,
mokśa,356,mokshaa,,auto,
shúdra,353,shoodra,,auto,
vá,351,vaa,,auto,
kulakuńd́alinii,327,kulakuńdalinii,,auto,
Sadáshiva,322,Sadaashiva,,auto,
Iśt́a,321,Ishta,,auto,
shástra,314,shaastra,,auto,
sádhu,313,saadhu,,auto,
Márga,303,Maarga,,auto,
pratisaiṋcara,301,pratisaiṋchara,,auto,
Mudrá,298,Mudraa,,auto,
pápa,293,paapa,,auto,
Pratisaiṋcara,290,Pratisaiṋchara,,auto,
Sádhaka,289,Saadhaka,,auto,
Samádhi,289,Samaadhi,,auto,
Táraka,289,Taaraka,,auto,
Práńa,287,Praańa,,auto,
ghaiṋ,286,ghaiṋ,,auto,
sahasrára,284,sahasraara,,auto,
Avidyámáyá,282,Avidyaamaayaa,,auto,
jiivátmá,282,jiivaatmaa,,auto,
Brahmá,281,Brahmaa,,auto,
diikśá,279,diikshaaa,,auto,
sarvaḿ,279,sarvam,,auto,
ácárya,278,aachaarya,,auto,
má,277,maa,,auto,
Vacanámrtam,272,Vachanaamrtam,,auto,
tanmátra,271,tanmaatra,,auto,
Saiṋcara,267,Saiṋchara,,auto,
Sáḿkhya,267,Saamkhya,,auto,
rśi,266,rshi,,auto,
ÁAA,252,aaAA,,auto,
saiṋcara,252,saiṋchara,,auto,
kámamaya,241,kaamamaya,,auto,
kośas,235,koshas,,auto,
áus,231,aaus,,auto,
ÁVA,230,aaVA,,auto,
práńáyáma,230,praańaayaama,,auto,
Vaeśńava,230,Vaeshńava,,auto,
Ahaḿtattva,229,Ahamtattva,,auto,
táńd́ava,229,taańdava,,auto,
sá,227,saa,,auto,
Bhavánii,226,Bhavaanii,,auto,
Sádhakas,225,Saadhakas,,auto,
Tárá,223,Taaraa,,auto,
ámi,217,aami,,auto,
saḿskára,217,samskaara,,auto,
Rámáyańa,212,Raamaayańa,,auto,
Durgá,211,Durgaa,,auto,
lokatrikońa,211,lokatrikońa,,auto,
Ácárya,209,aachaarya,,auto,
Mahádeva,208,Mahaadeva,,auto,
puruśa,208,purusha,,auto,
Jiṋána,205,Jnyaaana,,auto,
Shákta,203,Shaakta,,auto,
Krśńa's,202,Krshńa's,,auto,
Oṋḿ,202,omm,,auto,
Shúdras,201,Shoodras,,auto,
átmá,200,aatmaa,,auto,
Rádhá,200,Raadhaa,,auto,
Shúdra,200,Shoodra,,auto,
oṋḿkára,198,ommkaara,,auto,
ásanas,194,aasanas,,auto,
káma,191,kaama,,auto,
ánanda,184,aananda,,auto,
Oṋḿkára,183,ommkaara,,auto,
Pramátrikońa,174,Pramaatrikońa,,auto,
yajiṋa,172,yajnyaa,,auto,
Bháva,170,Bhaava,,auto,
d́a,169,da,,auto,
tvaḿ,169,tvam,,auto,
Saḿskáras,168,Samskaaras,,auto,
Mahásambhúti,164,Mahaasambhooti,,auto,
váyus,164,vaayus,,auto,
itihása,163,itihaasa,,auto,
prańidhána,162,prańidhaana,,auto,
sambhúti,162,sambhooti,,auto,
devatá,161,devataa,,auto,
jiṋániis,161,jnyaaaniis,,auto,
kriyá,161,kriyaa,,auto,
Gauṋgá,160,Gauṋgaa,,auto,
anáhata,158,anaahata,,auto,
nám,158,naam,,auto,
práńáh,158,praańaah,,auto,
sattvaguńa,154,sattvaguńa,,auto,
vaerágya,154,vaeraagya,,auto,
puńya,153,puńya,,auto,
Avadhúta,152,Avadhoota,,auto,
Bhárata,152,Bhaarata,,auto,
Mádhava,150,Maadhava,,auto,
múládhára,150,moolaadhaara,,auto,
kalá,148,kalaa,,auto,
jiivátman,147,jiivaatman,,auto,
Kśatriyas,147,kshaatriyas,,auto,
Máyáváda,147,Maayaavaada,,auto,
Kurukśetra,146,Kurukshaetra,,auto,
oṋḿ,146,omm,,auto,
Paramártha,146,Paramaartha,,auto,
ahiḿsá,143,ahimsaa,,auto,
rśis,143,rshis,,auto,
Vidyámáyá,142,Vidyaamaayaa,,auto,
nihitaḿ,141,nihitam,,auto,
pramátrikońa,141,pramaatrikońa,,auto,
mánava,140,maanava,,auto,
Shaḿkara,140,Shamkara,,auto,
Kaośikii,139,Kaoshikii,,auto,
Mokśa,136,Mokshaa,,auto,
avatára,135,avataara,,auto,
Lakśmii,135,Lakshamii,,auto,
váyu,135,vaayu,,auto,
Kámamaya,132,Kaamamaya,,auto,
Má,132,Maa,,auto,
mańipura,131,mańipura,,auto,
Sútram,130,Sootram,,auto,
pará,129,paraa,,auto,
Kárttika,128,Kaarttika,,auto,
nái,128,naai,,auto,
rága,128,raaga,,auto,
samása,128,samaasa,,auto,
shraddhá,128,shraddhaa,,auto,
ágama,127,aagama,,auto,
liilá,127,liilaa,,auto,
Tadekaḿ,127,Tadekam,,auto,
ámár,126,aamaar,,auto,
bhútáni,126,bhootaani,,auto,
guńa,126,guńa,,auto,
Nárada,126,Naarada,,auto,
jiṋánii,125,jnyaaanii,,auto,
kuńd́alinii,125,kuńdalinii,,auto,
tathá,125,tathaa,,auto,
svabháva,123,svabhaava,,auto,
práńendriya,122,praańendriya,,auto,
Puruśah,122,Purushah,,auto,
duratyayá,120,duratyayaa,,auto,
kśititattva,120,kshaititattva,,auto,
paramaḿ,120,paramam,,auto,
vibhinnáh,120,vibhinnaah,,auto,
Bhúta,119,Bhoota,,auto,
pátaka,119,paataka,,auto,
rajoguńa,119,rajoguńa,,auto,
jiṋátvá,118,jnyaaatvaa,,auto,
Paramá,118,Paramaa,,auto,
Rám,118,Raam,,auto,
Sá,117,Saa,,auto,
tárayet,116,taarayet,,auto,
yatamána,116,yatamaana,,auto,
áche,115,aache,,auto,
átmani,115,aatmani,,auto,
dhárańá,115,dhaarańaa,,auto,
Advaetaváda,114,Advaetavaada,,auto,
guháyám,114,guhaayaam,,auto,
samája,114,samaaja,,auto,
sharańaḿ,114,sharańam,,auto,
tattvaḿ,114,tattvam,,auto,
Mágadhii,113,Maagadhii,,auto,
śa,113,sha,,auto,
bhái,112,bhaai,,auto,
prańava,112,prańava,,auto,
sadá,112,sadaa,,auto,
Kśara,111,kshaara,,auto,
Ahaḿ,110,Aham,,auto,
bhayaḿ,110,bhayam,,auto,
oṋm,110,omm,,auto,
mahápátaka,109,mahaapaataka,,auto,
ájiṋá,108,aajnyaaa,,auto,
devatás,107,devataas,,auto,
Hirańmaya,106,Hirańmaya,,auto,
márga,106,maarga,,auto,
Dharmakśetra,105,Dharmakshaetra,,auto,
jiṋánam,105,jnyaaanam,,auto,
paraḿ,105,param,,auto,
Prańidhána,105,Prańidhaana,,auto,
Akśara,104,Akshaara,,auto,
yáti,104,yaati,,auto,
páshas,103,paashas,,auto,
pitá,103,pitaa,,auto,
sádhus,103,saadhus,,auto,
dharmakśetra,102,dharmakshaetra,,auto,
itikathá,101,itikathaa,,auto,
pratyáhára,101,pratyaahaara,,auto,
táre,101,taare,,auto,
matvá,100,matvaa,,auto,
parábhakti,100,paraabhakti,,auto,
ánandam,99,aanandam,,auto,
bhúta,99,bhoota,,auto,
Maharśi,98,Maharshi,,auto,
Práńáyáma,98,Praańaayaama,,auto,
Ráŕhii,98,Raaŕhii,,auto,
shástras,98,shaastras,,auto,
Yadá,98,Yadaa,,auto,
Kárya,97,Kaarya,,auto,
tamoguńa,97,tamoguńa,,auto,
tár,96,taar,,auto,
Cárváka,95,Chaarvaaka,,auto,
Káliká,95,Kaalikaa,,auto,
Manasá,95,Manasaa,,auto,
Paritráńáya,95,Paritraańaaya,,auto,
kśa,94,kshaa,,auto,
Pramá,94,Pramaa,,auto,
Rávańa,94,Raavańa,,auto,
Vrajagopála,94,Vrajagopaala,,auto,
parińáma,93,parińaama,,auto,
Saiṋjaya,93,Saiṋjaya,,auto,
sakhá,93,sakhaa,,auto,
vibháti,93,vibhaati,,auto,
jáyate,92,jaayate,,auto,
paráshakti,92,paraashakti,,auto,
Dvápara,91,Dvaapara,,auto,
satsauṋga,91,satsauṋga,,auto,
Sattvaguńa,91,Sattvaguńa,,auto,
shák,91,shaak,,auto,
viná,91,vinaa,,auto,
Adhyátma,90,Adhyaatma,,auto,
durácárii,90,duraachaarii,,auto,
Máyámetáḿ,90,Maayaametaam,,auto,
mudrás,90,mudraas,,auto,
Prayága,90,Prayaaga,,auto,
vikśubdha,90,vikshaubdha,,auto,
yadá,90,yadaa,,auto,
tomár,89,tomaar,,auto,
upádhi,89,upaadhi,,auto,
Tamoguńa,88,Tamoguńa,,auto,
bhútas,87,bhootas,,auto,
madhyamá,87,madhyamaa,,auto,
samatábhávo,87,samataabhaavo,,auto,
saḿvaro,87,samvaro,,auto,
sudurácáro,87,suduraachaaro,,auto,
devaḿ,86,devam,,auto,
Jiivátman,86,Jiivaatman,,auto,
kárańa,86,kaarańa,,auto,
Mámeva,86,Maameva,,auto,
Puruśa's,86,Purusha's,,auto,
rágátmiká,86,raagaatmikaa,,auto,
Ámi,85,aami,,auto,
Átmá,85,aatmaa,,auto,
Yá,85,Yaa,,auto,
Yathá,85,Yathaa,,auto,
duśkrtám,84,dushkrtaam,,auto,
evedaḿ,84,evedam,,auto,
iśt́a,84,ishta,,auto,
jáyante,84,jaayante,,auto,
sambhavámi,84,sambhavaami,,auto,
Sevá,84,Sevaa,,auto,
ádhára,83,aadhaara,,auto,
bhágavata,83,bhaagavata,,auto,
jiivabháva,83,jiivabhaava,,auto,
mańd́ala,83,mańdala,,auto,
nirguńa,83,nirguńa,,auto,
Vyása,83,Vyaasa,,auto,
Ánandaḿ,82,aanandam,,auto,
káka,82,kaaka,,auto,
Mandárań,82,Mandaarań,,auto,
rágánugá,82,raagaanugaa,,auto,
rágas,82,raagas,,auto,
Tvaḿ,82,Tvam,,auto,
yathá,82,yathaa,,auto,
Kárańa,81,Kaarańa,,auto,
Mahákaola,81,Mahaakaola,,auto,
násti,81,naasti,,auto,
pratyaváya,81,pratyavaaya,,auto,
pújá,81,poojaa,,auto,
Tretá,81,Tretaa,,auto,
yáy,81,yaay,,auto,
bhavabandhanát,80,bhavabandhanaat,,auto,
Dhyána,80,Dhyaana,,auto,
Gharáńá,80,Gharaańaa,,auto,
janáh,80,janaah,,auto,
Páli,80,Paali,,auto,
Sáradá,80,Saaradaa,,auto,
vijiṋána,80,vijnyaaana,,auto,
ahaḿ,79,aham,,auto,
guńamayii,79,guńamayii,,auto,
mataḿ,79,matam,,auto,
vistára,79,vistaara,,auto,
ár,78,aar,,auto,
bhútvá,78,bhootvaa,,auto,
hiḿsá,78,himsaa,,auto,
náda,78,naada,,auto,
rúpa,78,roopa,,auto,
shráddha,78,shraaddha,,auto,
bhúmiḿ,77,bhoomim,,auto,
kurukśetra,77,kurukshaetra,,auto,
Kurukśetre,77,Kurukshaetre,,auto,
Pápa,77,Paapa,,auto,
Shambhúliuṋga,77,Shambhooliuṋga,,auto,
shraddhayá,77,shraddhayaa,,auto,
hyeśá,76,hyeshaa,,auto,
ká,76,kaa,,auto,
Prájiṋa,76,Praajnyaa,,auto,
sahasrapát,76,sahasrapaat,,auto,
tá,76,taa,,auto,
Utámrtatvasyesháno,76,Utaamrtatvasyeshaano,,auto,
Dharmasaḿsthápanártháya,75,Dharmasamsthaapanaarthaaya,,auto,
Iishvarakot́i,75,Iishvarakoti,,auto,
játáni,75,jaataani,,auto,
panthá,75,panthaa,,auto,
shyámá,75,shyaamaa,,auto,
tadátmánaḿ,75,tadaatmaanam,,auto,
Dharmakśetre,74,Dharmakshaetre,,auto,
haḿso,74,hamso,,auto,
Kevalá,74,Kevalaa,,auto,
Phálguna,74,Phaalguna,,auto,
pracodayát,74,prachodayaat,,auto,
sádhaka's,74,saadhaka's,,auto,
Sáhitya,74,Saahitya,,auto,
Shiva-liuṋga,74,Shiva-liuṋga,,auto,
yadbhútaḿ,74,yadbhootam,,auto,
Demi-Mágadhii,73,Demi-Maagadhii,,auto,
Gańesha,73,Gańesha,,auto,
paramártha,73,paramaartha,,auto,
prápya,73,praapya,,auto,
saḿkalpa,73,samkalpa,,auto,
vinásha,73,vinaasha,,auto,
vinásháya,73,vinaashaaya,,auto,
Dhrtaráśt́ra,72,Dhrtaraashtra,,auto,
Himaván,72,Himavaan,,auto,
Káma,72,Kaama,,auto,
mahápátakii,72,mahaapaatakii,,auto,
muktapuruśa,72,muktapurusha,,auto,
ńa,72,ńa,,auto,
Puńya,72,Puńya,,auto,
Sádhu,72,Saadhu,,auto,
Sarvájiive,72,Sarvaajiive,,auto,
sarvasaḿsthe,72,sarvasamsthe,,auto,
Khyát́andás,71,Khyaatandaas,,auto,
mámananyabhák,71,maamananyabhaak,,auto,
máḿsa,71,maamsa,,auto,
Prańava,71,Prańava,,auto,
Púrńimá,71,Poorńimaa,,auto,
Vaeshákha,71,Vaeshaakha,,auto,
Agraháyańa,70,Agrahaayańa,,auto,
apará,70,aparaa,,auto,
Áshvina,70,aashvina,,auto,
bhagaván,70,bhagavaan,,auto,
gáyattrii,70,gaayattrii,,auto,
Puráńa,70,Puraańa,,auto,
sálokya,70,saalokya,,auto,
Taḿ,70,Tam,,auto,
yadannenátirohati,70,yadannenaatirohati,,auto,
Arúp,69,Aroop,,auto,
Dvitiiyaḿ,69,Dvitiiyam,,auto,
manasá,69,manasaa,,auto,
mátá,69,maataa,,auto,
ráginiis,69,raaginiis,,auto,
Rajoguńa,69,Rajoguńa,,auto,
Saḿyoga,69,Samyoga,,auto,
prajiṋá,68,prajnyaaa,,auto,
Sutanuká,68,Sutanukaa,,auto,
Tathá,68,Tathaa,,auto,
vipáka,68,vipaaka,,auto,
Ágama,67,aagama,,auto,
Gaod́iiya,67,Gaodiiya,,auto,
gurupújanam,67,gurupoojanam,,auto,
sama-samája,67,sama-samaaja,,auto,
Saḿgraha,67,Samgraha,,auto,
svádhiśt́hána,67,svaadhishthaana,,auto,
upavása,67,upavaasa,,auto,
varńa,67,varńa,,auto,
Vijiṋánamaya,67,Vijnyaaanamaya,,auto,
yakśa,67,yakshaa,,auto,
Gáyattrii,66,Gaayattrii,,auto,
glánirbhavati,66,glaanirbhavati,,auto,
kathá,66,kathaa,,auto,
Subháśita,66,Subhaashita,,auto,
sudurácárii,66,suduraachaarii,,auto,
vashiikára,66,vashiikaara,,auto,
viirabháva,66,viirabhaava,,auto,
yá,66,yaa,,auto,
atipátaka,65,atipaataka,,auto,
Idaḿ,65,Idam,,auto,
práńah,65,praańah,,auto,
Saḿskára,65,Samskaara,,auto,
Shaḿkarácárya,65,Shamkaraachaarya,,auto,
Utkśepa,65,Utkshaepa,,auto,
Vijiṋána,65,Vijnyaaana,,auto,
vrtvá'tyatiśt́haddasháuṋgulam,65,vrtvaa'tyatishthaddashaauṋgulam,,auto,
abhimána,64,abhimaana,,auto,
bhúmi,64,bhoomi,,auto,
Hirańyagarbha,64,Hirańyagarbha,,auto,
hládinii,64,hlaadinii,,auto,
nád́ii,64,naadii,,auto,
namámi,64,namaami,,auto,
Rájasika,64,Raajasika,,auto,
sádhúnáḿ,64,saadhoonaam,,auto,
Shrávańa,64,Shraavańa,,auto,
Vák,64,Vaak,,auto,
vákya,64,vaakya,,auto,
yakśińii,64,yakshaińii,,auto,
avadhúta,63,avadhoota,,auto,
dhárá,63,dhaaraa,,auto,
Páháŕii,63,Paahaaŕii,,auto,
sahasrákśah,63,sahasraakshaah,,auto,
tál,63,taal,,auto,
Acyutánanda,62,Acyutaananda,,auto,
Ánandamúrti,62,aanandamoorti,,auto,
jiṋánávabhásáni,62,jnyaaanaavabhaasaani,,auto,
lakśańam,62,lakshaańam,,auto,
máyá,62,maayaa,,auto,
pramitáháro,62,pramitaahaaro,,auto,
rúpaḿ,62,roopam,,auto,
Sahasrashiirśá,62,Sahasrashiirshaa,,auto,
samáná,62,samaanaa,,auto,
Táni,62,Taani,,auto,
bodhanát,61,bodhanaat,,auto,
játah,61,jaatah,,auto,
kevalá,61,kevalaa,,auto,
Mámekaḿ,61,Maamekam,,auto,
Paramátma,61,Paramaatma,,auto,
preritáraiṋca,61,preritaaraiṋcha,,auto,
puńyáya,61,puńyaaya,,auto,
Śaśt́haiṋca,61,Śashthaiṋcha,,auto,
vrajámah,61,vrajaamah,,auto,
yuktaḿ,61,yuktam,,auto,
ávarańii,60,aavarańii,,auto,
buddhyá,60,buddhyaa,,auto,
niśáda,60,nishaada,,auto,
Nyáya,60,Nyaaya,,auto,
pańd́á,60,pańdaa,,auto,
pańd́ita,60,pańdita,,auto,
Prańáma,60,Prańaama,,auto,
Vaekuńt́ha,60,Vaekuńtha,,auto,
vrthá,60,vrthaa,,auto,
ásana,59,aasana,,auto,
Átmajiṋánaḿ,59,aatmajnyaaanam,,auto,
Jiṋánamátmani,59,Jnyaaanamaatmani,,auto,
jiṋánányanyáni,59,jnyaaanaanyanyaani,,auto,
krpá,59,krpaa,,auto,
náma,59,naama,,auto,
palásh,59,palaash,,auto,
sárasyanaeva,59,saarasyanaeva,,auto,
súryah,59,sooryah,,auto,
vidurjiṋánaḿ,59,vidurjnyaaanam,,auto,
yánitu,59,yaanitu,,auto,
yojanát,59,yojanaat,,auto,
Agnisára,58,Agnisaara,,auto,
Itihása,58,Itihaasa,,auto,
Phaliśyatiiti,58,Phalishyatiiti,,auto,
purodhá,58,purodhaa,,auto,
sáhitya,58,saahitya,,auto,
samavetáh,58,samavetaah,,auto,
sárśt́hi,58,saarshthi,,auto,
vishvásah,58,vishvaasah,,auto,
cái,57,chaai,,auto,
kśatriyas',57,kshaatriyas',,auto,
Mágha,57,Maagha,,auto,
nidhanaḿ,57,nidhanam,,auto,
pápáya,57,paapaaya,,auto,
sakalaḿ,57,sakalam,,auto,
Shiváya,57,Shivaaya,,auto,
Sukrtaermánavo,57,Sukrtaermaanavo,,auto,
vijiṋánamaya,57,vijnyaaanamaya,,auto,
Arúpratan,56,Aroopratan,,auto,
Bháratavarśa,56,Bhaaratavarsha,,auto,
dhá,56,dhaa,,auto,
Jiivátmá,56,Jiivaatmaa,,auto,
jiṋá,56,jnyaaa,,auto,
prańásha,56,prańaasha,,auto,
Puruśas,56,Purushas,,auto,
saḿsára,56,samsaara,,auto,
sarváńi,56,sarvaańi,,auto,
sváhá,56,svaahaa,,auto,
anádi,55,anaadi,,auto,
Cábhyutthánamadharmasya,55,Chaabhyutthaanamadharmasya,,auto,
guhá,55,guhaa,,auto,
náparah,55,naaparah,,auto,
Pitá,55,Pitaa,,auto,
prapattiváda,55,prapattivaada,,auto,
Shástra,55,Shaastra,,auto,
Shivánii,55,Shivaanii,,auto,
shubhayá,55,shubhayaa,,auto,
vidván,55,vidvaan,,auto,
aprápya,54,apraapya,,auto,
bhrámyate,54,bhraamyate,,auto,
Iishána,54,Iishaana,,auto,
Káshii,54,Kaashii,,auto,
málá,54,maalaa,,auto,
Miimáḿsá,54,Miimaamsaa,,auto,
Nátha,54,Naatha,,auto,
pápavinirmuktah,54,paapavinirmuktah,,auto,
Párvatii's,54,Paarvatii's,,auto,
Prajiṋá,54,Prajnyaaa,,auto,
prańáma,54,prańaama,,auto,
Prthagátmánaḿ,54,Prthagaatmaanam,,auto,
saḿvedana,54,samvedana,,auto,
sannyása,54,sannyaasa,,auto,
Táńd́ava,54,Taańdava,,auto,
váco,54,vaacho,,auto,
Varńa,54,Varńa,,auto,
ákásha,53,aakaasha,,auto,
Bráhmii,53,Braahmii,,auto,
cittáńu,53,chittaańu,,auto,
Ekádashii,53,Ekaadashii,,auto,
lyut́,53,lyut,,auto,
marańam,53,marańam,,auto,
sámiipya,53,saamiipya,,auto,
saḿyunaktu,53,samyunaktu,,auto,
sannyásii,53,sannyaasii,,auto,
Sárada,53,Saarada,,auto,
Shásanát,53,Shaasanaat,,auto,
tála,53,taala,,auto,
advaetaváda,52,advaetavaada,,auto,
agryábuddhi,52,agryaabuddhi,,auto,
ahaḿkára,52,ahamkaara,,auto,
bhála,52,bhaala,,auto,
bháśá,52,bhaashaa,,auto,
Dakśińeshvara,52,Dakshaińeshvara,,auto,
idaḿ,52,idam,,auto,
kathaḿ,52,katham,,auto,
máḿ,52,maam,,auto,
Samánii,52,Samaanii,,auto,
sárathi,52,saarathi,,auto,
vidyádhara,52,vidyaadhara,,auto,
Vishvasyaekaḿ,52,Vishvasyaekam,,auto,
Ác,51,aac,,auto,
ádarsha,51,aadarsha,,auto,
Átmatiirthaḿ,51,aatmatiirtham,,auto,
bháti,51,bhaati,,auto,
bhútánám,51,bhootaanaam,,auto,
Caryácarya,51,Charyaacharya,,auto,
dharmarájya,51,dharmaraajya,,auto,
icchá,51,icchaa,,auto,
jiivátma,51,jiivaatma,,auto,
kadácana,51,kadaachana,,auto,
Karmańyevádhikáraste,51,Karmańyevaadhikaaraste,,auto,
Kośas,51,Koshas,,auto,
krś,51,krsh,,auto,
Mahámáyá,51,Mahaamaayaa,,auto,
Puráńas,51,Puraańas,,auto,
sambhútis,51,sambhootis,,auto,
Sarvadharmán,51,Sarvadharmaan,,auto,
Vaerágya,51,Vaeraagya,,auto,
Vámácára,51,Vaamaachaara,,auto,
áman,50,aaman,,auto,
anubhúti,50,anubhooti,,auto,
atimánasa,50,atimaanasa,,auto,
dadháti,50,dadhaati,,auto,
grhaḿ,50,grham,,auto,
hirańmaya,50,hirańmaya,,auto,
jad́asphot́a,50,jadasphota,,auto,
kalpaná,50,kalpanaa,,auto,
kúrma,50,koorma,,auto,
mithyá,50,mithyaa,,auto,
náhi,50,naahi,,auto,
Nára,50,Naara,,auto,
nidrá,50,nidraa,,auto,
nityánitya,50,nityaanitya,,auto,
Pátaka,50,Paataka,,auto,
pratiśt́há,50,pratishthaa,,auto,
Samánamastu,50,Samaanamastu,,auto,
samprajiṋáta,50,samprajnyaaata,,auto,
srjámyáham,50,srjaamyaaham,,auto,
Svayambhúliuṋga,50,Svayambhooliuṋga,,auto,
abhidhyána,49,abhidhyaana,,auto,
bahudhá,49,bahudhaa,,auto,
bhávaná,49,bhaavanaa,,auto,
khái,49,khaai,,auto,
khesári,49,khesaari,,auto,
kśiiyate,49,kshaiiyate,,auto,
mahimá,49,mahimaa,,auto,
Pratyakśa,49,Pratyakshaa,,auto,
Saḿgacchadhvaḿ,49,Samgacchadhvam,,auto,
sarvabhútasya,49,sarvabhootasya,,auto,
Satsauṋga,49,Satsauṋga,,auto,
Shúdrocita,49,Shoodrochita,,auto,
svarúpa,49,svaroopa,,auto,
tadihántike,49,tadihaantike,,auto,
viirácára,49,viiraachaara,,auto,
Viśńorvishvamidaḿ,49,Vishńorvishvamidam,,auto,
átmanepadii,48,aatmanepadii,,auto,
Bhádra,48,Bhaadra,,auto,
bhárata,48,bhaarata,,auto,
bhayávahah,48,bhayaavahah,,auto,
Devábhágaḿ,48,Devaabhaagam,,auto,
Ekaḿ,48,Ekam,,auto,
jám,48,jaam,,auto,
kám,48,kaam,,auto,
kámáya,48,kaamaaya,,auto,
lajjá,48,lajjaa,,auto,
Mámakáh,48,Maamakaah,,auto,
Paeshácii,48,Paeshaachii,,auto,
páne,48,paane,,auto,
Paoráńika,48,Paoraańika,,auto,
Paropakárah,48,Paropakaarah,,auto,
prańipáta,48,prańipaata,,auto,
pre-Gaod́iiya,48,pre-Gaodiiya,,auto,
rásaliilá,48,raasaliilaa,,auto,
sevayá,48,sevayaa,,auto,
trtiiyaḿ,48,trtiiyam,,auto,
upayogáh,48,upayogaah,,auto,
Vajrayána,48,Vajrayaana,,auto,
Vistárah,48,Vistaarah,,auto,
yathápúrve,48,yathaapoorve,,auto,
bhiiśańaḿ,47,bhiishańam,,auto,
Eśa,47,Esha,,auto,
karmáńi,47,karmaańi,,auto,
phaleśu,47,phaleshu,,auto,
Pújá,47,Poojaa,,auto,
puráńa,47,puraańa,,auto,
tái,47,taai,,auto,
Támasika,47,Taamasika,,auto,
Teśáḿ,47,Teshaam,,auto,
uváca,47,uvaacha,,auto,
Gangá,46,Gangaa,,auto,
guńatrikońa,46,guńatrikońa,,auto,
jánanti,46,jaananti,,auto,
jiṋániicenmokśamápnuyát,46,jnyaaaniichenmokshaamaapnuyaat,,auto,
Mahájano,46,Mahaajano,,auto,
Padahastásana,46,Padahastaasana,,auto,
padmásana,46,padmaasana,,auto,
páiṋcabhaotika,46,paaiṋchabhaotika,,auto,
pán,46,paan,,auto,
pradhána,46,pradhaana,,auto,
samánaḿ,46,samaanam,,auto,
saḿjánáná,46,samjaanaanaa,,auto,
shál,46,shaal,,auto,
Shambhú,46,Shambhoo,,auto,
susahásati,46,susahaasati,,auto,
taḿ,46,tam,,auto,
Tántrikii,46,Taantrikii,,auto,
upásate,46,upaasate,,auto,
varánane,46,varaanane,,auto,
Ánandena,45,aanandena,,auto,
Bhavámbodhipotaḿ,45,Bhavaambodhipotam,,auto,
Gańapati,45,Gańapati,,auto,
jiivakot́i,45,jiivakoti,,auto,
karańa,45,karańa,,auto,
kárańaḿ,45,kaarańam,,auto,
Kevalaḿ,45,Kevalam,,auto,
khalvimáni,45,khalvimaani,,auto,
kleśa,45,klesha,,auto,
krśńa,45,krshńa,,auto,
Krśńasundaram,45,Krshńasundaram,,auto,
májhe,45,maajhe,,auto,
namámah,45,namaamah,,auto,
nihitártho,45,nihitaartho,,auto,
Paramátmanah,45,Paramaatmanah,,auto,
rasagollá,45,rasagollaa,,auto,
sárúpya,45,saaroopya,,auto,
shayáno,45,shayaano,,auto,
trikut́i,45,trikuti,,auto,
Vistára,45,Vistaara,,auto,
Ágneyii,44,aagneyii,,auto,
akliśt́a,44,aklishta,,auto,
Ásanas,44,aasanas,,auto,
Bhúmi,44,Bhoomi,,auto,
Brahmabháva,44,Brahmabhaava,,auto,
Brahmasadbhávo,44,Brahmasadbhaavo,,auto,
Draśt́avyamátmavattasmádabhedena,44,Drashtavyamaatmavattasmaadabhedena,,auto,
jánatám,44,jaanataam,,auto,
jiṋánaḿ,44,jnyaaanam,,auto,
Kśaraḿ,44,kshaaram,,auto,
nára,44,naara,,auto,
nrńáḿ,44,nrńaam,,auto,
parávidyá,44,paraavidyaa,,auto,
páshaeh,44,paashaeh,,auto,
sudúre,44,sudoore,,auto,
Tomár,44,Tomaar,,auto,
Ud́d́ayana,44,Uddayana,,auto,
vicakśańaeh,44,vichakshaańaeh,,auto,
Átmajiṋánam,43,aatmajnyaaanam,,auto,
Bhújauṋgásana,43,Bhoojauṋgaasana,,auto,
dhyánadhárańá,43,dhyaanadhaarańaa,,auto,
dyotamáná,43,dyotamaanaa,,auto,
id́á,43,idaa,,auto,
jad́a,43,jada,,auto,
Kamalá,43,Kamalaa,,auto,
kaośikii,43,kaoshikii,,auto,
kśara,43,kshaara,,auto,
layaḿ,43,layam,,auto,
Nágrii,43,Naagrii,,auto,
Náyamátmá,43,Naayamaatmaa,,auto,
pańd́itah,43,pańditah,,auto,
parikiirttitá,43,parikiirttitaa,,auto,
Parivára,43,Parivaara,,auto,
práń,43,praań,,auto,
Rámah,43,Raamah,,auto,
sádhana,43,saadhana,,auto,
saiṋjaya,43,saiṋjaya,,auto,
saḿgiita,43,samgiita,,auto,
sarvapápebhyo,43,sarvapaapebhyo,,auto,
Sáttvika,43,Saattvika,,auto,
Shriiharśa,43,Shriiharsha,,auto,
támasika,43,taamasika,,auto,
tráńa,43,traańa,,auto,
tváḿ,43,tvaam,,auto,
áchi,42,aachi,,auto,
aeḿ,42,aem,,auto,
apána,42,apaana,,auto,
bhútánáḿ,42,bhootaanaam,,auto,
Dáyabhága,42,Daayabhaaga,,auto,
dvaetádvaetaváda,42,dvaetaadvaetavaada,,auto,
kśarantu,42,kshaarantu,,auto,
Mádhviirnah,42,Maadhviirnah,,auto,
pá,42,paa,,auto,
paŕe,42,paŕe,,auto,
rtáyate,42,rtaayate,,auto,
Saḿskrtá,42,Samskrtaa,,auto,
sannyásiis,42,sannyaasiis,,auto,
santvośadhiih,42,santvoshadhiih,,auto,
sarvabhúteśu,42,sarvabhooteshu,,auto,
Shasháuṋka,42,Shashaauṋka,,auto,
Shúnya,42,Shoonya,,auto,
vátá,42,vaataa,,auto,
vishvamádao,42,vishvamaadao,,auto,
anat́,41,anat,,auto,
ásakti,41,aasakti,,auto,
áshaya,41,aashaya,,auto,
dhanaiṋjaya,41,dhanaiṋjaya,,auto,
giitá,41,giitaa,,auto,
Jiṋátvá,41,Jnyaaatvaa,,auto,
Jyaeśt́ha,41,Jyaeshtha,,auto,
Kalyáńasundaram,41,Kalyaańasundaram,,auto,
Káyasthas,41,Kaayasthas,,auto,
kránti,41,kraanti,,auto,
laghimá,41,laghimaa,,auto,
Mahácakra,41,Mahaachakra,,auto,
namámyaham,41,namaamyaham,,auto,
nididhyásana,41,nididhyaasana,,auto,
nityánanda,41,nityaananda,,auto,
pápii,41,paapii,,auto,
Pártha,41,Paartha,,auto,
Rucibhishcittamásrńya,41,Ruchibhishchittamaasrńya,,auto,
Rúpaḿ,41,Roopam,,auto,
saḿ,41,sam,,auto,
sarvamidaḿ,41,sarvamidam,,auto,
Savitá,41,Savitaa,,auto,
shambhú,41,shambhoo,,auto,
tiirthaḿ,41,tiirtham,,auto,
vák,41,vaak,,auto,
viśa,41,visha,,auto,
Yogamudrá,41,Yogamudraa,,auto,
asamprajiṋáta,40,asamprajnyaaata,,auto,
asmitá,40,asmitaa,,auto,
Buŕo,40,Buŕo,,auto,
Hirańyamaya,40,Hirańyamaya,,auto,
játaḿ,40,jaatam,,auto,
Kutilá,40,Kutilaa,,auto,
Lokatrikońa,40,Lokatrikońa,,auto,
mámakáh,40,maamakaah,,auto,
Nrsiḿha,40,Nrsimha,,auto,
padmá,40,padmaa,,auto,
pánii,40,paanii,,auto,
Pátaiṋjala,40,Paataiṋjala,,auto,
Pramátrikońas,40,Pramaatrikońas,,auto,
puńyam,40,puńyam,,auto,
PURUŚA,40,PURUŚA,,auto,
rasátala,40,rasaatala,,auto,
Sarváuṋgásana,40,Sarvaauṋgaasana,,auto,
shánti,40,shaanti,,auto,
Shivaḿ,40,Shivam,,auto,
sudhá,40,sudhaa,,auto,
táṋhá,40,taaṋhaa,,auto,
váyutattva,40,vaayutattva,,auto,
Yáṋhá,40,Yaaṋhaa,,auto,
bandhamokśayoh,39,bandhamokshaayoh,,auto,
Bhaktiránanda,39,Bhaktiraananda,,auto,
Dattaḿ,39,Dattam,,auto,
eśa,39,esha,,auto,
guháyáḿ,39,guhaayaam,,auto,
kála,39,kaala,,auto,
nidhánaḿ,39,nidhaanam,,auto,
niyacchettadyacchecchánta,39,niyacchettadyacchecchaanta,,auto,
pái,39,paai,,auto,
Paośa,39,Paosha,,auto,
pashvácára,39,pashvaachaara,,auto,
piuṋgalá,39,piuṋgalaa,,auto,
práńe,39,praańe,,auto,
Prańipátena,39,Prańipaatena,,auto,
Pratyáhára,39,Pratyaahaara,,auto,
Rśi,39,Rshi,,auto,
saḿskaras,39,samskaras,,auto,
saḿvrddhi,39,samvrddhi,,auto,
sáttvika,39,saattvika,,auto,
tadekaḿ,39,tadekam,,auto,
Tathápi,39,Tathaapi,,auto,
tvamidaḿ,39,tvamidam,,auto,
tyaktvá,39,tyaktvaa,,auto,
upanyása,39,upanyaasa,,auto,
Uttiśt́han,39,Uttishthan,,auto,
Vámadeva,39,Vaamadeva,,auto,
viguńah,39,viguńah,,auto,
vikśepa,39,vikshaepa,,auto,
anusvára,38,anusvaara,,auto,
Atimánas,38,Atimaanas,,auto,
atipátakii,38,atipaatakii,,auto,
Bábá's,38,Baabaa's,,auto,
bhú,38,bhoo,,auto,
Bhúmácaetanya,38,Bhoomaachaetanya,,auto,
carań,38,carań,,auto,
Dhárańá,38,Dhaarańaa,,auto,
gláni,38,glaani,,auto,
Karmásana,38,Karmaasana,,auto,
Kśurasya,38,kshaurasya,,auto,
Madhumán,38,Madhumaan,,auto,
Mádhviirgávo,38,Maadhviirgaavo,,auto,
Málavii,38,Maalavii,,auto,
Mithilá,38,Mithilaa,,auto,
mokśayiśyámi,38,mokshaayishyaami,,auto,
násha,38,naasha,,auto,
nishitá,38,nishitaa,,auto,
paritráńa,38,paritraańa,,auto,
prakáshate,38,prakaashate,,auto,
rańj,38,rańj,,auto,
saḿvadadhvaḿ,38,samvadadhvam,,auto,
sarváni,38,sarvaani,,auto,
tamahguńa,38,tamahguńa,,auto,
támasáh,38,taamasaah,,auto,
vanaspatirmadhumán,38,vanaspatirmadhumaan,,auto,
Varńáshramábhimánena,38,Varńaashramaabhimaanena,,auto,
vishvaḿ,38,vishvam,,auto,
Viśńumáyá,38,Vishńumaayaa,,auto,
akartá,37,akartaa,,auto,
Bhagavatá,37,Bhagavataa,,auto,
bhát,37,bhaat,,auto,
Dakśińácára,37,Dakshaińaachaara,,auto,
Devanágarii,37,Devanaagarii,,auto,
durácáriis,37,duraachaariis,,auto,
Dúrát,37,Dooraat,,auto,
guń,37,guń,,auto,
Kálágni,37,Kaalaagni,,auto,
Kauṋkálamálinii,37,Kauṋkaalamaalinii,,auto,
Kśatriyocita,37,kshaatriyochita,,auto,
Liilá,37,Liilaa,,auto,
Liilánanda,37,Liilaananda,,auto,
mánuśa,37,maanusha,,auto,
naráh,37,naraah,,auto,
paiṋcama,37,paiṋchama,,auto,
paiṋcamendriyanigrahah,37,paiṋchamendriyanigrahah,,auto,
pantháh,37,panthaah,,auto,
páy,37,paay,,auto,
pratyakśa,37,pratyakshaa,,auto,
sahajávasthá,37,sahajaavasthaa,,auto,
saptamaḿ,37,saptamam,,auto,
sarveśáḿ,37,sarveshaam,,auto,
shrutigocará,37,shrutigocharaa,,auto,
Śod́ashii,37,Śodashii,,auto,
Táttvika,37,Taattvika,,auto,
Viirabhávaḿ,37,Viirabhaavam,,auto,
ańimá,36,ańimaa,,auto,
ápta,36,aapta,,auto,
bhásate,36,bhaasate,,auto,
bhaviśyati,36,bhavishyati,,auto,
cánte,36,chaante,,auto,
dayáḿ,36,dayaam,,auto,
dhamádhamá,36,dhamaadhamaa,,auto,
ekká,36,ekkaa,,auto,
Kánthi,36,Kaanthi,,auto,
Karańa,36,Karańa,,auto,
Karmánta,36,Karmaanta,,auto,
kumárii,36,kumaarii,,auto,
mánuś,36,maanush,,auto,
Nat́arája,36,Nataraaja,,auto,
Páńd́aváshcaeva,36,Paańdavaashchaeva,,auto,
parastád,36,parastaad,,auto,
Pratyaváya,36,Pratyavaaya,,auto,
Puruśabháva,36,Purushabhaava,,auto,
rájá,36,raajaa,,auto,
samádhis,36,samaadhis,,auto,
samána,36,samaana,,auto,
Saḿhitá,36,Samhitaa,,auto,
Shaevácára,36,Shaevaachaara,,auto,
Shaḿkara's,36,Shamkara's,,auto,
stúyate,36,stooyate,,auto,
t́á,36,taa,,auto,
támasikii,36,taamasikii,,auto,
Tiivrashaktisampátena,36,Tiivrashaktisampaatena,,auto,
Váyu,36,Vaayu,,auto,
Ájiiva,35,aajiiva,,auto,
ám,35,aam,,auto,
antaryámitva,35,antaryaamitva,,auto,
Attá,35,Attaa,,auto,
bhoktavyaḿ,35,bhoktavyam,,auto,
Deyaḿ,35,Deyam,,auto,
Gayásura,35,Gayaasura,,auto,
jágrata,35,jaagrata,,auto,
japakriyá,35,japakriyaa,,auto,
Krśńer,35,Krshńer,,auto,
krtaḿ,35,krtam,,auto,
Mananát,35,Mananaat,,auto,
manuśyánáḿ,35,manushyaanaam,,auto,
Matsyendrásana,35,Matsyendraasana,,auto,
Múla,35,Moola,,auto,
pratiśt́hitam,35,pratishthitam,,auto,
prayantyabhisaḿvishanti,35,prayantyabhisamvishanti,,auto,
rájasika,35,raajasika,,auto,
sádhavah,35,saadhavah,,auto,
Sámaveda,35,Saamaveda,,auto,
sáttvikii,35,saattvikii,,auto,
sáyujya,35,saayujya,,auto,
sheś,35,shesh,,auto,
Shreyán,35,Shreyaan,,auto,
sindhupátre,35,sindhupaatre,,auto,
Vijayánanda,35,Vijayaananda,,auto,
Vishvamáyá,35,Vishvamaayaa,,auto,
Aeshvaryaiṋca,34,Aeshvaryaiṋcha,,auto,
ájiiva,34,aajiiva,,auto,
antahkarańa,34,antahkarańa,,auto,
aparávidyá,34,aparaavidyaa,,auto,
Árya,34,aarya,,auto,
Bráhmańa,34,Braahmańa,,auto,
Brahmasvarúpa,34,Brahmasvaroopa,,auto,
dadyát,34,dadyaat,,auto,
durgaḿ,34,durgam,,auto,
dvaetaváda,34,dvaetavaada,,auto,
Gaoŕiiya,34,Gaoŕiiya,,auto,
juŕiyá,34,juŕiyaa,,auto,
Karmádhyakśa,34,Karmaadhyakshaa,,auto,
kumŕá,34,kumŕaa,,auto,
laiyá,34,laiyaa,,auto,
mahápátakiis,34,mahaapaatakiis,,auto,
márutah,34,maarutah,,auto,
Miimámsá,34,Miimaamsaa,,auto,
Náma,34,Naama,,auto,
parikránti,34,parikraanti,,auto,
Páshabaddho,34,Paashabaddho,,auto,
prakáshitah,34,prakaashitah,,auto,
prápti,34,praapti,,auto,
puruśas,34,purushas,,auto,
rájyena,34,raajyena,,auto,
Shaktisampátena,34,Shaktisampaatena,,auto,
udána,34,udaana,,auto,
ábhoga,33,aabhoga,,auto,
ádi,33,aadi,,auto,
Aeḿ,33,Aem,,auto,
ahorátram,33,ahoraatram,,auto,
akśara,33,akshaara,,auto,
Aśádha,33,Ashaadha,,auto,
áshá,33,aashaa,,auto,
Áus,33,aaus,,auto,
Bháratii,33,Bhaaratii,,auto,
Brahmaeváhamiti,33,Brahmaevaahamiti,,auto,
ekágra,33,ekaagra,,auto,
Gańd́akii,33,Gańdakii,,auto,
grháńa,33,grhaańa,,auto,
jagaddhitáya,33,jagaddhitaaya,,auto,
kajjalaḿ,33,kajjalam,,auto,
klrḿ,33,klrm,,auto,
Krśńá,33,Krshńaa,,auto,
kśatriya-,33,kshaatriya-,,auto,
madhuvidyá,33,madhuvidyaa,,auto,
Maháprabhu,33,Mahaaprabhu,,auto,
Maháviira,33,Mahaaviira,,auto,
Maháviśńu,33,Mahaavishńu,,auto,
Maháyána,33,Mahaayaana,,auto,
Márkańd́eya,33,Maarkańdeya,,auto,
morá,33,moraa,,auto,
Nirakśara,33,Nirakshaara,,auto,
pańd́itáh,33,pańditaah,,auto,
phat́,33,phat,,auto,
Práńáh,33,Praańaah,,auto,
pranásha,33,pranaasha,,auto,
Raiṋjaná,33,Raiṋjanaa,,auto,
Sabái,33,Sabaai,,auto,
shástrah,33,shaastrah,,auto,
suśumná,33,sushumnaa,,auto,
Svádhyáya,33,Svaadhyaaya,,auto,
Vásudevasya,33,Vaasudevasya,,auto,
yái,33,yaai,,auto,
Ábhiiravámanayanápahrtamánasáya,32,aabhiiravaamanayanaapahrtamaanasaaya,,auto,
ácáryas,32,aachaaryas,,auto,
Amávasyá,32,Amaavasyaa,,auto,
arańi,32,arańi,,auto,
áse,32,aase,,auto,
áyurveda,32,aayurveda,,auto,
Brahmavidyá,32,Brahmavidyaa,,auto,
dvitiiyáya,32,dvitiiyaaya,,auto,
etadviduramrtáste,32,etadviduramrtaaste,,auto,
Gáńapatya,32,Gaańapatya,,auto,
gáy,32,gaay,,auto,
kalpitá,32,kalpitaa,,auto,
khamúrtti,32,khamoortti,,auto,
lági,32,laagi,,auto,
latágulme,32,lataagulme,,auto,
liuṋga,32,liuṋga,,auto,
mamatá,32,mamataa,,auto,
Matsyamudrá,32,Matsyamudraa,,auto,
Pradhána,32,Pradhaana,,auto,
práńáyámah,32,praańaayaamah,,auto,
purashcarańa,32,purashcarańa,,auto,
sádhusamágamam,32,saadhusamaagamam,,auto,
sáhityikas,32,saahityikas,,auto,
Saḿkalpa,32,Samkalpa,,auto,
sarvapáshaeh,32,sarvapaashaeh,,auto,
shántih,32,shaantih,,auto,
sthirabhúmi,32,sthirabhoomi,,auto,
súkśma,32,sookshama,,auto,
tamoguńii,32,tamoguńii,,auto,
Tasmát,32,Tasmaat,,auto,
thákbe,32,thaakbe,,auto,
Vaeśńavácára,32,Vaeshńavaachaara,,auto,
vikránti,32,vikraanti,,auto,
vyápaka,32,vyaapaka,,auto,
Vyápaka,32,Vyaapaka,,auto,
Ánandam,31,aanandam,,auto,
Atimánasa,31,Atimaanasa,,auto,
baŕa,31,baŕa,,auto,
ciḿŕi,31,chimŕi,,auto,
háoyá,31,haaoyaa,,auto,
kámabiija,31,kaamabiija,,auto,
kávya,31,kaavya,,auto,
kuryát,31,kuryaat,,auto,
lá,31,laa,,auto,
manáḿsi,31,manaamsi,,auto,
manuśya,31,manushya,,auto,
múd́ha,31,moodha,,auto,
Mudrás,31,Mudraas,,auto,
mukhamásiit,31,mukhamaasiit,,auto,
nága,31,naaga,,auto,
nátha,31,naatha,,auto,
Parábhakti,31,Paraabhakti,,auto,
Párthasárathi's,31,Paarthasaarathi's,,auto,
pat́ol,31,patol,,auto,
Puruśottamah,31,Purushottamah,,auto,
Ratnákarastava,31,Ratnaakarastava,,auto,
saiṋjihánastu,31,saiṋjihaanastu,,auto,
Samája,31,Samaaja,,auto,
saḿkalpátmaka,31,samkalpaatmaka,,auto,
sarvabhútántarátmá,31,sarvabhootaantaraatmaa,,auto,
shrutidásye,31,shrutidaasye,,auto,
smarańa,31,smarańa,,auto,
svádhyáya,31,svaadhyaaya,,auto,
t́a,31,ta,,auto,
t́ak,31,tak,,auto,
takraḿ,31,takram,,auto,
Tasyábhidhyánát,31,Tasyaabhidhyaanaat,,auto,
tiśt́hati,31,tishthati,,auto,
vedá,31,vedaa,,auto,
yasmádudyate,31,yasmaadudyate,,auto,
ákútih,30,aakootih,,auto,
Árśa,30,aarsha,,auto,
átmajiṋánam,30,aatmajnyaaanam,,auto,
Avadhútiká,30,Avadhootikaa,,auto,
bhántamanubháti,30,bhaantamanubhaati,,auto,
bhúr,30,bhoor,,auto,
bhútale,30,bhootale,,auto,
Brahmaváda,30,Brahmavaada,,auto,
Cayaniká,30,Chayanikaa,,auto,
Diikśá,30,Diikshaaa,,auto,
Dvá,30,Dvaa,,auto,
Eśo,30,Esho,,auto,
Etaddhyevákśaraḿ,30,Etaddhyevaakshaaram,,auto,
grhińii,30,grhińii,,auto,
hrdayánivah,30,hrdayaanivah,,auto,
Iishvaragrása,30,Iishvaragraasa,,auto,
jágrti,30,jaagrti,,auto,
jánáti,30,jaanaati,,auto,
játi,30,jaati,,auto,
karmadháraya,30,karmadhaaraya,,auto,
Maháyánii,30,Mahaayaanii,,auto,
Naciketá,30,Nachiketaa,,auto,
Nivedayámi,30,Nivedayaami,,auto,
Paiṋca,30,Paiṋcha,,auto,
Pará,30,Paraa,,auto,
páraḿ,30,paaram,,auto,
pisháca,30,pishaacha,,auto,
prajáh,30,prajaah,,auto,
prájiṋah,30,praajnyaah,,auto,
Rávańasya,30,Raavańasya,,auto,
Rśis,30,Rshis,,auto,
śad́aja,30,shadaja,,auto,
sakháyá,30,sakhaayaa,,auto,
Satyanáráyańa,30,Satyanaaraayańa,,auto,
shuddhá,30,shuddhaa,,auto,
shúdra-minded,30,shoodra-minded,,auto,
Sukhaḿ,30,Sukham,,auto,
súryo,30,sooryo,,auto,
Svabháva,30,Svabhaava,,auto,
tomári,30,tomaari,,auto,
Umá,30,Umaa,,auto,
Vaecitryaḿ,30,Vaechitryam,,auto,
vaktá,30,vaktaa,,auto,
Vámá,30,Vaamaa,,auto,
Varńas,30,Varńas,,auto,
varńe,30,varńe,,auto,
vicára,30,vichaara,,auto,
viháya,30,vihaaya,,auto,
Viśńuh,30,Vishńuh,,auto,
Vyásasya,30,Vyaasasya,,auto,
yaḿ,30,yam,,auto,
Ácáryá,29,aachaaryaa,,auto,
akliśt́ávrtti,29,aklishtaavrtti,,auto,
akśa,29,akshaa,,auto,
aḿ,29,am,,auto,
anushásana,29,anushaasana,,auto,
bhálabási,29,bhaalabaasi,,auto,
Ciinácára,29,Chiinaachaara,,auto,
dáo,29,daao,,auto,
dhruvásmrti,29,dhruvaasmrti,,auto,
eko'varńo,29,eko'varńo,,auto,
gách,29,gaach,,auto,
gúd́hah,29,goodhah,,auto,
Guńa,29,Guńa,,auto,
Hariyánavii,29,Hariyaanavii,,auto,
hat́ha,29,hatha,,auto,
Janmaná,29,Janmanaa,,auto,
káler,29,kaaler,,auto,
khoká,29,khokaa,,auto,
láu,29,laau,,auto,
Mataiṋca,29,Mataiṋcha,,auto,
niraiṋjanam,29,niraiṋjanam,,auto,
Oṋm,29,omm,,auto,
Paiṋcamakára,29,Paiṋchamakaara,,auto,
páshamukto,29,paashamukto,,auto,
piitaḿ,29,piitam,,auto,
Pratyagátmá,29,Pratyagaatmaa,,auto,
pumánasi,29,pumaanasi,,auto,
purodhás,29,purodhaas,,auto,
Rágátmiká,29,Raagaatmikaa,,auto,
Rája,29,Raaja,,auto,
Rájyaḿ,29,Raajyam,,auto,
sabár,29,sabaar,,auto,
samagraiṋca,29,samagraiṋcha,,auto,
sammatá,29,sammataa,,auto,
sarvabhútádhivásah,29,sarvabhootaadhivaasah,,auto,
Sarvacintáparityágo,29,Sarvachintaaparityaago,,auto,
Sháktácára,29,Shaaktaachaara,,auto,
tadá,29,tadaa,,auto,
váhurájanyo'bhavat,29,vaahuraajanyo'bhavat,,auto,
varńáshrama,29,varńaashrama,,auto,
vyána,29,vyaana,,auto,
yár,29,yaar,,auto,
yuiṋj,29,yuiṋj,,auto,
Ágataḿ,28,aagatam,,auto,
Ahiḿsá,28,Ahimsaa,,auto,
Anubhútaviśayásampramośah,28,Anubhootavishayaasampramoshah,,auto,
Apána,28,Apaana,,auto,
aparokśa,28,aparokshaa,,auto,
atipátakiis,28,atipaatakiis,,auto,
auṋga,28,auṋga,,auto,
bhavenmuktirasatsaungeśu,28,bhavenmuktirasatsaungeshu,,auto,
dveśa,28,dvesha,,auto,
Etadálambanaḿ,28,Etadaalambanam,,auto,
gá,28,gaa,,auto,
Hládinii,28,Hlaadinii,,auto,
jaesá,28,jaesaa,,auto,
jáy,28,jaay,,auto,
karmáshaya,28,karmaashaya,,auto,
Kárttik,28,Kaarttik,,auto,
kotháy,28,kothaay,,auto,
krtvá,28,krtvaa,,auto,
mánuśe,28,maanushe,,auto,
mátál,28,maataal,,auto,
Máyáy,28,Maayaay,,auto,
mokśaekasádhanam,28,mokshaaekasaadhanam,,auto,
pásha,28,paasha,,auto,
pashcáter,28,pashchaater,,auto,
pippalaḿ,28,pippalam,,auto,
púrńa,28,poorńa,,auto,
Rádhiká,28,Raadhikaa,,auto,
rajahguńa,28,rajahguńa,,auto,
rákśasii,28,raakshaasii,,auto,
sákśii,28,saakshaii,,auto,
samán,28,samaan,,auto,
samavetá,28,samavetaa,,auto,
saḿshayah,28,samshayah,,auto,
samudbhútah,28,samudbhootah,,auto,
saḿyojanii,28,samyojanii,,auto,
Sanátana,28,Sanaatana,,auto,
santośa,28,santosha,,auto,
shántimatyantameti,28,shaantimatyantameti,,auto,
Shúnyaváda,28,Shoonyavaada,,auto,
svadhá,28,svadhaa,,auto,
talliuṋgam,28,talliuṋgam,,auto,
tiśt́hámi,28,tishthaami,,auto,
váda,28,vaada,,auto,
vibhájanii,28,vibhaajanii,,auto,
viirabhávah,28,viirabhaavah,,auto,
yáo,28,yaao,,auto,
áinu,27,aainu,,auto,
ákáshatattva,27,aakaashatattva,,auto,
Aśt́áuṋga,27,Ashtaauṋga,,auto,
bat́e,27,bate,,auto,
cátmánaḿ,27,chaatmaanam,,auto,
cenmokśasádhanii,27,chenmokshaasaadhanii,,auto,
Dashamahávidyá,27,Dashamahaavidyaa,,auto,
dhármika,27,dhaarmika,,auto,
Durlabhaḿ,27,Durlabham,,auto,
gándhára,27,gaandhaara,,auto,
ghat́ana,27,ghatana,,auto,
guŕ,27,guŕ,,auto,
Jagaddhátrii,27,Jagaddhaatrii,,auto,
kál,27,kaal,,auto,
Káshyapa,27,Kaashyapa,,auto,
kaśt́i,27,kashti,,auto,
kśema,27,kshaema,,auto,
mahántam,27,mahaantam,,auto,
mán,27,maan,,auto,
mármika,27,maarmika,,auto,
Mathitvá,27,Mathitvaa,,auto,
naktamutośaso,27,naktamutoshaso,,auto,
Namámi,27,Namaami,,auto,
Niiláiṋjana,27,Niilaaiṋjana,,auto,
niśt́há,27,nishthaa,,auto,
Nityaḿ,27,Nityam,,auto,
Nrsiḿhaḿ,27,Nrsimham,,auto,
páńi,27,paańi,,auto,
páp,27,paap,,auto,
Paránurakti,27,Paraanurakti,,auto,
parikiirttitaḿ,27,parikiirttitam,,auto,
pariveśt́itáraḿ,27,pariveshtitaaram,,auto,
Prati-saiṋcara,27,Prati-saiṋchara,,auto,
Pratiśt́há,27,Pratishthaa,,auto,
proktá,27,proktaa,,auto,
Puruśottamáya,27,Purushottamaaya,,auto,
rái,27,raai,,auto,
rasagollás,27,rasagollaas,,auto,
saḿsáre,27,samsaare,,auto,
sárathiḿ,27,saarathim,,auto,
Shraddhá,27,Shraddhaa,,auto,
shúkariiviśt́há,27,shookariivishthaa,,auto,
shúnya,27,shoonya,,auto,
súrya,27,soorya,,auto,
Svayambhú,27,Svayambhoo,,auto,
Tadapekśá,27,Tadapekshaaa,,auto,
tádrshii,27,taadrshii,,auto,
tandrá,27,tandraa,,auto,
t́ha,27,tha,,auto,
trinayaná,27,trinayanaa,,auto,
varśa,27,varsha,,auto,
vásanábhánd́a,27,vaasanaabhaanda,,auto,
vikśipta,27,vikshaipta,,auto,
yakśinii,27,yakshainii,,auto,
ahorátra,26,ahoraatra,,auto,
Ámbhasii,26,aambhasii,,auto,
Anubhútiḿ,26,Anubhootim,,auto,
anudhyána,26,anudhyaana,,auto,
Anuśt́upa,26,Anushtupa,,auto,
aparábhakti,26,aparaabhakti,,auto,
ásh,26,aash,,auto,
auṋka,26,auṋka,,auto,
bhásá,26,bhaasaa,,auto,
bhat́o,26,bhato,,auto,
Bhúmá,26,Bhoomaa,,auto,
bhuvaneshamiid́yam,26,bhuvaneshamiidyam,,auto,
Brahmacárii,26,Brahmachaarii,,auto,
Bráhmin,26,Braahmin,,auto,
Brátya,26,Braatya,,auto,
Cańd́ii,26,Chańdii,,auto,
cháná,26,chaanaa,,auto,
devatánáḿ,26,devataanaam,,auto,
dhará,26,dharaa,,auto,
dhávati,26,dhaavati,,auto,
gái,26,gaai,,auto,
gantavyaḿ,26,gantavyam,,auto,
gataiṋca,26,gataiṋcha,,auto,
guńánámiisha,26,guńaanaamiisha,,auto,
hyáy,26,hyaay,,auto,
jiivitáshayá,26,jiivitaashayaa,,auto,
Kálah,26,Kaalah,,auto,
kándi,26,kaandi,,auto,
kimarthaḿ,26,kimartham,,auto,
Krttivása,26,Krttivaasa,,auto,
kut́ila,26,kutila,,auto,
Kut́ilá,26,Kutilaa,,auto,
Lakśmańa,26,Lakshamańa,,auto,
namaskára,26,namaskaara,,auto,
Naokásana,26,Naokaasana,,auto,
Niilanátha,26,Niilanaatha,,auto,
nirábhásako,26,niraabhaasako,,auto,
padaḿ,26,padam,,auto,
paiṋcamah,26,paiṋchamah,,auto,
parivedaná,26,parivedanaa,,auto,
pramáńam,26,pramaańam,,auto,
pratimá,26,pratimaa,,auto,
puruśaḿ,26,purusham,,auto,
Púrva,26,Poorva,,auto,
rákśasas,26,raakshaasas,,auto,
SÁDHANÁ,26,SaaDHANaa,,auto,
saḿgraheńa,26,samgraheńa,,auto,
Sannyása,26,Sannyaasa,,auto,
Santośa,26,Santosha,,auto,
sarvá,26,sarvaa,,auto,
sáthe,26,saathe,,auto,
sayujá,26,sayujaa,,auto,
shásana,26,shaasana,,auto,
suparńá,26,suparńaa,,auto,
svabhávo,26,svabhaavo,,auto,
svánto,26,svaanto,,auto,
syát,26,syaat,,auto,
tákáy,26,taakaay,,auto,
t́áne,26,taane,,auto,
Tanmátras,26,Tanmaatras,,auto,
tárá,26,taaraa,,auto,
Tvamekaḿ,26,Tvamekam,,auto,
Tyága,26,Tyaaga,,auto,
ú,26,oo,,auto,
vaośat́,26,vaoshat,,auto,
varńas,26,varńas,,auto,
Váyus,26,Vaayus,,auto,
Vikśepa,26,Vikshaepa,,auto,
Yamevaeśa,26,Yamevaesha,,auto,
Yatamána,26,Yatamaana,,auto,
Yávanna,26,Yaavanna,,auto,
ácaret,25,aacharet,,auto,
akhańd́a,25,akhańda,,auto,
álo,25,aalo,,auto,
ańu,25,ańu,,auto,
anushásanam,25,anushaasanam,,auto,
aŕahar,25,aŕahar,,auto,
Asitagirisamaḿ,25,Asitagirisamam,,auto,
bhat́asya,25,bhatasya,,auto,
Brahmásmi,25,Brahmaasmi,,auto,
Dádá,25,Daadaa,,auto,
d́ha,25,dha,,auto,
dúre,25,doore,,auto,
durjanasaḿsargaḿ,25,durjanasamsargam,,auto,
gán,25,gaan,,auto,
ghrńá,25,ghrńaa,,auto,
hám,25,haam,,auto,
jáni,25,jaani,,auto,
kámat́,25,kaamat,,auto,
kanakcánpa,25,kanakchaanpa,,auto,
Kaomára,25,Kaomaara,,auto,
káya,25,kaaya,,auto,
Khayrásol,25,Khayraasol,,auto,
krameńa,25,krameńa,,auto,
kriid́ate,25,kriidate,,auto,
kśipta,25,kshaipta,,auto,
kśiti,25,kshaiti,,auto,
lokán,25,lokaan,,auto,
Mahápuruśa,25,Mahaapurusha,,auto,
mantráh,25,mantraah,,auto,
mánuśaḿ,25,maanusham,,auto,
medhayá,25,medhayaa,,auto,
mudrańam,25,mudrańam,,auto,
nirálambamiishaḿ,25,niraalambamiisham,,auto,
nityamanityatám,25,nityamanityataam,,auto,
nityánandam,25,nityaanandam,,auto,
pápakśayam,25,paapakshaayam,,auto,
paradharmát,25,paradharmaat,,auto,
parńa,25,parńa,,auto,
Phalaḿ,25,Phalam,,auto,
Prasád,25,Prasaad,,auto,
puráńas,25,puraańas,,auto,
saguńásthiti,25,saguńaasthiti,,auto,
śańńáḿ,25,shańńaam,,auto,
satyaḿ,25,satyam,,auto,
Satyaḿ,25,Satyam,,auto,
Shriinátha,25,Shriinaatha,,auto,
Shyámá,25,Shyaamaa,,auto,
Snána,25,Snaana,,auto,
srjámyaham,25,srjaamyaham,,auto,
syádhadhamá,25,syaadhadhamaa,,auto,
táder,25,taader,,auto,
Tasmátdiikśeti,25,Tasmaatdiikshaeti,,auto,
tattvabhávát,25,tattvabhaavaat,,auto,
táttvikas,25,taattvikas,,auto,
vareńyam,25,vareńyam,,auto,
varńamálá,25,varńamaalaa,,auto,
Varńárghyadána,25,Varńaarghyadaana,,auto,
vaśat́,25,vashat,,auto,
vedán,25,vedaan,,auto,
viiryaiṋca,25,viiryaiṋcha,,auto,
vikalpátmaka,25,vikalpaatmaka,,auto,
vishála,25,vishaala,,auto,
Viśńormamatá,25,Vishńormamataa,,auto,
vyásavákya,25,vyaasavaakya,,auto,
acintyarúpam,24,achintyaroopam,,auto,
ágacchati,24,aagacchati,,auto,
álambana,24,aalambana,,auto,
anuráge,24,anuraage,,auto,
Áshcaryo,24,aashcharyo,,auto,
átá,24,aataa,,auto,
Átmani,24,aatmani,,auto,
Átmaopamyena,24,aatmaopamyena,,auto,
avadhána,24,avadhaana,,auto,
avidyámáyá,24,avidyaamaayaa,,auto,
Brhattvád,24,Brhattvaad,,auto,
cásya,24,chaasya,,auto,
Caturbhujá,24,Chaturbhujaa,,auto,
dhiiráh,24,dhiiraah,,auto,
Etávupádhi,24,Etaavupaadhi,,auto,
Evaḿ,24,Evam,,auto,
ghumáy,24,ghumaay,,auto,
ityáhuh,24,ityaahuh,,auto,
Japakriyá,24,Japakriyaa,,auto,
káj,24,kaaj,,auto,
kápás,24,kaapaas,,auto,
kará,24,karaa,,auto,
karmaphalaheturbhúmá,24,karmaphalaheturbhoomaa,,auto,
karuńá,24,karuńaa,,auto,
káryaḿ,24,kaaryam,,auto,
Madálasá,24,Madaalasaa,,auto,
mádhurya,24,maadhurya,,auto,
mahápuruśa,24,mahaapurusha,,auto,
Mahávidyás,24,Mahaavidyaas,,auto,
Maháviśńuváda,24,Mahaavishńuvaada,,auto,
Maháyániis,24,Mahaayaaniis,,auto,
mamapakśiiyáh,24,mamapakshaiiyaah,,auto,
mańipadma,24,mańipadma,,auto,
múlaka,24,moolaka,,auto,
Nábhuktaḿ,24,Naabhuktam,,auto,
Náhaḿ,24,Naaham,,auto,
Nástika,24,Naastika,,auto,
Nidrá,24,Nidraa,,auto,
Nirapekśavedaniiyam,24,Nirapekshaavedaniiyam,,auto,
nirguńásthiti,24,nirguńaasthiti,,auto,
páńd́u,24,paańdu,,auto,
paramá,24,paramaa,,auto,
Paresháḿ,24,Pareshaam,,auto,
pásháh,24,paashaah,,auto,
Pashcimottánásana,24,Pashchimottaanaasana,,auto,
pátakaeh,24,paatakaeh,,auto,
pińd́amutsrjya,24,pińdamutsrjya,,auto,
prákrtadharmah,24,praakrtadharmah,,auto,
pramitáhára,24,pramitaahaara,,auto,
Prańavátmakaḿ,24,Prańavaatmakam,,auto,
Prańavo,24,Prańavo,,auto,
pratisaḿvedii,24,pratisamvedii,,auto,
preśitamánas,24,preshitamaanas,,auto,
ráginii,24,raaginii,,auto,
rasaná,24,rasanaa,,auto,
Rávana,24,Raavana,,auto,
sabái,24,sabaai,,auto,
sádhańa,24,saadhańa,,auto,
Saḿgiita,24,Samgiita,,auto,
saḿsthápana,24,samsthaapana,,auto,
Sarvaḿ,24,Sarvam,,auto,
sattá,24,sattaa,,auto,
sauṋgo'stvakarmańi,24,sauṋgo'stvakarmańi,,auto,
Shákyárańya,24,Shaakyaarańya,,auto,
shrńu,24,shrńu,,auto,
shubháshubham,24,shubhaashubham,,auto,
Shyáma,24,Shyaama,,auto,
syádadhamá,24,syaadadhamaa,,auto,
tanúḿ,24,tanoom,,auto,
Tráńa,24,Traańa,,auto,
Tuṋ,24,Tuṋ,,auto,
upásaná,24,upaasanaa,,auto,
Uttiśt́hata,24,Uttishthata,,auto,
Vaesheśika,24,Vaesheshika,,auto,
vikśepii,24,vikshaepii,,auto,
Vishvarúpánanda,24,Vishvaroopaananda,,auto,
Vyána,24,Vyaana,,auto,
yába,24,yaaba,,auto,
Yádrshii,24,Yaadrshii,,auto,
yajiṋas,24,yajnyaas,,auto,
yasmád,24,yasmaad,,auto,
ánandaḿ,23,aanandam,,auto,
Andhaḿ,23,Andham,,auto,
Ásana,23,aasana,,auto,
bálakádapi,23,baalakaadapi,,auto,
barán,23,baraan,,auto,
Bat́uka,23,Batuka,,auto,
bhajibár,23,bhajibaar,,auto,
bhákhá,23,bhaakhaa,,auto,
Brahmárpańaḿ,23,Brahmaarpańam,,auto,
Brahmásmiiti,23,Brahmaasmiiti,,auto,
cágnih,23,chaagnih,,auto,
cáo,23,chaao,,auto,
dhátu,23,dhaatu,,auto,
grhiitvá,23,grhiitvaa,,auto,
guńe,23,guńe,,auto,
guńii,23,guńii,,auto,
játir,23,jaatir,,auto,
Kśatriyan,23,kshaatriyan,,auto,
kumára,23,kumaara,,auto,
Kuńd́alinii,23,Kuńdalinii,,auto,
kyá,23,kyaa,,auto,
nedaḿ,23,nedam,,auto,
nirviśayaḿ,23,nirvishayam,,auto,
Nityánitya,23,Nityaanitya,,auto,
padánáḿ,23,padaanaam,,auto,
paiṋcakośam,23,paiṋchakosham,,auto,
pálita,23,paalita,,auto,
párthivaḿ,23,paarthivam,,auto,
Páshcáttya,23,Paashchaattya,,auto,
pishunatá,23,pishunataa,,auto,
pracakśyate,23,prachakshayate,,auto,
pragatishiiláh,23,pragatishiilaah,,auto,
prakámya,23,prakaamya,,auto,
prakásháya,23,prakaashaaya,,auto,
prápta,23,praapta,,auto,
Rájyavarddhana,23,Raajyavarddhana,,auto,
rathinaḿ,23,rathinam,,auto,
rśabha,23,rshabha,,auto,
Sambhúti,23,Sambhooti,,auto,
saḿskárát,23,samskaaraat,,auto,
sandhyá,23,sandhyaa,,auto,
śaśt́hii,23,shashthii,,auto,
sáthii,23,saathii,,auto,
Shántáya,23,Shaantaaya,,auto,
shariiraḿ,23,shariiram,,auto,
shauṋká,23,shauṋkaa,,auto,
Shiitalá,23,Shiitalaa,,auto,
svanuśt́hitát,23,svanushthitaat,,auto,
svarńamayaerapi,23,svarńamayaerapi,,auto,
tallakśyamucyate,23,tallakshayamucyate,,auto,
tapasá,23,tapasaa,,auto,
Tasmáddharma,23,Tasmaaddharma,,auto,
Tattvabhávát,23,Tattvabhaavaat,,auto,
Triguńátmiká,23,Triguńaatmikaa,,auto,
vacanaḿ,23,vachanam,,auto,
viińá,23,viińaa,,auto,
virát́a,23,viraata,,auto,
visheśo,23,vishesho,,auto,
yábe,23,yaabe,,auto,
Yuktiyuktamupádeyaḿ,23,Yuktiyuktamupaadeyam,,auto,
ákuti,22,aakuti,,auto,
ámra,22,aamra,,auto,
Ánandáddhyeva,22,aanandaaddhyeva,,auto,
Ananyamamatá,22,Ananyamamataa,,auto,
Atisukhaváda,22,Atisukhavaada,,auto,
átmans,22,aatmans,,auto,
ávesha,22,aavesha,,auto,
Báḿlá,22,Baamlaa,,auto,
bet́á,22,betaa,,auto,
bhánti,22,bhaanti,,auto,
Bhúrloka,22,Bhoorloka,,auto,
Boŕo,22,Boŕo,,auto,
Brahmańáhutam,22,Brahmańaahutam,,auto,
Brahmańi,22,Brahmańi,,auto,
cháyá,22,chaayaa,,auto,
Chot́e,22,Chote,,auto,
Dakśińá,22,Dakshaińaa,,auto,
diirghasútratá,22,diirghasootrataa,,auto,
Dyotamáná,22,Dyotamaanaa,,auto,
eśáḿ,22,eshaam,,auto,
Girijáshrutao,22,Girijaashrutao,,auto,
godhúma,22,godhooma,,auto,
grahashánti,22,grahashaanti,,auto,
Hastasthaḿ,22,Hastastham,,auto,
hát,22,haat,,auto,
Itikathá,22,Itikathaa,,auto,
já,22,jaa,,auto,
jad́asphota,22,jadasphota,,auto,
jaganmithyá,22,jaganmithyaa,,auto,
jáge,22,jaage,,auto,
jáná,22,jaanaa,,auto,
jándár,22,jaandaar,,auto,
janiśyamánah,22,janishyamaanah,,auto,
Jiṋánamishrá,22,Jnyaaanamishraa,,auto,
kabaliká,22,kabalikaa,,auto,
kamat́a,22,kamata,,auto,
Kańáda,22,Kańaada,,auto,
karpat́a,22,karpata,,auto,
kartá,22,kartaa,,auto,
Krśna,22,Krshna,,auto,
ḿ,22,m,,auto,
mahábháva,22,mahaabhaava,,auto,
mantrágháta,22,mantraaghaata,,auto,
Mátlá,22,Maatlaa,,auto,
Nágar,22,Naagar,,auto,
nágena,22,naagena,,auto,
nátra,22,naatra,,auto,
naváni,22,navaani,,auto,
nirguńashca,22,nirguńashca,,auto,
niyatiryadrcchá,22,niyatiryadrcchaa,,auto,
Paoráńik,22,Paoraańik,,auto,
pariśasvajáte,22,parishasvajaate,,auto,
pát,22,paat,,auto,
pat́iiyasii,22,patiiyasii,,auto,
pávanánám,22,paavanaanaam,,auto,
Pránáh,22,Praanaah,,auto,
Prańipáta,22,Prańipaata,,auto,
priyaḿ,22,priyam,,auto,
Puńyam,22,Puńyam,,auto,
Ráhu,22,Raahu,,auto,
Ráti,22,Raati,,auto,
Samána,22,Samaana,,auto,
Saḿgha,22,Samgha,,auto,
Sárantu,22,Saarantu,,auto,
shúdrah,22,shoodrah,,auto,
Sudámá,22,Sudaamaa,,auto,
Tasmáddeva,22,Tasmaaddeva,,auto,
t́hak,22,thak,,auto,
Tileśu,22,Tileshu,,auto,
Trńádapi,22,Trńaadapi,,auto,
Utkat́a,22,Utkata,,auto,
Varńáshrama,22,Varńaashrama,,auto,
Vashiśt́ha,22,Vashishtha,,auto,
Vidyápati,22,Vidyaapati,,auto,
viśaya,22,vishaya,,auto,
yathátmano'bhiiśt́áh,22,yathaatmano'bhiishtaah,,auto,
Yogácára,22,Yogaachaara,,auto,
Yogamáyá,22,Yogamaayaa,,auto,
ánande,21,aanande,,auto,
Ávarańii,21,aavarańii,,auto,
avatáraváda,21,avataaravaada,,auto,
bási,21,baasi,,auto,
Bhasmiibhútasya,21,Bhasmiibhootasya,,auto,
biijaḿ,21,biijam,,auto,
Brahmádvayamasmyaham,21,Brahmaadvayamasmyaham,,auto,
brkśaḿ,21,brkshaam,,auto,
bujhiyá,21,bujhiyaa,,auto,
cenmokśamápnuyát,21,chenmokshaamaapnuyaat,,auto,
Cháyá,21,Chaayaa,,auto,
cikitsá,21,chikitsaa,,auto,
dádá,21,daadaa,,auto,
d́áuṋgá,21,daauṋgaa,,auto,
Deshakálapátraeh,21,Deshakaalapaatraeh,,auto,
Devanágrii,21,Devanaagrii,,auto,
dhánya,21,dhaanya,,auto,
dharańii,21,dharańii,,auto,
Evamátmátmani,21,Evamaatmaatmani,,auto,
gativardhanaḿ,21,gativardhanam,,auto,
Ghrńá,21,Ghrńaa,,auto,
Gurupújanam,21,Gurupoojanam,,auto,
hat́hát,21,hathaat,,auto,
Iiśańibhih,21,Iishańibhih,,auto,
imáni,21,imaani,,auto,
indriyopádhiná,21,indriyopaadhinaa,,auto,
irá,21,iraa,,auto,
ján,21,jaan,,auto,
jána,21,jaana,,auto,
jánámi,21,jaanaami,,auto,
jiṋa,21,jnyaa,,auto,
káche,21,kaache,,auto,
kalpakot́ishataerapi,21,kalpakotishataerapi,,auto,
kápálika,21,kaapaalika,,auto,
karma-sannyása,21,karma-sannyaasa,,auto,
karvat́a,21,karvata,,auto,
kashcidupádhireśah,21,kashchidupaadhireshah,,auto,
kliśt́a,21,klishta,,auto,
kot́i,21,koti,,auto,
Kriyá,21,Kriyaa,,auto,
Málá,21,Maalaa,,auto,
máne,21,maane,,auto,
manuśyáńáḿ,21,manushyaańaam,,auto,
mokśaeka,21,mokshaaeka,,auto,
mokśo,21,mokshao,,auto,
Nemá,21,Nemaa,,auto,
nirákrtaḿ,21,niraakrtam,,auto,
paiṋcamii,21,paiṋchamii,,auto,
Párvati's,21,Paarvati's,,auto,
prájiṋa,21,praajnyaa,,auto,
pramáńa,21,pramaańa,,auto,
puńyamahorátram,21,puńyamahoraatram,,auto,
puruśah,21,purushah,,auto,
rágátmika,21,raagaatmika,,auto,
raoravaḿ,21,raoravam,,auto,
ráśt́ra,21,raashtra,,auto,
rúpá,21,roopaa,,auto,
sabákár,21,sabaakaar,,auto,
Sabár,21,Sabaar,,auto,
sadákárya,21,sadaakaarya,,auto,
saḿskáraja,21,samskaaraja,,auto,
Saḿskaras,21,Samskaras,,auto,
sarvavyápii,21,sarvavyaapii,,auto,
shánac,21,shaanac,,auto,
sharohyátmá,21,sharohyaatmaa,,auto,
shivaḿ,21,shivam,,auto,
shravańa,21,shravańa,,auto,
Shravańáyápi,21,Shravańaayaapi,,auto,
Shrutigocará,21,Shrutigocharaa,,auto,
sukhaḿ,21,sukham,,auto,
sukśmataraḿ,21,sukshamataram,,auto,
Svarúpa,21,Svaroopa,,auto,
táhá,21,taahaa,,auto,
tanmaná,21,tanmanaa,,auto,
Tántrika,21,Taantrika,,auto,
T́hákur,21,Thaakur,,auto,
upadevatá,21,upadevataa,,auto,
upamá,21,upamaa,,auto,
Upaniśads,21,Upanishads,,auto,
Vaeshvánara,21,Vaeshvaanara,,auto,
Varśa,21,Varsha,,auto,
Vásudeva,21,Vaasudeva,,auto,
yadrcchá,21,yadrcchaa,,auto,
yáhá,21,yaahaa,,auto,
yasmát,21,yasmaat,,auto,
Yudhiśt́hira,21,Yudhishthira,,auto,
Ádarsha,20,aadarsha,,auto,
aekśava,20,aekshaava,,auto,
aghat́ana,20,aghatana,,auto,
áhára,20,aahaara,,auto,
Anádyanantamakhilasya,20,Anaadyanantamakhilasya,,auto,
Ardha-Mágadhii,20,Ardha-Maagadhii,,auto,
ásvádaya,20,aasvaadaya,,auto,
Átmajiṋánamidaḿ,20,aatmajnyaaanamidam,,auto,
avatáras,20,avataaras,,auto,
bhadraḿ,20,bhadram,,auto,
Bhańai,20,Bhańai,,auto,
bholá,20,bholaa,,auto,
Bhúdán,20,Bhoodaan,,auto,
Cańd́idása,20,Chańdidaasa,,auto,
cańd́ii,20,chańdii,,auto,
carańa,20,carańa,,auto,
Chinnamastá,20,Chinnamastaa,,auto,
dharmán,20,dharmaan,,auto,
dravyaḿ,20,dravyam,,auto,
ekádashii,20,ekaadashii,,auto,
gáne,20,gaane,,auto,
gharáńá,20,gharaańaa,,auto,
Gopáyate,20,Gopaayate,,auto,
griiśme,20,griishme,,auto,
Guńátiita,20,Guńaatiita,,auto,
guvá,20,guvaa,,auto,
háunar,20,haaunar,,auto,
hrdayáni,20,hrdayaani,,auto,
Játakarma,20,Jaatakarma,,auto,
jiṋátva,20,jnyaaatva,,auto,
kaesá,20,kaesaa,,auto,
Káhńu,20,Kaahńu,,auto,
kalás,20,kalaas,,auto,
Káleṋ,20,Kaaleṋ,,auto,
Krataḿ,20,Kratam,,auto,
kśatriya-dominated,20,kshaatriya-dominated,,auto,
Kśiiyante,20,kshaiiyante,,auto,
liilábháva,20,liilaabhaava,,auto,
Madhyamácára,20,Madhyamaachaara,,auto,
Mádhyamika,20,Maadhyamika,,auto,
Maháráśt́rii,20,Mahaaraashtrii,,auto,
mahátmá,20,mahaatmaa,,auto,
Mainjulá,20,Mainjulaa,,auto,
Mańipura,20,Mańipura,,auto,
manonáthah,20,manonaathah,,auto,
Mármika,20,Maarmika,,auto,
Mitrá,20,Mitraa,,auto,
múrcchá,20,moorcchaa,,auto,
muuṋgá,20,muuṋgaa,,auto,
nábhinnam,20,naabhinnam,,auto,
Nányat,20,Naanyat,,auto,
náyaḿ,20,naayam,,auto,
niitivákyasamanvitam,20,niitivaakyasamanvitam,,auto,
nirváńa,20,nirvaańa,,auto,
non-sádhaka,20,non-saadhaka,,auto,
nyása,20,nyaasa,,auto,
padamámananti,20,padamaamananti,,auto,
pápavinirmukto,20,paapavinirmukto,,auto,
pratirúpo,20,pratiroopo,,auto,
praviśt́o,20,pravishto,,auto,
Ráŕh's,20,Raaŕh's,,auto,
reŕi,20,reŕi,,auto,
sadhaná,20,sadhanaa,,auto,
saguńa,20,saguńa,,auto,
samájah,20,samaajah,,auto,
saḿkránti,20,samkraanti,,auto,
SAḾSKÁRA,20,SAḾSKaaRA,,auto,
saḿvrta,20,samvrta,,auto,
sarvakálaḿ,20,sarvakaalam,,auto,
Sattvaguńii,20,Sattvaguńii,,auto,
saviturvareńyaḿ,20,saviturvareńyam,,auto,
Sethá,20,Sethaa,,auto,
Shriináthe,20,Shriinaathe,,auto,
shrutimúrdhani,20,shrutimoordhani,,auto,
Siḿhapur,20,Simhapur,,auto,
srśt́imátrká,20,srshtimaatrkaa,,auto,
sudurácára,20,suduraachaara,,auto,
súkśmataraḿ,20,sookshamataram,,auto,
súkta,20,sookta,,auto,
tańd́u,20,tańdu,,auto,
tániche,20,taaniche,,auto,
tasmádágama,20,tasmaadaagama,,auto,
tháká,20,thaakaa,,auto,
t́hikre,20,thikre,,auto,
tomáre,20,tomaare,,auto,
upádhiváda,20,upaadhivaada,,auto,
Upavása,20,Upavaasa,,auto,
Uttára,20,Uttaara,,auto,
Vaedikácára,20,Vaedikaachaara,,auto,
Vaeduśyaḿ,20,Vaedushyam,,auto,
Vaeśńaviiya,20,Vaeshńaviiya,,auto,
vartmánuvarttante,20,vartmaanuvarttante,,auto,
Váyavii,20,Vaayavii,,auto,
vivrńute,20,vivrńute,,auto,
vrńiite,20,vrńiite,,auto,
vyákhyána,20,vyaakhyaana,,auto,
yathávah,20,yathaavah,,auto,
yuddhártham,20,yuddhaartham,,auto,
ábhásahánao,19,aabhaasahaanao,,auto,
adhivása,19,adhivaasa,,auto,
Ámár,19,aamaar,,auto,
Ańumáyá,19,Ańumaayaa,,auto,
Ár,19,aar,,auto,
árádhaná,19,aaraadhanaa,,auto,
Asatsauṋgamudrańaḿ,19,Asatsauṋgamudrańam,,auto,
Átma,19,aatma,,auto,
átmajiṋána,19,aatmajnyaaana,,auto,
Átmánaḿ,19,aatmaanam,,auto,
baŕai,19,baŕai,,auto,
Brahmańo,19,Brahmańo,,auto,
candramá,19,chandramaa,,auto,
chátu,19,chaatu,,auto,
dánena,19,daanena,,auto,
dúriikrtá,19,dooriikrtaa,,auto,
ekarśi,19,ekarshi,,auto,
gacchá,19,gacchaa,,auto,
ghuriyá,19,ghuriyaa,,auto,
guńanidhi,19,guńanidhi,,auto,
guńánupátena,19,guńaanupaatena,,auto,
Hariḿ,19,Harim,,auto,
háte,19,haate,,auto,
hyeśa,19,hyesha,,auto,
jagatsákśiirúpaḿ,19,jagatsaakshaiiroopam,,auto,
JIṊÁNA,19,JNYAaaNA,,auto,
juśt́astatastenámrtatvameti,19,jushtastatastenaamrtatvameti,,auto,
Kál,19,Kaal,,auto,
kamalá,19,kamalaa,,auto,
Kányakubja,19,Kaanyakubja,,auto,
karbúra,19,karboora,,auto,
Kiḿpuruśavarśa,19,Kimpurushavarsha,,auto,
krántih,19,kraantih,,auto,
mána,19,maana,,auto,
mánadeyaḿ,19,maanadeyam,,auto,
mánavo,19,maanavo,,auto,
mańipadme,19,mańipadme,,auto,
máre,19,maare,,auto,
más,19,maas,,auto,
náhaḿ,19,naaham,,auto,
nidhánam,19,nidhaanam,,auto,
niśedha,19,nishedha,,auto,
Pańd́á,19,Pańdaa,,auto,
parastát,19,parastaat,,auto,
parávare,19,paraavare,,auto,
parikrántih,19,parikraantih,,auto,
patiináḿ,19,patiinaam,,auto,
Patiḿ,19,Patim,,auto,
phot́e,19,phote,,auto,
Pracáraka,19,Prachaaraka,,auto,
pradátavyaḿ,19,pradaatavyam,,auto,
prájiṋastadyacchejjiṋána,19,praajnyaastadyacchejjnyaaana,,auto,
Pramáńa,19,Pramaańa,,auto,
Prárabhya,19,Praarabhya,,auto,
pratyayamúlaka,19,pratyayamoolaka,,auto,
pravrttimúlaka,19,pravrttimoolaka,,auto,
Púrvohajátah,19,Poorvohajaatah,,auto,
Rágánugá,19,Raagaanugaa,,auto,
ráhu,19,raahu,,auto,
sadákáryah,19,sadaakaaryah,,auto,
Sádhana,19,Saadhana,,auto,
Sádhárańa,19,Saadhaarańa,,auto,
sádhúnám,19,saadhoonaam,,auto,
Saḿyogo,19,Samyogo,,auto,
Sarvacintá,19,Sarvachintaa,,auto,
sarvanásha,19,sarvanaasha,,auto,
sarvanimnaprayojanaḿ,19,sarvanimnaprayojanam,,auto,
smarámah,19,smaraamah,,auto,
Súkśmátisúkśmaḿ,19,Sookshamaatisookshamam,,auto,
susantulitáh,19,susantulitaah,,auto,
sútra,19,sootra,,auto,
tanmátric,19,tanmaatric,,auto,
Tasmáddharmah,19,Tasmaaddharmah,,auto,
tatpuruśa,19,tatpurusha,,auto,
Távanna,19,Taavanna,,auto,
tiirtvá,19,tiirtvaa,,auto,
trayaḿ,19,trayam,,auto,
Tulá,19,Tulaa,,auto,
vádya,19,vaadya,,auto,
Vajratárá,19,Vajrataaraa,,auto,
varńánanekán,19,varńaananekaan,,auto,
veddhavyaḿ,19,veddhavyam,,auto,
vedyaḿ,19,vedyam,,auto,
vettá,19,vettaa,,auto,
vidheyáh,19,vidheyaah,,auto,
vidvána,19,vidvaana,,auto,
Vijiṋánaváda,19,Vijnyaaanavaada,,auto,
vikrántih,19,vikraantih,,auto,
vipariitadháráyaḿ,19,vipariitadhaaraayam,,auto,
virága,19,viraaga,,auto,
abhilása,18,abhilaasa,,auto,
Abhimána,18,Abhimaana,,auto,
abhyása,18,abhyaasa,,auto,
ajáyata,18,ajaayata,,auto,
akála,18,akaala,,auto,
álasya,18,aalasya,,auto,
amánasikeśu,18,amaanasikeshu,,auto,
Ardha-Náriishvara,18,Ardha-Naariishvara,,auto,
átmanah,18,aatmanah,,auto,
Balaráma,18,Balaraama,,auto,
bhiiśańánáḿ,18,bhiishańaanaam,,auto,
Bhrámarii,18,Bhraamarii,,auto,
bhúyashcánte,18,bhooyashchaante,,auto,
Brahmadháma,18,Brahmadhaama,,auto,
Brahmáńd́a,18,Brahmaańda,,auto,
Bráhmańo'sya,18,Braahmańo'sya,,auto,
cádar,18,chaadar,,auto,
caetanyamupajáyate,18,chaetanyamupajaayate,,auto,
cál,18,chaal,,auto,
Cat́t́opádhyáya,18,Chattopaadhyaaya,,auto,
cáy,18,chaay,,auto,
ceŕiis,18,cheŕiis,,auto,
cháŕi,18,chaaŕi,,auto,
chut́e,18,chute,,auto,
cintá,18,chintaa,,auto,
cintyá,18,chintyaa,,auto,
dhiirá,18,dhiiraa,,auto,
diirghanidrá,18,diirghanidraa,,auto,
Ekarśi,18,Ekarshi,,auto,
garimá,18,garimaa,,auto,
ghrtaḿ,18,ghrtam,,auto,
hiináh,18,hiinaah,,auto,
Hirańmaye,18,Hirańmaye,,auto,
imaḿ,18,imam,,auto,
jádyát,18,jaadyaat,,auto,
jaŕa,18,jaŕa,,auto,
jiivakot́is,18,jiivakotis,,auto,
kalái,18,kalaai,,auto,
Kalás,18,Kalaas,,auto,
kalyáńaḿ,18,kalyaańam,,auto,
Kaḿsa,18,Kamsa,,auto,
Kárańamanasi,18,Kaarańamanasi,,auto,
karmaváda,18,karmavaada,,auto,
kiḿcit,18,kimchit,,auto,
krpáhi,18,krpaahi,,auto,
Krśńas,18,Krshńas,,auto,
Krśńastu,18,Krshńastu,,auto,
Krśńasya,18,Krshńasya,,auto,
kulabálá,18,kulabaalaa,,auto,
kushalánushiśt́ah,18,kushalaanushishtah,,auto,
Kusumitá,18,Kusumitaa,,auto,
labhyastasyaeśa,18,labhyastasyaesha,,auto,
lekhá,18,lekhaa,,auto,
Liuṋgate,18,Liuṋgate,,auto,
mám,18,maam,,auto,
Mámananyabhák,18,Maamananyabhaak,,auto,
mánaiṋca,18,maanaiṋcha,,auto,
Mayúrásana,18,Mayooraasana,,auto,
Ná,18,Naa,,auto,
nácite,18,naachite,,auto,
Nityánanda,18,Nityaananda,,auto,
páche,18,paache,,auto,
Paiṋcakośa,18,Paiṋchakosha,,auto,
pańd́,18,pańd,,auto,
pará-bhakti,18,paraa-bhakti,,auto,
Paramágati,18,Paramaagati,,auto,
PARAMÁTMAN,18,PARAMaaTMAN,,auto,
pári,18,paari,,auto,
pátako,18,paatako,,auto,
pracára,18,prachaara,,auto,
Prajápati,18,Prajaapati,,auto,
premasauṋgatá,18,premasauṋgataa,,auto,
rakśakaḿ,18,rakshaakam,,auto,
Ráŕha,18,Raaŕha,,auto,
rathanábhao,18,rathanaabhao,,auto,
Rucirá,18,Ruchiraa,,auto,
Sadguruḿ,18,Sadgurum,,auto,
SÁDHAKA,18,SaaDHAKA,,auto,
sádhakas',18,saadhakas',,auto,
Sahasrára,18,Sahasraara,,auto,
samánáh,18,samaanaah,,auto,
saḿyuktah,18,samyuktah,,auto,
sanátana,18,sanaatana,,auto,
sáradá,18,saaradaa,,auto,
sarvavarńae,18,sarvavarńae,,auto,
shásanam,18,shaasanam,,auto,
siddhánta,18,siddhaanta,,auto,
snána,18,snaana,,auto,
sthúla,18,sthoola,,auto,
svadhistána,18,svadhistaana,,auto,
svajátiiya,18,svajaatiiya,,auto,
svám,18,svaam,,auto,
taelaḿ,18,taelam,,auto,
tathápi,18,tathaapi,,auto,
tattvabhávád,18,tattvabhaavaad,,auto,
Udána,18,Udaana,,auto,
upaniśad,18,upanishad,,auto,
vaiṋcayasi,18,vaiṋchayasi,,auto,
Varuńa,18,Varuńa,,auto,
Vásavii,18,Vaasavii,,auto,
Vauṋga,18,Vauṋga,,auto,
vigatavasaná,18,vigatavasanaa,,auto,
vishvása,18,vishvaasa,,auto,
Vrajabháva,18,Vrajabhaava,,auto,
Vyáyáma,18,Vyaayaama,,auto,
yogábhyáḿ,18,yogaabhyaam,,auto,
Akartá,17,Akartaa,,auto,
Alakśmii,17,Alakshamii,,auto,
Ánandamúrtijii,17,aanandamoortijii,,auto,
anuśt́up,17,anushtup,,auto,
ápnuvan,17,aapnuvan,,auto,
Áryávartta,17,aaryaavartta,,auto,
Áśáŕha,17,aashaaŕha,,auto,
aśt́ao,17,ashtao,,auto,
aśt́apásha,17,ashtapaasha,,auto,
Atiriktaḿ,17,Atiriktam,,auto,
Auṋga,17,Auṋga,,auto,
ávirávirmayaedhi,17,aaviraavirmayaedhi,,auto,
báje,17,baaje,,auto,
BHÁVA,17,BHaaVA,,auto,
Bhávátiitaḿ,17,Bhaavaatiitam,,auto,
bhútani,17,bhootani,,auto,
bhúteśu,17,bhooteshu,,auto,
Brahmaniśt́ho,17,Brahmanishtho,,auto,
cakradháráyám,17,chakradhaaraayaam,,auto,
cakragativardhanaḿ,17,chakragativardhanam,,auto,
cakraniyantrakáh,17,chakraniyantrakaah,,auto,
Caopárań,17,Chaopaarań,,auto,
Caŕaka,17,Chaŕaka,,auto,
cittáni,17,chittaani,,auto,
D́abák,17,Dabaak,,auto,
dásya,17,daasya,,auto,
dayá,17,dayaa,,auto,
dhanasaiṋcayah,17,dhanasaiṋchayah,,auto,
Dharmaráj,17,Dharmaraaj,,auto,
diyá,17,diyaa,,auto,
haiṋá,17,haiṋaa,,auto,
Hariparimańd́ala,17,Hariparimańdala,,auto,
Harśavarddhana,17,Harshavarddhana,,auto,
huyá,17,huyaa,,auto,
jiivátmás,17,jiivaatmaas,,auto,
jiṋánamátmani,17,jnyaaanamaatmani,,auto,
Juśt́astatastenámrtatvameti,17,Jushtastatastenaamrtatvameti,,auto,
Kálacakrayána,17,Kaalachakrayaana,,auto,
kálaharańam,17,kaalaharańam,,auto,
kalyáńa,17,kalyaańa,,auto,
kárańam,17,kaarańam,,auto,
kárańo'payogáh,17,kaarańo'payogaah,,auto,
Káshi,17,Kaashi,,auto,
kevalaḿ,17,kevalam,,auto,
khat́-khat́-khat́,17,khat-khat-khat,,auto,
kiiṋcana,17,kiiṋchana,,auto,
kriid́á,17,kriidaa,,auto,
kśatriyocita,17,kshaatriyochita,,auto,
lolatá,17,lolataa,,auto,
mách,17,maach,,auto,
Mahákaolas,17,Mahaakaolas,,auto,
Mahálakśmii,17,Mahaalakshamii,,auto,
Mánas,17,Maanas,,auto,
Márgiis,17,Maargiis,,auto,
máshucah,17,maashuchah,,auto,
Mitákśará,17,Mitaakshaaraa,,auto,
Nága,17,Naaga,,auto,
Nányah,17,Naanyah,,auto,
násamáhitah,17,naasamaahitah,,auto,
Násha,17,Naasha,,auto,
Náshántamánaso,17,Naashaantamaanaso,,auto,
Návirato,17,Naavirato,,auto,
ńi,17,ńi,,auto,
nútan,17,nootan,,auto,
paiṋcáshat,17,paiṋchaashat,,auto,
Páńd́avas,17,Paańdavas,,auto,
Paoś,17,Paosh,,auto,
Paramaḿ,17,Paramam,,auto,
parityágo,17,parityaago,,auto,
páyjámá,17,paayjaamaa,,auto,
phalasákśiibhútah,17,phalasaakshaiibhootah,,auto,
prajiṋánenaenamápnuyát,17,prajnyaaanenaenamaapnuyaat,,auto,
prakiirttitáh,17,prakiirttitaah,,auto,
Práńán,17,Praańaan,,auto,
práptah,17,praaptah,,auto,
puńyamahorátraḿ,17,puńyamahoraatram,,auto,
Púrńávartanena,17,Poorńaavartanena,,auto,
Purodhá,17,Purodhaa,,auto,
púrvamarśat,17,poorvamarshat,,auto,
Rága,17,Raaga,,auto,
Ráŕhi,17,Raaŕhi,,auto,
Rudrayámala,17,Rudrayaamala,,auto,
sádhuná,17,saadhunaa,,auto,
sadvipráh,17,sadvipraah,,auto,
sáje,17,saaje,,auto,
samagryáḿ,17,samagryaam,,auto,
samáh,17,samaah,,auto,
Samájádeshena,17,Samaajaadeshena,,auto,
samájajiivalakśańam,17,samaajajiivalakshaańam,,auto,
Saḿskrti,17,Samskrti,,auto,
sandhán,17,sandhaan,,auto,
Sarvanimnamánavardhanaḿ,17,Sarvanimnamaanavardhanam,,auto,
sauṋga,17,sauṋga,,auto,
Shánta,17,Shaanta,,auto,
shántáya,17,shaantaaya,,auto,
shástre,17,shaastre,,auto,
sheśáh,17,sheshaah,,auto,
Shúrasena,17,Shoorasena,,auto,
siddhásana,17,siddhaasana,,auto,
śńa,17,shńa,,auto,
srśt́i,17,srshti,,auto,
Sthúlasúkśma,17,Sthoolasookshama,,auto,
Sthúlasúkśmakárańeśu,17,Sthoolasookshamakaarańeshu,,auto,
surápánaḿ,17,suraapaanam,,auto,
suśupti,17,sushupti,,auto,
svarúpińii,17,svaroopińii,,auto,
tanmátrika,17,tanmaatrika,,auto,
tasyásti,17,tasyaasti,,auto,
Thákbe,17,Thaakbe,,auto,
uttarárańi,17,uttaraarańi,,auto,
vácá,17,vaachaa,,auto,
Vaeśńavas,17,Vaeshńavas,,auto,
vańt́anaiṋca,17,vańtanaiṋcha,,auto,
vápi,17,vaapi,,auto,
váráńasii,17,vaaraańasii,,auto,
Varńapradhánatá,17,Varńapradhaanataa,,auto,
Vauṋga-D́abák,17,Vauṋga-Dabaak,,auto,
vicárasamarthitaḿ,17,vichaarasamarthitam,,auto,
vijijiṋásasva,17,vijijnyaaasasva,,auto,
vipariitadháráyáḿ,17,vipariitadhaaraayaam,,auto,
Virát́a,17,Viraata,,auto,
visheśádvá,17,visheshaadvaa,,auto,
Vishvamáyánivrttih,17,Vishvamaayaanivrttih,,auto,
Vyaśt́isamaśt́isháriiramánasádhyátmikasambhávanáyáḿ,17,Vyashtisamashtishaariiramaanasaadhyaatmikasambhaavanaayaam,,auto,
yánti,17,yaanti,,auto,
Yojanát,17,Yojanaat,,auto,
ádhyátmika,16,aadhyaatmika,,auto,
Áji,16,aaji,,auto,
álu,16,aalu,,auto,
ámrá,16,aamraa,,auto,
Ańu,16,Ańu,,auto,
anumána,16,anumaana,,auto,
anusarańa,16,anusarańa,,auto,
Anyaḿ,16,Anyam,,auto,
atipátála,16,atipaataala,,auto,
Átmanastu,16,aatmanastu,,auto,
átmánátma,16,aatmaanaatma,,auto,
bandhyá,16,bandhyaa,,auto,
Bhágavat,16,Bhaagavat,,auto,
bhajámyaham,16,bhajaamyaham,,auto,
bhútebhyo,16,bhootebhyo,,auto,
bráhmańa,16,braahmańa,,auto,
Bráhmańah,16,Braahmańah,,auto,
brahmańo,16,brahmańo,,auto,
Caturbhúta,16,Chaturbhoota,,auto,
chár,16,chaar,,auto,
cidánandaḿ,16,chidaanandam,,auto,
d́ákle,16,daakle,,auto,
deoyá,16,deoyaa,,auto,
Dhanaiṋjaya,16,Dhanaiṋjaya,,auto,
Dharmártha,16,Dharmaartha,,auto,
Dhruvásmrti,16,Dhruvaasmrti,,auto,
Diipajiṋánam,16,Diipajnyaaanam,,auto,
doś,16,dosh,,auto,
Durát,16,Duraat,,auto,
gáb,16,gaab,,auto,
Gáyatrii,16,Gaayatrii,,auto,
grahiitá,16,grahiitaa,,auto,
Guńádhiisha,16,Guńaadhiisha,,auto,
Guńas,16,Guńas,,auto,
haḿ,16,ham,,auto,
haḿsá,16,hamsaa,,auto,
Háriiti,16,Haariiti,,auto,
Hiinayánii,16,Hiinayaanii,,auto,
huṋ,16,huṋ,,auto,
icá,16,ichaa,,auto,
iikśańa,16,iikshaańa,,auto,
Já,16,Jaa,,auto,
jálavániishata,16,jaalavaaniishata,,auto,
Jánakiinátha,16,Jaanakiinaatha,,auto,
japámas,16,japaamas,,auto,
játismara,16,jaatismara,,auto,
jihvá,16,jihvaa,,auto,
jiṋánamishrá,16,jnyaaanamishraa,,auto,
Kálo,16,Kaalo,,auto,
kámán,16,kaamaan,,auto,
káre,16,kaare,,auto,
Kathaḿ,16,Katham,,auto,
káyii,16,kaayii,,auto,
khák,16,khaak,,auto,
kháy,16,khaay,,auto,
kiiṋcit,16,kiiṋchit,,auto,
Końárka,16,Końaarka,,auto,
Krśńatattva,16,Krshńatattva,,auto,
Krtaḿ,16,Krtam,,auto,
kruratá,16,krurataa,,auto,
Kśańika,16,kshaańika,,auto,
Kśemárthe,16,kshaemaarthe,,auto,
kśetra,16,kshaetra,,auto,
láge,16,laage,,auto,
lakśa,16,lakshaa,,auto,
Lakśman,16,Lakshaman,,auto,
latá,16,lataa,,auto,
Madhuvidyá,16,Madhuvidyaa,,auto,
mahábiija,16,mahaabiija,,auto,
mahápuruśas,16,mahaapurushas,,auto,
manuśyáh,16,manushyaah,,auto,
marań,16,marań,,auto,
marańamastu,16,marańamastu,,auto,
márgii,16,maargii,,auto,
mátsarya,16,maatsarya,,auto,
Mayá,16,Mayaa,,auto,
Máya,16,Maaya,,auto,
MÁYÁ,16,MaaYaa,,auto,
Meghavarńá,16,Meghavarńaa,,auto,
Múlá,16,Moolaa,,auto,
múrtipújá,16,moortipoojaa,,auto,
náhika,16,naahika,,auto,
naraliilá,16,naraliilaa,,auto,
Násao,16,Naasao,,auto,
Násti,16,Naasti,,auto,
Nihál,16,Nihaal,,auto,
nirábhásaḿ,16,niraabhaasam,,auto,
nirákárá,16,niraakaaraa,,auto,
Nityabodhaḿ,16,Nityabodham,,auto,
parábindu,16,paraabindu,,auto,
Paramátmani,16,Paramaatmani,,auto,
parokśa,16,parokshaa,,auto,
pátála,16,paataala,,auto,
pávanaḿ,16,paavanam,,auto,
pracakśate,16,prachakshaate,,auto,
prajáyate,16,prajaayate,,auto,
prańavah,16,prańavah,,auto,
Práńáyám,16,Praańaayaam,,auto,
Práńendriya,16,Praańendriya,,auto,
Prárabhyate,16,Praarabhyate,,auto,
pratápa,16,prataapa,,auto,
Pratibimbitashákhágraphalásvádanamodavat,16,Pratibimbitashaakhaagraphalaasvaadanamodavat,,auto,
pratikriyá,16,pratikriyaa,,auto,
pújás,16,poojaas,,auto,
punashcádarshanaḿ,16,punashchaadarshanam,,auto,
púrńamádáya,16,poorńamaadaaya,,auto,
púrńamevávashisyate,16,poorńamevaavashisyate,,auto,
Púrńasya,16,Poorńasya,,auto,
PURUŚOTTAMA,16,PURUŚOTTAMA,,auto,
Rágátmika,16,Raagaatmika,,auto,
rágińii,16,raagińii,,auto,
rájanaetik,16,raajanaetik,,auto,
rakśakánám,16,rakshaakaanaam,,auto,
raḿ,16,ram,,auto,
rámá,16,raamaa,,auto,
rúpe,16,roope,,auto,
rut́i,16,ruti,,auto,
Śad́adarshana,16,Śadadarshana,,auto,
sádhan,16,saadhan,,auto,
saiṋcarah,16,saiṋcharah,,auto,
samávishatu,16,samaavishatu,,auto,
Sambhavámi,16,Sambhavaami,,auto,
saḿsargaḿ,16,samsargam,,auto,
Saḿsrjya,16,Samsrjya,,auto,
sannyásins,16,sannyaasins,,auto,
Sárasvata,16,Saarasvata,,auto,
sarvamávrtya,16,sarvamaavrtya,,auto,
Sarvashúnyaváda,16,Sarvashoonyavaada,,auto,
satyágraha,16,satyaagraha,,auto,
Shauṋkara,16,Shauṋkara,,auto,
Shavashivárúd́há,16,Shavashivaaroodhaa,,auto,
shiiśá,16,shiishaa,,auto,
Shivá,16,Shivaa,,auto,
Shriikrśńa-Kiirtana,16,Shriikrshńa-Kiirtana,,auto,
shuddhaḿ,16,shuddham,,auto,
shváshuŕii,16,shvaashuŕii,,auto,
Suvarńadviipa,16,Suvarńadviipa,,auto,
Svádhá,16,Svaadhaa,,auto,
Tála,16,Taala,,auto,
talátala,16,talaatala,,auto,
Tamiishvaráńáḿ,16,Tamiishvaraańaam,,auto,
Tat́astha,16,Tatastha,,auto,
teṋi,16,teṋi,,auto,
Tiśt́hámi,16,Tishthaami,,auto,
trńamiva,16,trńamiva,,auto,
Trtiiyaḿ,16,Trtiiyam,,auto,
tyága,16,tyaaga,,auto,
upádhikalpito,16,upaadhikalpito,,auto,
upáḿshu,16,upaamshu,,auto,
Utalá,16,Utalaa,,auto,
Vaesháka,16,Vaeshaaka,,auto,
Váhyavastuváda,16,Vaahyavastuvaada,,auto,
váinchati,16,vaainchati,,auto,
váńijya,16,vaańijya,,auto,
Varttamáneśu,16,Varttamaaneshu,,auto,
Vastuváda,16,Vastuvaada,,auto,
vátsalya,16,vaatsalya,,auto,
váunmanasi,16,vaaunmanasi,,auto,
Vikśipta,16,Vikshaipta,,auto,
vinirńayah,16,vinirńayah,,auto,
viśayásaungii,16,vishayaasaungii,,auto,
vishvá,16,vishvaa,,auto,
yadidamupásate,16,yadidamupaasate,,auto,
yáha,16,yaaha,,auto,
Yajiṋas,16,Yajnyaas,,auto,
yakśas,16,yakshaas,,auto,
Ábrahmastamba,15,aabrahmastamba,,auto,
ácára,15,aachaara,,auto,
Ácáryas,15,aachaaryas,,auto,
Ádhára,15,aadhaara,,auto,
Ahalyá,15,Ahalyaa,,auto,
áj,15,aaj,,auto,
Áj,15,aaj,,auto,
aliikavádinam,15,aliikavaadinam,,auto,
Ambiká,15,Ambikaa,,auto,
anantaḿ,15,anantam,,auto,
Anejadekaḿ,15,Anejadekam,,auto,
anutápa,15,anutaapa,,auto,
apámárga,15,apaamaarga,,auto,
Arańi,15,Arańi,,auto,
Aśáŕha,15,Ashaaŕha,,auto,
ásbe,15,aasbe,,auto,
ásoyárii,15,aasoyaarii,,auto,
átapa,15,aatapa,,auto,
Atharvá,15,Atharvaa,,auto,
Atipátaka,15,Atipaataka,,auto,
átma-sukha,15,aatma-sukha,,auto,
Atyágasahano,15,Atyaagasahano,,auto,
báḿka,15,baamka,,auto,
bándá,15,baandaa,,auto,
báṋdhá,15,baaṋdhaa,,auto,
Baraśá,15,Barashaa,,auto,
Bhágavatániha,15,Bhaagavataaniha,,auto,
bhálo,15,bhaalo,,auto,
Bharadvája,15,Bharadvaaja,,auto,
Bhávah,15,Bhaavah,,auto,
bhrátá,15,bhraataa,,auto,
bhúh,15,bhooh,,auto,
bhutánáḿ,15,bhutaanaam,,auto,
brahmá,15,brahmaa,,auto,
Brahmágnao,15,Brahmaagnao,,auto,
Brḿhańatvád,15,Brmhańatvaad,,auto,
cholá,15,cholaa,,auto,
cittáńusrśt́apretadarshanam,15,chittaańusrshtapretadarshanam,,auto,
dakśa,15,dakshaa,,auto,
dakśińá,15,dakshaińaa,,auto,
dása,15,daasa,,auto,
devayánah,15,devayaanah,,auto,
Dhúmaketumiva,15,Dhoomaketumiva,,auto,
Ekamevádvitiiyam,15,Ekamevaadvitiiyam,,auto,
eśańá,15,eshańaa,,auto,
Gaoravaḿ,15,Gaoravam,,auto,
Gauṋgá's,15,Gauṋgaa's,,auto,
há-há-há-há,15,haa-haa-haa-haa,,auto,
Hitárthe,15,Hitaarthe,,auto,
hitáya,15,hitaaya,,auto,
iikśá,15,iikshaaa,,auto,
játam,15,jaatam,,auto,
kaháyasi,15,kahaayasi,,auto,
kalpanáhiinamekam,15,kalpanaahiinamekam,,auto,
karálam,15,karaalam,,auto,
kárya,15,kaarya,,auto,
Kathá,15,Kathaa,,auto,
kávyam,15,kaavyam,,auto,
khańd́a,15,khańda,,auto,
kheyál,15,kheyaal,,auto,
Khudá,15,Khudaa,,auto,
Khyát́an,15,Khyaatan,,auto,
kodhaḿ,15,kodham,,auto,
Krpá,15,Krpaa,,auto,
kśudra,15,kshaudra,,auto,
liilánandam,15,liilaanandam,,auto,
Liuṋga,15,Liuṋga,,auto,
mahadádikárańaḿ,15,mahadaadikaarańam,,auto,
Mahántaḿ,15,Mahaantam,,auto,
Mánava,15,Maanava,,auto,
márgiis,15,maargiis,,auto,
Mátá,15,Maataa,,auto,
mat́ar,15,matar,,auto,
mátarishvá,15,maatarishvaa,,auto,
Mauṋgalkávya,15,Mauṋgalkaavya,,auto,
Mrcchiládhátudárvádimúrttáviishvaro,15,Mrcchilaadhaatudaarvaadimoorttaaviishvaro,,auto,
Mrgatrśńámbhasi,15,Mrgatrshńaambhasi,,auto,
mrtyuḿ,15,mrtyum,,auto,
nácáo,15,naachaao,,auto,
nádabindu,15,naadabindu,,auto,
Naerátma,15,Naeraatma,,auto,
nánárthe,15,naanaarthe,,auto,
nidritá,15,nidritaa,,auto,
páiṋcajanya,15,paaiṋchajanya,,auto,
Páńd́u,15,Paańdu,,auto,
paramaiṋca,15,paramaiṋcha,,auto,
PARAMÁTMÁ,15,PARAMaaTMaa,,auto,
parapiid́anam,15,parapiidanam,,auto,
Paripúrńa,15,Paripoorńa,,auto,
pashubháva,15,pashubhaava,,auto,
pátári,15,paataari,,auto,
prajápatih,15,prajaapatih,,auto,
pramatrikońa,15,pramatrikońa,,auto,
premasúryáḿshusámyabhák,15,premasooryaamshusaamyabhaak,,auto,
purákathá,15,puraakathaa,,auto,
puŕána,15,puŕaana,,auto,
purávrtta,15,puraavrtta,,auto,
Púrńamadah,15,Poorńamadah,,auto,
rajaniigandhá,15,rajaniigandhaa,,auto,
rúpaka,15,roopaka,,auto,
SAMÁDHI,15,SAMaaDHI,,auto,
Sámiipya,15,Saamiipya,,auto,
saḿvomanáḿsi,15,samvomanaamsi,,auto,
sámyabhák,15,saamyabhaak,,auto,
Samyauṋmasrńito,15,Samyauṋmasrńito,,auto,
sándhivigráhika,15,saandhivigraahika,,auto,
sándrátma,15,saandraatma,,auto,
sándrátmá,15,saandraatmaa,,auto,
saptasamudráh,15,saptasamudraah,,auto,
Shánto,15,Shaanto,,auto,
SHÁSTRA,15,SHaaSTRA,,auto,
Shobhá,15,Shobhaa,,auto,
shúdrocita,15,shoodrochita,,auto,
shukraḿ,15,shukram,,auto,
shvapacádhamah,15,shvapachaadhamah,,auto,
Siitá,15,Siitaa,,auto,
siḿha,15,simha,,auto,
snátah,15,snaatah,,auto,
Surataruvarashákhá,15,Surataruvarashaakhaa,,auto,
svábhávika,15,svaabhaavika,,auto,
Taddhávato'nyánatyeti,15,Taddhaavato'nyaanatyeti,,auto,
Tamoguńii,15,Tamoguńii,,auto,
tańd́ula,15,tańdula,,auto,
tasminnápo,15,tasminnaapo,,auto,
Trayaḿ,15,Trayam,,auto,
triguńarahitaḿ,15,triguńarahitam,,auto,
tvagryayá,15,tvagryayaa,,auto,
tvátmabhávád,15,tvaatmabhaavaad,,auto,
upádána,15,upaadaana,,auto,
úrdhva,15,oordhva,,auto,
vabhúva,15,vabhoova,,auto,
vaerágyayoshca,15,vaeraagyayoshcha,,auto,
vaeśńavii,15,vaeshńavii,,auto,
Vashiikára,15,Vashiikaara,,auto,
vástavah,15,vaastavah,,auto,
vijátiiya,15,vijaatiiya,,auto,
vitańd́á,15,vitańdaa,,auto,
vrńute,15,vrńute,,auto,
Yádrsho'si,15,Yaadrsho'si,,auto,
yanmayá,15,yanmayaa,,auto,
yathátmano'bhiiśt́ah,15,yathaatmano'bhiishtah,,auto,
Ábhoga,14,aabhoga,,auto,
ácarańa,14,aacharańa,,auto,
áchen,14,aachen,,auto,
ádhidaevika,14,aadhidaevika,,auto,
adrśt́a,14,adrshta,,auto,
Áhára,14,aahaara,,auto,
Ahorátram,14,Ahoraatram,,auto,
akśamálá,14,akshaamaalaa,,auto,
álasyaḿ,14,aalasyam,,auto,
ámáy,14,aamaay,,auto,
Anádimastvaḿ,14,Anaadimastvam,,auto,
ańd́a,14,ańda,,auto,
ánkhi,14,aankhi,,auto,
ápani,14,aapani,,auto,
ápni,14,aapni,,auto,
arańiḿ,14,arańim,,auto,
arthát,14,arthaat,,auto,
Ástika,14,aastika,,auto,
átyantikii,14,aatyantikii,,auto,
avajiṋá,14,avajnyaaa,,auto,
avyayiibháva,14,avyayiibhaava,,auto,
bábá,14,baabaa,,auto,
Balarája,14,Balaraaja,,auto,
Bańiker,14,Bańiker,,auto,
bátul,14,baatul,,auto,
Bhaktirbhagavadbhávaná,14,Bhaktirbhagavadbhaavanaa,,auto,
Bhavadárá,14,Bhavadaaraa,,auto,
Bhávo,14,Bhaavo,,auto,
Bhiiśańam,14,Bhiishańam,,auto,
bhiiśodeti,14,bhiishodeti,,auto,
Bhúmávyápte,14,Bhoomaavyaapte,,auto,
Bhúr,14,Bhoor,,auto,
bhúrloka,14,bhoorloka,,auto,
bhútimicchatá,14,bhootimicchataa,,auto,
Bhúyashcánte,14,Bhooyashchaante,,auto,
Brahma-Sádhaná,14,Brahma-Saadhanaa,,auto,
Brahmakot́i,14,Brahmakoti,,auto,
Brahmasadbháva,14,Brahmasadbhaava,,auto,
cakśuh,14,chakshauh,,auto,
cańd́iká,14,chańdikaa,,auto,
cetá,14,chetaa,,auto,
dál,14,daal,,auto,
Demi-Prákrta,14,Demi-Praakrta,,auto,
dhán,14,dhaan,,auto,
dhárya,14,dhaarya,,auto,
dhyánam,14,dhyaanam,,auto,
Dolyátrá,14,Dolyaatraa,,auto,
duhkháni,14,duhkhaani,,auto,
dukán,14,dukaan,,auto,
gaganasadrshaḿ,14,gaganasadrsham,,auto,
gáyante,14,gaayante,,auto,
gopáh,14,gopaah,,auto,
guńayantraka,14,guńayantraka,,auto,
Gurusakásha,14,Gurusakaasha,,auto,
Hanumána,14,Hanumaana,,auto,
hát́,14,haat,,auto,
hát́e,14,haate,,auto,
Hiḿsá,14,Himsaa,,auto,
hirańyamaya,14,hirańyamaya,,auto,
hitakárińii,14,hitakaarińii,,auto,
Iishádyamáyá,14,Iishaadyamaayaa,,auto,
jaháti,14,jahaati,,auto,
Jánakiináthe,14,Jaanakiinaathe,,auto,
jánte,14,jaante,,auto,
jánvar,14,jaanvar,,auto,
Japastúti,14,Japastooti,,auto,
játobhavasi,14,jaatobhavasi,,auto,
jiirńadand́ena,14,jiirńadandena,,auto,
jugupsá,14,jugupsaa,,auto,
Kalá,14,Kalaa,,auto,
kalpitaḿ,14,kalpitam,,auto,
Kalyáńamastu,14,Kalyaańamastu,,auto,
kanyá,14,kanyaa,,auto,
kartrtvaḿ,14,kartrtvam,,auto,
Káyapráńe,14,Kaayapraańe,,auto,
káyasthas,14,kaayasthas,,auto,
kháni,14,khaani,,auto,
Kharośt́hi,14,Kharoshthi,,auto,
Kiḿ,14,Kim,,auto,
Kliśt́á,14,Klishtaa,,auto,
Kśititattva,14,kshaititattva,,auto,
kuiṋjavana,14,kuiṋjavana,,auto,
Kulakuńd́alinii,14,Kulakuńdalinii,,auto,
Kulaḿ,14,Kulam,,auto,
kuŕi,14,kuŕi,,auto,
liit́i,14,liiti,,auto,
liuṋgam,14,liuṋgam,,auto,
mágga,14,maagga,,auto,
mahadahaḿ,14,mahadaham,,auto,
Mahákálaḿ,14,Mahaakaalam,,auto,
Mahávidyá,14,Mahaavidyaa,,auto,
Maháviśńuḿ,14,Mahaavishńum,,auto,
mánas,14,maanas,,auto,
mánav,14,maanav,,auto,
Mandákinii,14,Mandaakinii,,auto,
máthá,14,maathaa,,auto,
mátraeva,14,maatraeva,,auto,
Máyádhiisha,14,Maayaadhiisha,,auto,
Máyávádins,14,Maayaavaadins,,auto,
máyer,14,maayer,,auto,
miśt́i,14,mishti,,auto,
Mokśakárańasamagryáḿ,14,Mokshaakaarańasamagryaam,,auto,
mokśam,14,mokshaam,,auto,
mrdauṋga,14,mrdauṋga,,auto,
múliibhútá,14,mooliibhootaa,,auto,
múrdhańi,14,moordhańi,,auto,
Múrtipújá,14,Moortipoojaa,,auto,
náce,14,naache,,auto,
nakśattra,14,nakshaattra,,auto,
námt́i,14,naamti,,auto,
Náráyań,14,Naaraayań,,auto,
náthah,14,naathah,,auto,
nityanivrttá,14,nityanivrttaa,,auto,
Nyáyát,14,Nyaayaat,,auto,
páda,14,paada,,auto,
Paiṋcamendriya,14,Paiṋchamendriya,,auto,
Paiṋcamendriyanigrahah,14,Paiṋchamendriyanigrahah,,auto,
páná,14,paanaa,,auto,
Páńd́avashcaeva,14,Paańdavashchaeva,,auto,
Páńd́eya,14,Paańdeya,,auto,
Paráshakti,14,Paraashakti,,auto,
pashcát,14,pashchaat,,auto,
Páshchátya,14,Paashchaatya,,auto,
pátakii,14,paatakii,,auto,
pátra,14,paatra,,auto,
páyu,14,paayu,,auto,
phalákáḿkśii,14,phalaakaamkshaii,,auto,
pracáritam,14,prachaaritam,,auto,
pramána,14,pramaana,,auto,
Pramitáhára,14,Pramitaahaara,,auto,
Prańavátmakánanda,14,Prańavaatmakaananda,,auto,
Pratimá,14,Pratimaa,,auto,
prayantyabhisaḿvishantiiti,14,prayantyabhisamvishantiiti,,auto,
proktavarńástu,14,proktavarńaastu,,auto,
puńyaḿ,14,puńyam,,auto,
rá,14,raa,,auto,
rágánuga,14,raagaanuga,,auto,
rahitáh,14,rahitaah,,auto,
rájasikii,14,raajasikii,,auto,
rájya,14,raajya,,auto,
Rámante,14,Raamante,,auto,
Ráŕhiiya,14,Raaŕhiiya,,auto,
rasátalah,14,rasaatalah,,auto,
ráuṋá,14,raauṋaa,,auto,
Ráy,14,Raay,,auto,
rekhá,14,rekhaa,,auto,
rńátmiká,14,rńaatmikaa,,auto,
sadgurupráptih,14,sadgurupraaptih,,auto,
sádhanam,14,saadhanam,,auto,
sahodará,14,sahodaraa,,auto,
Sálokya,14,Saalokya,,auto,
Sama-samája,14,Sama-samaaja,,auto,
Samádhis,14,Samaadhis,,auto,
Samáj,14,Samaaj,,auto,
Saḿgacchadhvam,14,Samgacchadhvam,,auto,
saḿskáramúlaka,14,samskaaramoolaka,,auto,
samskáras,14,samskaaras,,auto,
Saḿskrt,14,Samskrt,,auto,
samudráh,14,samudraah,,auto,
Saḿvaro,14,Samvaro,,auto,
sará,14,saraa,,auto,
Sáriputta,14,Saariputta,,auto,
sarváuṋgásana,14,sarvaauṋgaasana,,auto,
Śaśt́hii,14,Śashthii,,auto,
Sát,14,Saat,,auto,
satyamápekśikam,14,satyamaapekshaikam,,auto,
shánta,14,shaanta,,auto,
sharańágati,14,sharańaagati,,auto,
Sharmańya,14,Sharmańya,,auto,
Shrávańii,14,Shraavańii,,auto,
shreśt́hiis,14,shreshthiis,,auto,
shrńvanto'pi,14,shrńvanto'pi,,auto,
Siḿha,14,Simha,,auto,
Srśt́icakra,14,Srshtichakra,,auto,
sudhárasa,14,sudhaarasa,,auto,
sukháni,14,sukhaani,,auto,
Sulocaná,14,Sulochanaa,,auto,
surá,14,suraa,,auto,
Súrya,14,Soorya,,auto,
svayaḿ,14,svayam,,auto,
syám,14,syaam,,auto,
Tadá,14,Tadaa,,auto,
taeládhára,14,taelaadhaara,,auto,
táḿ,14,taam,,auto,
Tańd́u,14,Tańdu,,auto,
tánhá,14,taanhaa,,auto,
tanmátrik,14,tanmaatrik,,auto,
Tántrikas,14,Taantrikas,,auto,
tatsaviturvareńyaḿ,14,tatsaviturvareńyam,,auto,
Thákur,14,Thaakur,,auto,
tist́hati,14,tisthati,,auto,
Ugraḿ,14,Ugram,,auto,
Ugratárá,14,Ugrataaraa,,auto,
upádhis,14,upaadhis,,auto,
upavidyá,14,upavidyaa,,auto,
uttamá,14,uttamaa,,auto,
váiṋchati,14,vaaiṋchati,,auto,
Vajrásana,14,Vajraasana,,auto,
Varńáshramabihiinashca,14,Varńaashramabihiinashcha,,auto,
vásaná,14,vaasanaa,,auto,
vedojjvalá,14,vedojjvalaa,,auto,
vidhavá,14,vidhavaa,,auto,
vidhipújana,14,vidhipoojana,,auto,
viditvá,14,viditvaa,,auto,
viiraḿ,14,viiram,,auto,
virajaḿ,14,virajam,,auto,
Vishvátiitaḿ,14,Vishvaatiitam,,auto,
vrajabháva,14,vrajabhaava,,auto,
Yáhá,14,Yaahaa,,auto,
Yájiṋávalkya,14,Yaajnyaaavalkya,,auto,
Yamarája,14,Yamaraaja,,auto,
'Krśńa',13,'Krshńa',,auto,
Abhimánaḿ,13,Abhimaanam,,auto,
acalaḿ,13,achalam,,auto,
Agraháyań,13,Agrahaayań,,auto,
Áhladii,13,aahladii,,auto,
aiṋcati,13,aiṋchati,,auto,
Aiṋjaná,13,Aiṋjanaa,,auto,
Ájke,13,aajke,,auto,
Ánandádhyeva,13,aanandaadhyeva,,auto,
ánb,13,aanb,,auto,
ánte,13,aante,,auto,
áp,13,aap,,auto,
aparájiṋána,13,aparaajnyaaana,,auto,
Asatsauṋga,13,Asatsauṋga,,auto,
asheśatrikońadhárá,13,asheshatrikońadhaaraa,,auto,
Átmasthitaḿ,13,aatmasthitam,,auto,
avadhútas,13,avadhootas,,auto,
ayanáya,13,ayanaaya,,auto,
áyurvaedik,13,aayurvaedik,,auto,
bá,13,baa,,auto,
bahuná,13,bahunaa,,auto,
báhya,13,baahya,,auto,
baŕá,13,baŕaa,,auto,
Bául,13,Baaul,,auto,
Bhaeraváshritá,13,Bhaeravaashritaa,,auto,
bhágya,13,bhaagya,,auto,
bhattá,13,bhattaa,,auto,
bhúti,13,bhooti,,auto,
Brahmacaryaiṋcaranti,13,Brahmacharyaiṋcharanti,,auto,
Brahmahavirbrahmágnao,13,Brahmahavirbrahmaagnao,,auto,
Brahmakarmasamádhiná,13,Brahmakarmasamaadhinaa,,auto,
Brahmavidáḿstathá,13,Brahmavidaamstathaa,,auto,
Brahmavijiṋána,13,Brahmavijnyaaana,,auto,
cá,13,chaa,,auto,
cáltá,13,chaaltaa,,auto,
candratárakam,13,chandrataarakam,,auto,
candratárakaḿ,13,chandrataarakam,,auto,
ceśt́á,13,cheshtaa,,auto,
cháŕá,13,chaaŕaa,,auto,
Citisattá,13,Chitisattaa,,auto,
dán,13,daan,,auto,
dár,13,daar,,auto,
dátárah,13,daataarah,,auto,
dená,13,denaa,,auto,
Dharmarájya,13,Dharmaraajya,,auto,
Dhúmávatii,13,Dhoomaavatii,,auto,
DHYÁNA,13,DHYaaNA,,auto,
dinamána,13,dinamaana,,auto,
divyácára,13,divyaachaara,,auto,
Drśadvatii,13,Drshadvatii,,auto,
durbá,13,durbaa,,auto,
dvitiiyá,13,dvitiiyaa,,auto,
Dvitiiyá,13,Dvitiiyaa,,auto,
Etaerupáyaeryatate,13,Etaerupaayaeryatate,,auto,
evaḿ,13,evam,,auto,
gańapati,13,gańapati,,auto,
gelá,13,gelaa,,auto,
Gopála,13,Gopaala,,auto,
Guńamaya,13,Guńamaya,,auto,
haeyá,13,haeyaa,,auto,
Hamár,13,Hamaar,,auto,
Hiḿsáy,13,Himsaay,,auto,
ihá,13,ihaa,,auto,
ikśu,13,ikshau,,auto,
indriyáńi,13,indriyaańi,,auto,
janiśyamána,13,janishyamaana,,auto,
jáo,13,jaao,,auto,
játá,13,jaataa,,auto,
játaiṋca,13,jaataiṋcha,,auto,
jiivaḿ,13,jiivam,,auto,
JIIVÁTMÁ,13,JIIVaaTMaa,,auto,
jineyá,13,jineyaa,,auto,
kadariiyaḿ,13,kadariiyam,,auto,
kálágnih,13,kaalaagnih,,auto,
karat́a,13,karata,,auto,
kholá,13,kholaa,,auto,
kothá,13,kothaa,,auto,
kot́iguńa,13,kotiguńa,,auto,
kśarátmanáviishate,13,kshaaraatmanaaviishate,,auto,
Kúrma,13,Koorma,,auto,
Kuvacakáh,13,Kuvachakaah,,auto,
lakśye,13,lakshaye,,auto,
liilánanda,13,liilaananda,,auto,
mad-mátále,13,mad-maataale,,auto,
mádhurii,13,maadhurii,,auto,
Mahábháva,13,Mahaabhaava,,auto,
Mámá,13,Maamaa,,auto,
Man-mátále,13,Man-maataale,,auto,
misháy,13,mishaay,,auto,
mitráńi,13,mitraańi,,auto,
MOKŚA,13,MOkshaA,,auto,
nányatheto'sti,13,naanyatheto'sti,,auto,
Náradá,13,Naaradaa,,auto,
ńic,13,ńic,,auto,
nidenkále,13,nidenkaale,,auto,
nirásena,13,niraasena,,auto,
nityaḿ,13,nityam,,auto,
Núrjáhán,13,Noorjaahaan,,auto,
nyátá,13,nyaataa,,auto,
OṊM,13,omM,,auto,
ośadhi,13,oshadhi,,auto,
padbhyám,13,padbhyaam,,auto,
paiṋcabhaotika,13,paiṋchabhaotika,,auto,
paiṋcabhútas,13,paiṋchabhootas,,auto,
paiṋcakośa,13,paiṋchakosha,,auto,
pálki,13,paalki,,auto,
parájiṋána,13,paraajnyaaana,,auto,
paramáńu,13,paramaańu,,auto,
pártha,13,paartha,,auto,
Prájiṋah,13,Praajnyaah,,auto,
pramádáttapaso,13,pramaadaattapaso,,auto,
práńasya,13,praańasya,,auto,
prárthaná,13,praarthanaa,,auto,
Prathamá,13,Prathamaa,,auto,
pratisaḿvedana,13,pratisamvedana,,auto,
Prthá,13,Prthaa,,auto,
punarnavá,13,punarnavaa,,auto,
púrńamidaḿ,13,poorńamidam,,auto,
púrńamudacyate,13,poorńamudacyate,,auto,
Rájarájeshvarii,13,Raajaraajeshvarii,,auto,
Rájasúya,13,Raajasooya,,auto,
rakśa,13,rakshaa,,auto,
Rámeshvara,13,Raameshvara,,auto,
rańe,13,rańe,,auto,
rátrimána,13,raatrimaana,,auto,
ripavastathá,13,ripavastathaa,,auto,
rúp,13,roop,,auto,
rupáca,13,rupaacha,,auto,
Śa,13,Śa,,auto,
Sabáy,13,Sabaay,,auto,
sádhakah,13,saadhakah,,auto,
sádhujiivitáh,13,saadhujiivitaah,,auto,
Sadrshaparińámena,13,Sadrshaparińaamena,,auto,
SAMÁJA,13,SAMaaJA,,auto,
samájamitram,13,samaajamitram,,auto,
Samánam,13,Samaanam,,auto,
sámánya,13,saamaanya,,auto,
Saḿskrtic,13,Samskrtic,,auto,
sáŕá,13,saaŕaa,,auto,
sarpirápah,13,sarpiraapah,,auto,
sevyaḿ,13,sevyam,,auto,
Shambhúliuṋgát,13,Shambhooliuṋgaat,,auto,
shástrer,13,shaastrer,,auto,
shiilaiṋca,13,shiilaiṋcha,,auto,
Shiva-vákya,13,Shiva-vaakya,,auto,
Shivashaktyátmakaḿ,13,Shivashaktyaatmakam,,auto,
Shraddhayá,13,Shraddhayaa,,auto,
Shriinivása,13,Shriinivaasa,,auto,
shubhaiṋcáshubhameva,13,shubhaiṋchaashubhameva,,auto,
smarámas,13,smaraamas,,auto,
so'kśarah,13,so'kshaarah,,auto,
sthápayati,13,sthaapayati,,auto,
Sthúliibhavane,13,Sthooliibhavane,,auto,
stutirnárcaná,13,stutirnaarchanaa,,auto,
Surápán,13,Suraapaan,,auto,
svarúpaparińámátmiká,13,svaroopaparińaamaatmikaa,,auto,
taddivyamacintyarúpaḿ,13,taddivyamachintyaroopam,,auto,
táḿstathaeva,13,taamstathaeva,,auto,
tapáḿsi,13,tapaamsi,,auto,
Tapáḿsi,13,Tapaamsi,,auto,
tapasyá,13,tapasyaa,,auto,
Tasmáducyate,13,Tasmaaducyate,,auto,
tasmát,13,tasmaat,,auto,
tháke,13,thaake,,auto,
Theravádii,13,Theravaadii,,auto,
Tiirthauṋkaras,13,Tiirthauṋkaras,,auto,
Tribhúje,13,Tribhooje,,auto,
uddhár,13,uddhaar,,auto,
upaniśada,13,upanishada,,auto,
úta,13,oota,,auto,
Váda,13,Vaada,,auto,
Vaekuńt́he,13,Vaekuńthe,,auto,
Vaeshákhii,13,Vaeshaakhii,,auto,
vahisthaḿ,13,vahistham,,auto,
varábhaya,13,varaabhaya,,auto,
Varńánanekán,13,Varńaananekaan,,auto,
Vayamádyasya,13,Vayamaadyasya,,auto,
vibhuḿ,13,vibhum,,auto,
Vidáma,13,Vidaama,,auto,
viduśáḿ,13,vidushaam,,auto,
VIDYÁ,13,VIDYaa,,auto,
Vidyádhara,13,Vidyaadhara,,auto,
vidyámupásate,13,vidyaamupaasate,,auto,
vináshaiṋca,13,vinaashaiṋcha,,auto,
Vináshena,13,Vinaashena,,auto,
virúpa,13,viroopa,,auto,
Visheśa,13,Vishesha,,auto,
Vishiśt́ádvaetaváda,13,Vishishtaadvaetavaada,,auto,
vrkśasama,13,vrkshaasama,,auto,
Vyásadeva,13,Vyaasadeva,,auto,
Vyavaháreńa,13,Vyavahaareńa,,auto,
Yacchedváuṋmanasii,13,Yacchedvaauṋmanasii,,auto,
Abhidhyána,12,Abhidhyaana,,auto,
acára,12,achaara,,auto,
Ácárańát,12,aachaarańaat,,auto,
ácha,12,aacha,,auto,
ádhibhaotik,12,aadhibhaotik,,auto,
Advaetavádiis,12,Advaetavaadiis,,auto,
Agraháyana,12,Agrahaayana,,auto,
áji,12,aaji,,auto,
Ákashabhúta,12,aakashabhoota,,auto,
Akliśt́á,12,Aklishtaa,,auto,
ámáke,12,aamaake,,auto,
áncaŕe,12,aanchaŕe,,auto,
Ańimá,12,Ańimaa,,auto,
Ápan,12,aapan,,auto,
Apánipádo,12,Apaanipaado,,auto,
Apará,12,Aparaa,,auto,
arádhaná,12,araadhanaa,,auto,
Aráiva,12,Araaiva,,auto,
Áryávarta,12,aaryaavarta,,auto,
astáuṋga,12,astaauṋga,,auto,
atimánas,12,atimaanas,,auto,
Átmamokśárthaḿ,12,aatmamokshaaartham,,auto,
átmanastu,12,aatmanastu,,auto,
attánám,12,attaanaam,,auto,
Avarńa,12,Avarńa,,auto,
avishvása,12,avishvaasa,,auto,
Ayamátmá,12,Ayamaatmaa,,auto,
báhire,12,baahire,,auto,
bahudháshaktiyogád,12,bahudhaashaktiyogaad,,auto,
balaḿ,12,balam,,auto,
baláni,12,balaani,,auto,
baliyá,12,baliyaa,,auto,
bánshiir,12,baanshiir,,auto,
báppá,12,baappaa,,auto,
Baŕa,12,Baŕa,,auto,
Bhágiirathii,12,Bhaagiirathii,,auto,
bharańa,12,bharańa,,auto,
bhárebháre,12,bhaarebhaare,,auto,
bhásayate,12,bhaasayate,,auto,
bháte,12,bhaate,,auto,
Bhavámbodhipotam,12,Bhavaambodhipotam,,auto,
bhavámi,12,bhavaami,,auto,
bhaván,12,bhavaan,,auto,
bhávátiitayoh,12,bhaavaatiitayoh,,auto,
bhaveduśńá,12,bhavedushńaa,,auto,
Bhayánáḿ,12,Bhayaanaam,,auto,
bhiiśańa,12,bhiishańa,,auto,
bhiiśańamiti,12,bhiishańamiti,,auto,
bhikśus,12,bhikshaus,,auto,
bhramamúlam,12,bhramamoolam,,auto,
Bhúmácitte,12,Bhoomaachitte,,auto,
bhútaḿ,12,bhootam,,auto,
Bhútaḿ,12,Bhootam,,auto,
bhútatattva,12,bhootatattva,,auto,
biŕi,12,biŕi,,auto,
Brahmacáriis,12,Brahmachaariis,,auto,
brahmánandaḿ,12,brahmaanandam,,auto,
budhyá,12,budhyaa,,auto,
Byadhá,12,Byadhaa,,auto,
cakśu,12,chakshau,,auto,
Cańd́iidása,12,Chańdiidaasa,,auto,
cánta,12,chaanta,,auto,
cátmahano,12,chaatmahano,,auto,
chalaná,12,chalanaa,,auto,
chaŕá,12,chaŕaa,,auto,
cittayorprańáshe,12,chittayorprańaashe,,auto,
cittayuktáham,12,chittayuktaaham,,auto,
Cuncŕo,12,Chuncŕo,,auto,
cúrńiibhútáni,12,choorńiibhootaani,,auto,
Dakśa,12,Dakshaa,,auto,
Dakśa's,12,Dakshaa's,,auto,
dakśińaḿ,12,dakshaińam,,auto,
dánta,12,daanta,,auto,
dápan,12,daapan,,auto,
darpańa,12,darpańa,,auto,
Dása,12,Daasa,,auto,
dashá,12,dashaa,,auto,
Dashá,12,Dashaa,,auto,
Dekhilám,12,Dekhilaam,,auto,
devatátattva,12,devataatattva,,auto,
dhárińii,12,dhaarińii,,auto,
Dharmárthakámamokśárthaḿ,12,Dharmaarthakaamamokshaaartham,,auto,
Diipauṋkar,12,Diipauṋkar,,auto,
dolá,12,dolaa,,auto,
d́ube,12,dube,,auto,
dut́i,12,duti,,auto,
dvaetádvaeta,12,dvaetaadvaeta,,auto,
Ekastathá,12,Ekastathaa,,auto,
ekaváda,12,ekavaada,,auto,
Eko'haḿ,12,Eko'ham,,auto,
Gaońii,12,Gaońii,,auto,
Gopiibháva,12,Gopiibhaava,,auto,
grhńáti,12,grhńaati,,auto,
GUŃA,12,GUŃA,,auto,
gúŕhah,12,gooŕhah,,auto,
gurubhái,12,gurubhaai,,auto,
gurubhrátá,12,gurubhraataa,,auto,
haoḿ,12,haom,,auto,
Haritadhánya,12,Haritadhaanya,,auto,
hetháy,12,hethaay,,auto,
Hiinayániis,12,Hiinayaaniis,,auto,
Hirańyakashipu,12,Hirańyakashipu,,auto,
icchábiija,12,icchaabiija,,auto,
iccháte,12,icchaate,,auto,
iccháy,12,icchaay,,auto,
Indriyáńám,12,Indriyaańaam,,auto,
Jad́a,12,Jada,,auto,
jad́áni,12,jadaani,,auto,
jad́atá,12,jadataa,,auto,
jágirdari,12,jaagirdari,,auto,
jatabhái,12,jatabhaai,,auto,
jiirńani,12,jiirńani,,auto,
jiirńányáni,12,jiirńaanyaani,,auto,
Kadácit,12,Kadaachit,,auto,
Káka,12,Kaaka,,auto,
Kákacaiṋcu,12,Kaakachaiṋchu,,auto,
Kála,12,Kaala,,auto,
kalávatára,12,kalaavataara,,auto,
Kámera,12,Kaamera,,auto,
kańt́ha,12,kańtha,,auto,
karmáni,12,karmaani,,auto,
Kartrtvábhimána,12,Kartrtvaabhimaana,,auto,
kaś,12,kash,,auto,
Káshmiirii,12,Kaashmiirii,,auto,
káziis,12,kaaziis,,auto,
kená,12,kenaa,,auto,
kerámat,12,keraamat,,auto,
khádati,12,khaadati,,auto,
khájá,12,khaajaa,,auto,
khat́-khat́-khat́-khat́,12,khat-khat-khat-khat,,auto,
khuṋjiyá,12,khuṋjiyaa,,auto,
Kińvádibhyoh,12,Kińvaadibhyoh,,auto,
Klishyantastapasáh,12,Klishyantastapasaah,,auto,
kliśt́á,12,klishtaa,,auto,
Kopái,12,Kopaai,,auto,
kośe,12,koshe,,auto,
Krśńa-Yajurveda,12,Krshńa-Yajurveda,,auto,
Krśńanám,12,Krshńanaam,,auto,
Kśantavyaḿ,12,kshaantavyam,,auto,
kśatriya-minded,12,kshaatriya-minded,,auto,
kuńd́a,12,kuńda,,auto,
laohamayaerpáshaeh,12,laohamayaerpaashaeh,,auto,
lokácáro,12,lokaachaaro,,auto,
lokashikśá,12,lokashikshaaa,,auto,
madhyáh,12,madhyaah,,auto,
Madhyámá,12,Madhyaamaa,,auto,
mahadprábalye,12,mahadpraabalye,,auto,
mahadprańáshe,12,mahadprańaashe,,auto,
Mahásambhútis,12,Mahaasambhootis,,auto,
Maheshvaraḿ,12,Maheshvaram,,auto,
Málayálam,12,Maalayaalam,,auto,
mámá,12,maamaa,,auto,
manasásaha,12,manasaasaha,,auto,
mánavástadá,12,maanavaastadaa,,auto,
máńik,12,maańik,,auto,
Mánomaya,12,Maanomaya,,auto,
mánuśasya,12,maanushasya,,auto,
mánuśjáti,12,maanushjaati,,auto,
manuśyametastao,12,manushyametastao,,auto,
Mataḿ,12,Matam,,auto,
máteva,12,maateva,,auto,
Mátr,12,Maatr,,auto,
mestá,12,mestaa,,auto,
mocá,12,mochaa,,auto,
Moŕi,12,Moŕi,,auto,
muiṋca,12,muiṋcha,,auto,
mukhaḿ,12,mukham,,auto,
muktidátá,12,muktidaataa,,auto,
múrtti,12,moortti,,auto,
náci,12,naachi,,auto,
ńaka,12,ńaka,,auto,
námakarańa,12,naamakarańa,,auto,
Námakarańa,12,Naamakarańa,,auto,
nandanaḿ,12,nandanam,,auto,
nántarátman,12,naantaraatman,,auto,
Náráyan,12,Naaraayan,,auto,
Naráyańa,12,Naraayańa,,auto,
Náráyańa-hood,12,Naaraayańa-hood,,auto,
Náráyańii,12,Naaraayańii,,auto,
náŕii,12,naaŕii,,auto,
naro'paráńi,12,naro'paraańi,,auto,
nidi-dhyásana,12,nidi-dhyaasana,,auto,
nirálambamiisham,12,niraalambamiisham,,auto,
nirguńásthitih,12,nirguńaasthitih,,auto,
nityabháva,12,nityabhaava,,auto,
Nityánandaḿ,12,Nityaanandam,,auto,
nivrttimúlaka,12,nivrttimoolaka,,auto,
oḿ,12,om,,auto,
oṋḿkara,12,ommkara,,auto,
Oṋḿkára-Brahma,12,ommkaara-Brahma,,auto,
pádah,12,paadah,,auto,
paeshácikii,12,paeshaachikii,,auto,
páhi,12,paahi,,auto,
Páiṋcabhaotika,12,Paaiṋchabhaotika,,auto,
páńd́ava,12,paańdava,,auto,
páńd́eya,12,paańdeya,,auto,
pápam,12,paapam,,auto,
paramasukhadaḿ,12,paramasukhadam,,auto,
parińámabhútáńi,12,parińaamabhootaańi,,auto,
Parthasárathi,12,Parthasaarathi,,auto,
Pashcáte,12,Pashchaate,,auto,
Pashyatyacakśuh,12,Pashyatyachakshauh,,auto,
Phalákáḿkśá,12,Phalaakaamkshaaa,,auto,
Phalasákśiibhútah,12,Phalasaakshaiibhootah,,auto,
Pitáka,12,Pitaaka,,auto,
plushiná,12,plushinaa,,auto,
Prakásha,12,Prakaasha,,auto,
pramáńaváditayá,12,pramaańavaaditayaa,,auto,
pramátrikońas,12,pramaatrikońas,,auto,
práńináḿ,12,praańinaam,,auto,
Prárambhika,12,Praarambhika,,auto,
Prárthanárcaná,12,Praarthanaarchanaa,,auto,
Prátah,12,Praatah,,auto,
pratihanyamánáh,12,pratihanyamaanaah,,auto,
pratisaiṋcarah,12,pratisaiṋcharah,,auto,
Pratisaḿvedii,12,Pratisamvedii,,auto,
premasvarúpińii,12,premasvaroopińii,,auto,
pretyábhigacchanti,12,pretyaabhigacchanti,,auto,
proktaḿ,12,proktam,,auto,
puńyaeh,12,puńyaeh,,auto,
purnarágamanaḿ,12,purnaraagamanam,,auto,
rákśasa,12,raakshaasa,,auto,
Ráma's,12,Raama's,,auto,
Ráŕher,12,Raaŕher,,auto,
Ráŕiiya,12,Raaŕiiya,,auto,
ráter,12,raater,,auto,
Ratnákar,12,Ratnaakar,,auto,
ráuṋgáile,12,raauṋgaaile,,auto,
Rńaḿkrtá,12,Rńamkrtaa,,auto,
rśis',12,rshis',,auto,
Ruimách-pat́ol,12,Ruimaach-patol,,auto,
Rúpa,12,Roopa,,auto,
rupeńa,12,rupeńa,,auto,
sadávrata,12,sadaavrata,,auto,
sádháná,12,saadhaanaa,,auto,
śad́ripu,12,shadripu,,auto,
saguńásthitih,12,saguńaasthitih,,auto,
sahasramárii,12,sahasramaarii,,auto,
sáhityik,12,saahityik,,auto,
saiṋcare,12,saiṋchare,,auto,
samágamam,12,samaagamam,,auto,
Samánaḿ,12,Samaanam,,auto,
samásavákya,12,samaasavaakya,,auto,
Samavetáh,12,Samavetaah,,auto,
saḿgacchadhvam,12,samgacchadhvam,,auto,
Sammohitaḿ,12,Sammohitam,,auto,
Samprajiṋáta,12,Samprajnyaaata,,auto,
saḿskárah,12,samskaarah,,auto,
saḿsthitá,12,samsthitaa,,auto,
Saḿvrtti,12,Samvrtti,,auto,
saḿyáti,12,samyaati,,auto,
Sannyásins,12,Sannyaasins,,auto,
santamivátmánaḿ,12,santamivaatmaanam,,auto,
Saptamaḿ,12,Saptamam,,auto,
sarvajanahitárthaḿ,12,sarvajanahitaartham,,auto,
sarvajanasukhárthaḿ,12,sarvajanasukhaartham,,auto,
sarvakálam,12,sarvakaalam,,auto,
Sarvavyápii,12,Sarvavyaapii,,auto,
sattvaguńii,12,sattvaguńii,,auto,
savikalpasamádhih,12,savikalpasamaadhih,,auto,
Seshvaraváda,12,Seshvaravaada,,auto,
Sháhjahán,12,Shaahjahaan,,auto,
shaktiranantaviiryá,12,shaktiranantaviiryaa,,auto,
sharanaḿ,12,sharanam,,auto,
shariiráni,12,shariiraani,,auto,
Sháuṋkara,12,Shaauṋkara,,auto,
shivo'haḿ,12,shivo'ham,,auto,
Shońpur,12,Shońpur,,auto,
shúnyaḿ,12,shoonyam,,auto,
shúnyavádináḿ,12,shoonyavaadinaam,,auto,
Shúnyavádins,12,Shoonyavaadins,,auto,
śńik,12,shńik,,auto,
Sonár,12,Sonaar,,auto,
stasyaeśa,12,stasyaesha,,auto,
Sthápana,12,Sthaapana,,auto,
Sukhamanantamánandam,12,Sukhamanantamaanandam,,auto,
sukhashiitalá,12,sukhashiitalaa,,auto,
svádhiinatá,12,svaadhiinataa,,auto,
svádvattyan,12,svaadvattyan,,auto,
svádvattyanashnannanyo,12,svaadvattyanashnannanyo,,auto,
Svajátiiya,12,Svajaatiiya,,auto,
svapnaḿ,12,svapnam,,auto,
svarúpehamátma,12,svaroopehamaatma,,auto,
svayambhú,12,svayambhoo,,auto,
tamasávrtáh,12,tamasaavrtaah,,auto,
tammátras,12,tammaatras,,auto,
Táḿste,12,Taamste,,auto,
T́ánle,12,Taanle,,auto,
TANMÁTRA,12,TANMaaTRA,,auto,
tanmátram,12,tanmaatram,,auto,
Tárakabrahma,12,Taarakabrahma,,auto,
Tárápada,12,Taaraapada,,auto,
tári,12,taari,,auto,
tasthúrya,12,tasthoorya,,auto,
tátparya,12,taatparya,,auto,
táttvika,12,taattvika,,auto,
tháiṋ,12,thaaiṋ,,auto,
tiirthamidaḿ,12,tiirthamidam,,auto,
tiirthayátrádiná,12,tiirthayaatraadinaa,,auto,
Tomáre,12,Tomaare,,auto,
Tripitáka,12,Tripitaaka,,auto,
trisaḿsár,12,trisamsaar,,auto,
Upaniśad,12,Upanishad,,auto,
upáy,12,upaay,,auto,
Upáya,12,Upaaya,,auto,
upayogatattvamidaḿ,12,upayogatattvamidam,,auto,
uttamáh,12,uttamaah,,auto,
Uttarárańi,12,Uttaraarańi,,auto,
vácaka,12,vaachaka,,auto,
Vádaráyana,12,Vaadaraayana,,auto,
Vaedyanátha,12,Vaedyanaatha,,auto,
Vákya,12,Vaakya,,auto,
váńii,12,vaańii,,auto,
Vardhamána,12,Vardhamaana,,auto,
vareńyaḿ,12,vareńyam,,auto,
Vásáḿsi,12,Vaasaamsi,,auto,
vibhágena,12,vibhaagena,,auto,
Videhiimánase,12,Videhiimaanase,,auto,
vidyámáyá,12,vidyaamaayaa,,auto,
vighnavihatáh,12,vighnavihataah,,auto,
viguńa,12,viguńa,,auto,
vijánáti,12,vijaanaati,,auto,
viváha,12,vivaaha,,auto,
vrkśa,12,vrkshaa,,auto,
vyatrńat,12,vyatrńat,,auto,
vyomá,12,vyomaa,,auto,
Yamuná,12,Yamunaa,,auto,
Yashodá-Nanda,12,Yashodaa-Nanda,,auto,
yatheśt́am,12,yatheshtam,,auto,
Yávajjiivet,12,Yaavajjiivet,,auto,
yogakśemád,12,yogakshaemaad,,auto,
yuśamáná,12,yushamaanaa,,auto,
Abhibhávanát,11,Abhibhaavanaat,,auto,
abhiiśt́a,11,abhiishta,,auto,
Abhiiśt́a,11,Abhiishta,,auto,
ácho,11,aacho,,auto,
Adarshanádápatitah,11,Adarshanaadaapatitah,,auto,
Ádhyátmayogádhigamena,11,aadhyaatmayogaadhigamena,,auto,
áila,11,aaila,,auto,
Ajámekáḿ,11,Ajaamekaam,,auto,
Ájiṋa,11,aajnyaa,,auto,
Anáhata,11,Anaahata,,auto,
Ánando,11,aanando,,auto,
Ańd́a,11,Ańda,,auto,
Ańorańiiyánmahato,11,Ańorańiiyaanmahato,,auto,
Anubhúti,11,Anubhooti,,auto,
asádhuḿ,11,asaadhum,,auto,
Ashriiraḿ,11,Ashriiram,,auto,
ási,11,aasi,,auto,
Ásiino,11,aasiino,,auto,
asmákam,11,asmaakam,,auto,
Aśt́ádashapuráńeśu,11,Ashtaadashapuraańeshu,,auto,
átma,11,aatma,,auto,
átmika,11,aatmika,,auto,
avadhútiká,11,avadhootikaa,,auto,
Áy,11,aay,,auto,
báhádur,11,baahaadur,,auto,
Bájár,11,Baajaar,,auto,
bájáy,11,baajaay,,auto,
bájila,11,baajila,,auto,
bándhá,11,baandhaa,,auto,
bandhanát,11,bandhanaat,,auto,
bandhyásuto,11,bandhyaasuto,,auto,
bánsharii,11,baansharii,,auto,
bául,11,baaul,,auto,
bedáná,11,bedaanaa,,auto,
Bhadrakálii,11,Bhadrakaalii,,auto,
bhádu,11,bhaadu,,auto,
bhádute,11,bhaadute,,auto,
bhágavatániha,11,bhaagavataaniha,,auto,
Bhágavate,11,Bhaagavate,,auto,
bhágyabán,11,bhaagyabaan,,auto,
Bhaktiránandarúpá,11,Bhaktiraanandaroopaa,,auto,
Bhavábdhikarńadhárakaḿ,11,Bhavaabdhikarńadhaarakam,,auto,
bhávas,11,bhaavas,,auto,
bhavyácca,11,bhavyaaccha,,auto,
bhayárttináshakárakam,11,bhayaarttinaashakaarakam,,auto,
Bhiiśasmádváyuh,11,Bhiishasmaadvaayuh,,auto,
Bhoktá,11,Bhoktaa,,auto,
bhútácca,11,bhootaaccha,,auto,
bhúya,11,bhooya,,auto,
biná,11,binaa,,auto,
Bolán,11,Bolaan,,auto,
Brahmáhamiti,11,Brahmaahamiti,,auto,
bráhmana,11,braahmana,,auto,
Brahmańosya,11,Brahmańosya,,auto,
Brahmasthána,11,Brahmasthaana,,auto,
brḿhańatvád,11,brmhańatvaad,,auto,
Brthá,11,Brthaa,,auto,
byajánat,11,byajaanat,,auto,
Caetanyarahitáh,11,Chaetanyarahitaah,,auto,
cetasá,11,chetasaa,,auto,
dá,11,daa,,auto,
dakśińa,11,dakshaińa,,auto,
dháre,11,dhaare,,auto,
dharmádanyatrádharmadanyatrásmát,11,dharmaadanyatraadharmadanyatraasmaat,,auto,
Dharmapála,11,Dharmapaala,,auto,
dhármik,11,dhaarmik,,auto,
D́oman,11,Doman,,auto,
draśt́a,11,drashta,,auto,
dravińaḿ,11,dravińam,,auto,
drśt́a,11,drshta,,auto,
drśt́e,11,drshte,,auto,
Duhkhaváda,11,Duhkhavaada,,auto,
dúraḿ,11,dooram,,auto,
dushcaritánnánnáshánto,11,dushcharitaannaannaashaanto,,auto,
ektárá,11,ektaaraa,,auto,
gahvareśt́harampuráńam,11,gahvareshtharampuraańam,,auto,
gaiṋja,11,gaiṋja,,auto,
Gájan,11,Gaajan,,auto,
Gándhárii,11,Gaandhaarii,,auto,
Ghánena,11,Ghaanena,,auto,
ghośa,11,ghosha,,auto,
Gopiigań,11,Gopiigań,,auto,
Grdhrakút́a,11,Grdhrakoota,,auto,
guháhitaḿ,11,guhaahitam,,auto,
guńakśobha,11,guńakshaobha,,auto,
Harihána,11,Harihaana,,auto,
hási,11,haasi,,auto,
iirśá,11,iirshaa,,auto,
iṋa,11,iṋa,,auto,
jácche,11,jaacche,,auto,
japámah,11,japaamah,,auto,
játa,11,jaata,,auto,
jhál,11,jhaal,,auto,
jiṋánaprakásháya,11,jnyaaanaprakaashaaya,,auto,
Jiṋáner,11,Jnyaaaner,,auto,
Jiṋánii,11,Jnyaaanii,,auto,
jiṋánis,11,jnyaaanis,,auto,
jiṋátá,11,jnyaaataa,,auto,
jiṋátumarhati,11,jnyaaatumarhati,,auto,
Jvalantaḿ,11,Jvalantam,,auto,
kágaj,11,kaagaj,,auto,
kále,11,kaale,,auto,
kámánale,11,kaamaanale,,auto,
Kaḿsanáráyańa,11,Kamsanaaraayańa,,auto,
Kándi,11,Kaandi,,auto,
kapat́atá,11,kapatataa,,auto,
karmmańi,11,karmmańi,,auto,
káryyaḿ,11,kaaryyam,,auto,
Kastammadámadandevaḿ,11,Kastammadaamadandevam,,auto,
kát́á,11,kaataa,,auto,
Kávya,11,Kaavya,,auto,
Káyena,11,Kaayena,,auto,
Kerá,11,Keraa,,auto,
kháná,11,khaanaa,,auto,
khet́akastayorapohena,11,khetakastayorapohena,,auto,
khudá,11,khudaa,,auto,
Kiḿpuruśa,11,Kimpurusha,,auto,
kot́ii,11,kotii,,auto,
Kriidá,11,Kriidaa,,auto,
krśńa-darshan,11,krshńa-darshan,,auto,
Krśńaprápti,11,Krshńapraapti,,auto,
Krśńasukhaváiṋcá,11,Krshńasukhavaaiṋchaa,,auto,
krtákrtát,11,krtaakrtaat,,auto,
kśamá,11,kshaamaa,,auto,
Kśańamiha,11,kshaańamiha,,auto,
kúla,11,koola,,auto,
Kulácára,11,Kulaachaara,,auto,
lakśakot́ijapaerapi,11,lakshaakotijapaerapi,,auto,
lál,11,laal,,auto,
Liilámaya,11,Liilaamaya,,auto,
loká,11,lokaa,,auto,
Madbhaktá,11,Madbhaktaa,,auto,
maethunaiṋca,11,maethunaiṋcha,,auto,
Mahá,11,Mahaa,,auto,
mahácakra,11,mahaachakra,,auto,
mahájanas,11,mahaajanas,,auto,
mahájyotisvarúpińii,11,mahaajyotisvaroopińii,,auto,
Mahásáḿghika,11,Mahaasaamghika,,auto,
mahiiyánátmásya,11,mahiiyaanaatmaasya,,auto,
Mánuś,11,Maanush,,auto,
Mánuśe,11,Maanushe,,auto,
manusyáh,11,manusyaah,,auto,
mátrká,11,maatrkaa,,auto,
Máyábalkalaḿ,11,Maayaabalkalam,,auto,
Muńd́á,11,Muńdaa,,auto,
Múŕha,11,Mooŕha,,auto,
múŕháh,11,mooŕhaah,,auto,
múrtipújádhamádhamá,11,moortipoojaadhamaadhamaa,,auto,
nád́iis,11,naadiis,,auto,
Nái,11,Naai,,auto,
Namaskár,11,Namaskaar,,auto,
Námer,11,Naamer,,auto,
nánrtaḿ,11,naanrtam,,auto,
nányah,11,naanyah,,auto,
nányathaeva,11,naanyathaeva,,auto,
Náo,11,Naao,,auto,
Narashirakhad́garvarábhayashobhaná,11,Narashirakhadgarvaraabhayashobhanaa,,auto,
Niraiṋjana,11,Niraiṋjana,,auto,
niśt́ha,11,nishtha,,auto,
nityamádantashúnyam,11,nityamaadantashoonyam,,auto,
padbhyáḿshúdrah,11,padbhyaamshoodrah,,auto,
paiṋca,11,paiṋcha,,auto,
paiṋcakośas,11,paiṋchakoshas,,auto,
Páńd́ava,11,Paańdava,,auto,
pápakśayaḿ,11,paapakshaayam,,auto,
pápiis,11,paapiis,,auto,
paŕeche,11,paŕeche,,auto,
paridevaná,11,paridevanaa,,auto,
parikramá,11,parikramaa,,auto,
pát́isápt́á,11,paatisaaptaa,,auto,
Prabháta,11,Prabhaata,,auto,
pradisho'nusarváh,11,pradisho'nusarvaah,,auto,
prańipátena,11,prańipaatena,,auto,
prasráva,11,prasraava,,auto,
prathamá,11,prathamaa,,auto,
PRATISAIṊCARA,11,PRATISAIṊCARA,,auto,
pratisaiṋcare,11,pratisaiṋchare,,auto,
premasúryáḿshu,11,premasooryaamshu,,auto,
premasvarúpinii,11,premasvaroopinii,,auto,
proktáh,11,proktaah,,auto,
puráńo,11,puraańo,,auto,
Purávrttakatháyuktamitihásah,11,Puraavrttakathaayuktamitihaasah,,auto,
puŕi',11,puŕi',,auto,
Puruśadeha,11,Purushadeha,,auto,
Puruśaḿ,11,Purusham,,auto,
Puruśatattva,11,Purushatattva,,auto,
Puruśavisheśa,11,Purushavishesha,,auto,
púrva,11,poorva,,auto,
Rá,11,Raa,,auto,
Rámá,11,Raamaa,,auto,
Rámacaritamánasa,11,Raamacharitamaanasa,,auto,
Rámakrśńa,11,Raamakrshńa,,auto,
Rámeshvarah,11,Raameshvarah,,auto,
Rasajiṋa,11,Rasajnyaa,,auto,
rasátmakaḿ,11,rasaatmakam,,auto,
ratáh,11,rataah,,auto,
ráti,11,raati,,auto,
rupá,11,rupaa,,auto,
sadaevánumatah,11,sadaevaanumatah,,auto,
sadáshucih,11,sadaashuchih,,auto,
sádhanás,11,saadhanaas,,auto,
sádhutá,11,saadhutaa,,auto,
sádhya,11,saadhya,,auto,
sajjanasauṋgatireká,11,sajjanasauṋgatirekaa,,auto,
Sáma,11,Saama,,auto,
samádhiná,11,samaadhinaa,,auto,
samáj,11,samaaj,,auto,
Sámányametad,11,Saamaanyametad,,auto,
saḿkiirtana,11,samkiirtana,,auto,
saḿtyajya,11,samtyajya,,auto,
sannyási,11,sannyaasi,,auto,
Sarvadyotanátmaka,11,Sarvadyotanaatmaka,,auto,
sarván,11,sarvaan,,auto,
Sattár,11,Sattaar,,auto,
sháon,11,shaaon,,auto,
shariireśvanavastheśvavasthitam,11,shariireshvanavastheshvavasthitam,,auto,
sháshvat́oyaḿ,11,shaashvatoyam,,auto,
Shástras,11,Shaastras,,auto,
sheroyánii,11,sheroyaanii,,auto,
Siddhántácára,11,Siddhaantaachaara,,auto,
stadá,11,stadaa,,auto,
stadváyustaducandramá,11,stadvaayustaduchandramaa,,auto,
Sukha-váiṋcá,11,Sukha-vaaiṋchaa,,auto,
surendrapádavandanam,11,surendrapaadavandanam,,auto,
Suvarńaratnamańd́alaḿ,11,Suvarńaratnamańdalam,,auto,
svarúpinii,11,svaroopinii,,auto,
tadápastad,11,tadaapastad,,auto,
Tadevágni,11,Tadevaagni,,auto,
tadrsháya,11,tadrshaaya,,auto,
t́akt́ake,11,taktake,,auto,
taḿstathaeva,11,tamstathaeva,,auto,
Tandurdarshaugúd́hamanupraviśt́am,11,Tandurdarshaugoodhamanupravishtam,,auto,
tatpadamápnoti,11,tatpadamaapnoti,,auto,
teśamadhiko,11,teshamadhiko,,auto,
t́hikáná,11,thikaanaa,,auto,
Uttamá,11,Uttamaa,,auto,
Varddhamán,11,Varddhamaan,,auto,
Varńáshramvihiinashca,11,Varńaashramvihiinashcha,,auto,
varńástu,11,varńaastu,,auto,
Vedáhametaḿ,11,Vedaahametam,,auto,
vibhumátmánaḿ,11,vibhumaatmaanam,,auto,
Vijátiiya,11,Vijaatiiya,,auto,
vijiṋánaván,11,vijnyaaanavaan,,auto,
Vinásha,11,Vinaasha,,auto,
vipashcinnáyaḿ,11,vipashchinnaayam,,auto,
Vrindávan,11,Vrindaavan,,auto,
vrtvá,11,vrtvaa,,auto,
yacchecchántátmani,11,yacchecchaantaatmani,,auto,
Yacchedváunmanasiiprájiṋastadyacchejjiṋána,11,Yacchedvaaunmanasiipraajnyaastadyacchejjnyaaana,,auto,
abháva,10,abhaava,,auto,
Abhávottaránandapratyayálambaniirvrttih,10,Abhaavottaraanandapratyayaalambaniirvrttih,,auto,
abhicákashiiti,10,abhichaakashiiti,,auto,
Ádishiva,10,aadishiva,,auto,
áhá,10,aahaa,,auto,
ahaḿtattvánmahat,10,ahamtattvaanmahat,,auto,
ákanda,10,aakanda,,auto,
álá,10,aalaa,,auto,
Álláh,10,aallaah,,auto,
álok,10,aalok,,auto,
anádánaḿ,10,anaadaanam,,auto,
Ánandasvarúpa,10,aanandasvaroopa,,auto,
anavastháyáḿ,10,anavasthaayaam,,auto,
áncale,10,aanchale,,auto,
Antahkarańa,10,Antahkarańa,,auto,
anuakśara,10,anuakshaara,,auto,
anucchúnyá,10,anucchoonyaa,,auto,
Anucchúnyá,10,Anucchoonyaa,,auto,
Anudhyána,10,Anudhyaana,,auto,
Anujiṋátá,10,Anujnyaaataa,,auto,
anumánáde,10,anumaanaade,,auto,
aparińámii,10,aparińaamii,,auto,
apaváda,10,apavaada,,auto,
arańya,10,arańya,,auto,
arańyánii,10,arańyaanii,,auto,
Ardhadańd́a,10,Ardhadańda,,auto,
asheśátrikońa,10,asheshaatrikońa,,auto,
Asmitá,10,Asmitaa,,auto,
Atasiipuśpavarńábhá,10,Atasiipushpavarńaabhaa,,auto,
átatáyii,10,aatataayii,,auto,
at́ati,10,atati,,auto,
Átmabháva,10,aatmabhaava,,auto,
Átmagotraḿ,10,aatmagotram,,auto,
Átmán,10,aatmaan,,auto,
átmápyaniishah,10,aatmaapyaniishah,,auto,
bahihkarańa,10,bahihkarańa,,auto,
bahuvighnáni,10,bahuvighnaani,,auto,
bápá,10,baapaa,,auto,
bará,10,baraa,,auto,
báye,10,baaye,,auto,
bhaesá,10,bhaesaa,,auto,
Bhaiṋja,10,Bhaiṋja,,auto,
bháńd́árii,10,bhaańdaarii,,auto,
bhará,10,bharaa,,auto,
bháryá,10,bhaaryaa,,auto,
Bháśa,10,Bhaasha,,auto,
bháta,10,bhaata,,auto,
bhávakendrasthitah,10,bhaavakendrasthitah,,auto,
bhavaságara,10,bhavasaagara,,auto,
Bhávátiita,10,Bhaavaatiita,,auto,
bhavyaḿ,10,bhavyam,,auto,
bhútabáhitaḿ,10,bhootabaahitam,,auto,
Bhútalakśańátmakaḿ,10,Bhootalakshaańaatmakam,,auto,
bhútasámyábhávát,10,bhootasaamyaabhaavaat,,auto,
bhútasaungharśádbalam,10,bhootasaungharshaadbalam,,auto,
bhútasaungharśaspandanaḿ,10,bhootasaungharshaspandanam,,auto,
bhuttá,10,bhuttaa,,auto,
bhuvanáni,10,bhuvanaani,,auto,
Brahmánanda,10,Brahmaananda,,auto,
brahmáńd́a,10,brahmaańda,,auto,
Brahmáńii,10,Brahmaańii,,auto,
bráhmiń,10,braahmiń,,auto,
Brhadeśańáprańidhánaḿ,10,Brhadeshańaaprańidhaanam,,auto,
Buŕi,10,Buŕi,,auto,
Buŕoshiva,10,Buŕoshiva,,auto,
Cárvaka,10,Chaarvaka,,auto,
cáś-ábád,10,chaash-aabaad,,auto,
cetanashiilá,10,chetanashiilaa,,auto,
chás,10,chaas,,auto,
chátra,10,chaatra,,auto,
cittáńusamaváyena,10,chittaańusamavaayena,,auto,
Cittát,10,Chittaat,,auto,
dadáti,10,dadaati,,auto,
d́ák,10,daak,,auto,
dáke,10,daake,,auto,
D́ákle,10,Daakle,,auto,
dápana,10,daapana,,auto,
darshanaḿ,10,darshanam,,auto,
Dás,10,Daas,,auto,
Dehakendrikáńi,10,Dehakendrikaańi,,auto,
Devatá,10,Devataa,,auto,
dhanáddharma,10,dhanaaddharma,,auto,
dhanamápnoti,10,dhanamaapnoti,,auto,
dharańa,10,dharańa,,auto,
dhátuprasádánmahimánamátmanah,10,dhaatuprasaadaanmahimaanamaatmanah,,auto,
d́heu,10,dheu,,auto,
Dhyáyennityaḿ,10,Dhyaayennityam,,auto,
diipajiṋána,10,diipajnyaaana,,auto,
diiyá,10,diiyaa,,auto,
draśt́á,10,drashtaa,,auto,
Dvárah,10,Dvaarah,,auto,
dvárer,10,dvaarer,,auto,
dvárii,10,dvaarii,,auto,
Ekágra,10,Ekaagra,,auto,
eklá,10,eklaa,,auto,
galáy,10,galaay,,auto,
gańa,10,gańa,,auto,
gańesha,10,gańesha,,auto,
Garanaháta,10,Garanahaata,,auto,
ghittá,10,ghittaa,,auto,
Giitására,10,Giitaasaara,,auto,
Guhácara,10,Guhaachara,,auto,
guńadháráyám,10,guńadhaaraayaam,,auto,
Guńádhikye,10,Guńaadhikye,,auto,
Guńaprabhávena,10,Guńaprabhaavena,,auto,
guńávakśaye,10,guńaavakshaaye,,auto,
guńávakśayeńa,10,guńaavakshaayeńa,,auto,
guńayantrákashca,10,guńayantraakashcha,,auto,
hántavyáh,10,haantavyaah,,auto,
hanyamáne,10,hanyamaane,,auto,
harahrdivásinii,10,harahrdivaasinii,,auto,
harinám,10,harinaam,,auto,
harśashokao,10,harshashokao,,auto,
háth,10,haath,,auto,
Hat́ha,10,Hatha,,auto,
helayá,10,helayaa,,auto,
hyáptakámá,10,hyaaptakaamaa,,auto,
iishána,10,iishaana,,auto,
iśt́ah,10,ishtah,,auto,
itihásah,10,itihaasah,,auto,
iuṋgita,10,iuṋgita,,auto,
jad́ábhásah,10,jadaabhaasah,,auto,
jad́asphot́ah,10,jadasphotah,,auto,
jád́yát,10,jaadyaat,,auto,
jaeviisattá,10,jaeviisattaa,,auto,
jái,10,jaai,,auto,
jálandhara,10,jaalandhara,,auto,
Jánanti,10,Jaananti,,auto,
japáma,10,japaama,,auto,
jat́á,10,jataa,,auto,
játividyárúpakulakriyádi,10,jaatividyaaroopakulakriyaadi,,auto,
Jhaŕe,10,Jhaŕe,,auto,
JIIVÁTMAN,10,JIIVaaTMAN,,auto,
Jiṋánakanda,10,Jnyaaanakanda,,auto,
Jiṋánasyáyam,10,Jnyaaanasyaayam,,auto,
Juśt́aḿ,10,Jushtam,,auto,
jyotiśtad,10,jyotishtad,,auto,
kadaliipuśpavat,10,kadaliipushpavat,,auto,
Káhńa,10,Kaahńa,,auto,
kálákánd,10,kaalaakaand,,auto,
kálam,10,kaalam,,auto,
Kálikárúpinii,10,Kaalikaaroopinii,,auto,
kamańd́alu,10,kamańdalu,,auto,
kámayate,10,kaamayate,,auto,
kaḿsa,10,kamsa,,auto,
kámya,10,kaamya,,auto,
kapála,10,kapaala,,auto,
kár,10,kaar,,auto,
Karmáńi,10,Karmaańi,,auto,
karmánta,10,karmaanta,,auto,
karńa,10,karńa,,auto,
Kárttikeya,10,Kaarttikeya,,auto,
kat́haḿ,10,katham,,auto,
káyastha,10,kaayastha,,auto,
khá,10,khaa,,auto,
khácche,10,khaacche,,auto,
kháe,10,khaae,,auto,
kháyá,10,khaayaa,,auto,
Kothá,10,Kothaa,,auto,
krpáleshádvá,10,krpaaleshaadvaa,,auto,
krśt́i,10,krshti,,auto,
Kśánta,10,kshaaanta,,auto,
kśayam,10,kshaayam,,auto,
Kśipta,10,kshaipta,,auto,
kúpodaka,10,koopodaka,,auto,
Laghimá,10,Laghimaa,,auto,
Lakśa,10,Lakshaa,,auto,
laḿká,10,lamkaa,,auto,
lokatrikońas,10,lokatrikońas,,auto,
lokáyata,10,lokaayata,,auto,
macchá,10,macchaa,,auto,
Madhyamá,10,Madhyamaa,,auto,
madhyártha,10,madhyaartha,,auto,
Mágh,10,Maagh,,auto,
Mahadahaḿvarjite,10,Mahadahamvarjite,,auto,
Mahadvá,10,Mahadvaa,,auto,
mahájano,10,mahaajano,,auto,
Mahákála,10,Mahaakaala,,auto,
mahámrtyu,10,mahaamrtyu,,auto,
Maheshaḿ,10,Mahesham,,auto,
maheshvaraḿ,10,maheshvaram,,auto,
mahimánamiti,10,mahimaanamiti,,auto,
Mákhanacora,10,Maakhanachora,,auto,
Mallikárjunám,10,Mallikaarjunaam,,auto,
mánasadhátuh,10,maanasadhaatuh,,auto,
Mánasátiite,10,Maanasaatiite,,auto,
mánasik,10,maanasik,,auto,
mánasika,10,maanasika,,auto,
manonáthastu,10,manonaathastu,,auto,
mátra,10,maatra,,auto,
Máyá-ic,10,Maayaa-ic,,auto,
Máyáic,10,Maayaaic,,auto,
merá,10,meraa,,auto,
Mokśo,10,Mokshao,,auto,
Múlakárańa,10,Moolakaarańa,,auto,
myáṋy,10,myaaṋy,,auto,
Nádatanu,10,Naadatanu,,auto,
nád́iirasah,10,naadiirasah,,auto,
náiko,10,naaiko,,auto,
Nália,10,Naalia,,auto,
náme,10,naame,,auto,
namomudrá,10,namomudraa,,auto,
náná,10,naanaa,,auto,
Nará,10,Naraa,,auto,
nárada,10,naarada,,auto,
Náráyańa's,10,Naaraayańa's,,auto,
Násadásiinno,10,Naasadaasiinno,,auto,
Násápána,10,Naasaapaana,,auto,
násiká,10,naasikaa,,auto,
nat́inii,10,natinii,,auto,
návaḿ,10,naavam,,auto,
neshá,10,neshaa,,auto,
nikhilabhayaharaḿ,10,nikhilabhayaharam,,auto,
NIRGUŃA,10,NIRGUŃA,,auto,
nirvikalpasamádhih,10,nirvikalpasamaadhih,,auto,
Nirvisheśa,10,Nirvishesha,,auto,
niśedh,10,nishedh,,auto,
Niśkala,10,Nishkala,,auto,
OṊḾKÁRA,10,omḾKaaRA,,auto,
Oṋḿkáramamaleshvaram,10,ommkaaramamaleshvaram,,auto,
padárthabhedah,10,padaarthabhedah,,auto,
Padmásiinaḿ,10,Padmaasiinam,,auto,
Paesháchii,10,Paeshaachii,,auto,
págal,10,paagal,,auto,
paiṋcaka,10,paiṋchaka,,auto,
Paiṋcakośátmiká,10,Paiṋchakoshaatmikaa,,auto,
paiṋcavaktraḿ,10,paiṋchavaktram,,auto,
Pańd́ita,10,Pańdita,,auto,
pańd́itas,10,pańditas,,auto,
paramátmanah,10,paramaatmanah,,auto,
parapiiŕańam,10,parapiiŕańam,,auto,
Paritráńa,10,Paritraańa,,auto,
paŕiyáche,10,paŕiyaache,,auto,
pásham,10,paasham,,auto,
pashubhirnaráńám,10,pashubhirnaraańaam,,auto,
pátratám,10,paatrataam,,auto,
phalená,10,phalenaa,,auto,
piit́hátmakáni,10,piithaatmakaani,,auto,
Pitrpuruśebhyo,10,Pitrpurushebhyo,,auto,
Prágrasare,10,Praagrasare,,auto,
prakat́,10,prakat,,auto,
prámáńyábhávát,10,praamaańyaabhaavaat,,auto,
pramatrikońas,10,pramatrikońas,,auto,
prárabdha,10,praarabdha,,auto,
pratit́i,10,pratiti,,auto,
Pratyakśaeka,10,Pratyakshaaeka,,auto,
pratyakśaphalabhoktá,10,pratyakshaaphalabhoktaa,,auto,
Pratyaḿjanáḿstist́hate,10,Pratyamjanaamstisthate,,auto,
premasuryáḿshu,10,premasuryaamshu,,auto,
pújiba,10,poojiba,,auto,
puńyopahata,10,puńyopahata,,auto,
Purávrttakatháyuktam,10,Puraavrttakathaayuktam,,auto,
puruśávabhásah,10,purushaavabhaasah,,auto,
puruśeńeha,10,purusheńeha,,auto,
púrvávasthápráptirphalabhogah,10,poorvaavasthaapraaptirphalabhogah,,auto,
Púrvii,10,Poorvii,,auto,
rádhábháva,10,raadhaabhaava,,auto,
Rádheshyáma,10,Raadheshyaama,,auto,
Ráge,10,Raage,,auto,
rajáno,10,rajaano,,auto,
rájáno,10,raajaano,,auto,
rajatagirinibhaḿ,10,rajatagirinibham,,auto,
rajoguńaprábalye,10,rajoguńapraabalye,,auto,
rajoguńii,10,rajoguńii,,auto,
Rakśa,10,Rakshaa,,auto,
rakśasi,10,rakshaasi,,auto,
rákśasi,10,raakshaasi,,auto,
Rámer,10,Raamer,,auto,
ránii,10,raanii,,auto,
Rasagollá,10,Rasagollaa,,auto,
rátri,10,raatri,,auto,
rot́ii,10,rotii,,auto,
Rúh,10,Rooh,,auto,
Rúpátiita,10,Roopaatiita,,auto,
Śad́adośáh,10,Śadadoshaah,,auto,
sádhaká,10,saadhakaa,,auto,
Sahasrapáda,10,Sahasrapaada,,auto,
Sáhu,10,Saahu,,auto,
saiṋcaradháráyáḿ,10,saiṋcharadhaaraayaam,,auto,
sajattá,10,sajattaa,,auto,
Samájists,10,Samaajists,,auto,
Samamantreńa,10,Samamantreńa,,auto,
samantáḿ,10,samantaam,,auto,
samudbhútaḿ,10,samudbhootam,,auto,
Saḿvrddhi,10,Samvrddhi,,auto,
Samyauṋmasrnito,10,Samyauṋmasrnito,,auto,
sannyásis,10,sannyaasis,,auto,
Saoráśt́re,10,Saoraashtre,,auto,
sarśe,10,sarshe,,auto,
Sarvabhútántarátmá,10,Sarvabhootaantaraatmaa,,auto,
sarvagataḿ,10,sarvagatam,,auto,
sarvasaḿshayáh,10,sarvasamshayaah,,auto,
sarvasyásya,10,sarvasyaasya,,auto,
Sáyujya,10,Saayujya,,auto,
Shákadviipa,10,Shaakadviipa,,auto,
Shákadviipii,10,Shaakadviipii,,auto,
Shalabhásana,10,Shalabhaasana,,auto,
Shálibáhana,10,Shaalibaahana,,auto,
shikhá,10,shikhaa,,auto,
Shivagotraḿ,10,Shivagotram,,auto,
shiváḿ,10,shivaam,,auto,
Shivanindá,10,Shivanindaa,,auto,
Shreyáḿsi,10,Shreyaamsi,,auto,
shrńotyakarńah,10,shrńotyakarńah,,auto,
sraśt́á-ramanekarúpam,10,srashtaa-ramanekaroopam,,auto,
sraśt́áramanekarúpam,10,srashtaaramanekaroopam,,auto,
srjamánáḿ,10,srjamaanaam,,auto,
Stutyánirvacaniiyatákhiloguro,10,Stutyaanirvachaniiyataakhiloguro,,auto,
Sukhánuraktih,10,Sukhaanuraktih,,auto,
Súkśmábhimukhinii,10,Sookshamaabhimukhinii,,auto,
súkśmácca,10,sookshamaaccha,,auto,
Súkśmácca,10,Sookshamaaccha,,auto,
suśuptyádi,10,sushuptyaadi,,auto,
Svaráj,10,Svaraaj,,auto,
svaravarńa,10,svaravarńa,,auto,
Tá,10,Taa,,auto,
Tacchubhraḿ,10,Tacchubhram,,auto,
Tamaguńa,10,Tamaguńa,,auto,
tamahaḿ,10,tamaham,,auto,
Támasájanáh,10,Taamasaajanaah,,auto,
Táḿrii,10,Taamrii,,auto,
tańd́uleraka,10,tańduleraka,,auto,
táni,10,taani,,auto,
tanká,10,tankaa,,auto,
Tanmátra,10,Tanmaatra,,auto,
tanmátrá,10,tanmaatraa,,auto,
tanmátreńa,10,tanmaatreńa,,auto,
tánmátrik,10,taanmaatrik,,auto,
tánr,10,taanr,,auto,
Tánr,10,Taanr,,auto,
TÁRAKA,10,TaaRAKA,,auto,
Tárakeshvara,10,Taarakeshvara,,auto,
Tathástu,10,Tathaastu,,auto,
tat́inii,10,tatinii,,auto,
teśu,10,teshu,,auto,
thákibe,10,thaakibe,,auto,
thámibená,10,thaamibenaa,,auto,
Tiirthaḿ,10,Tiirtham,,auto,
Tiirthaḿidaḿ,10,Tiirthamidam,,auto,
Tiivrasaungharśeńa,10,Tiivrasaungharsheńa,,auto,
Tomrá,10,Tomraa,,auto,
trśńánivrttih,10,trshńaanivrttih,,auto,
tulibená,10,tulibenaa,,auto,
Tvaráy,10,Tvaraay,,auto,
Ujjayinyáḿ,10,Ujjayinyaam,,auto,
upakańt́há,10,upakańthaa,,auto,
Upaviśt́a,10,Upavishta,,auto,
upeyatámeśa,10,upeyataamesha,,auto,
ut́heche,10,utheche,,auto,
vácanika,10,vaachanika,,auto,
Vádhá,10,Vaadhaa,,auto,
Vaeshákh,10,Vaeshaakh,,auto,
Varánáne,10,Varaanaane,,auto,
varńamayii,10,varńamayii,,auto,
Varńe,10,Varńe,,auto,
Vartiká,10,Vartikaa,,auto,
vasánam,10,vasaanam,,auto,
vidáma,10,vidaama,,auto,
vidhátá,10,vidhaataa,,auto,
vidyayá,10,vidyayaa,,auto,
vilakśańo,10,vilakshaańo,,auto,
vinayaḿ,10,vinayam,,auto,
vipákápekśitá,10,vipaakaapekshaitaa,,auto,
viráj,10,viraaj,,auto,
viśayaka,10,vishayaka,,auto,
viśayasaḿyuktá,10,vishayasamyuktaa,,auto,
Viśaye,10,Vishaye,,auto,
visheś,10,vishesh,,auto,
visheśa,10,vishesha,,auto,
vishvabiijaḿ,10,vishvabiijam,,auto,
Vishvádyaḿ,10,Vishvaadyam,,auto,
vishvamáyá,10,vishvamaayaa,,auto,
Vishvanátha,10,Vishvanaatha,,auto,
vishvarúpáḿ,10,vishvaroopaam,,auto,
vishvarúpátmakáya,10,vishvaroopaatmakaaya,,auto,
Vrajareńu,10,Vrajareńu,,auto,
vyáptaḿ,10,vyaaptam,,auto,
vyápti,10,vyaapti,,auto,
Vyaśt́idehe,10,Vyashtidehe,,auto,
yadátmavidoviduh,10,yadaatmavidoviduh,,auto,
yadhyánena,10,yadhyaanena,,auto,
yakśińiis,10,yakshaińiis,,auto,
Yashodá,10,Yashodaa,,auto,
Ábhiira,9,aabhiira,,auto,
abhijiṋa,9,abhijnyaa,,auto,
Acárya,9,Achaarya,,auto,
Ádhmará,9,aadhmaraa,,auto,
Ádyá,9,aadyaa,,auto,
Adyápi,9,Adyaapi,,auto,
Ágekár,9,aagekaar,,auto,
Ájiṋá,9,aajnyaaa,,auto,
ájiṋákárii,9,aajnyaaakaarii,,auto,
ájiṋáy,9,aajnyaaay,,auto,
ákásher,9,aakaasher,,auto,
akliśt́ákliśt́avrtti,9,aklishtaaklishtavrtti,,auto,
álocana,9,aalochana,,auto,
Amániinaḿ,9,Amaaniinam,,auto,
Amitábha,9,Amitaabha,,auto,
Ámrá,9,aamraa,,auto,
aḿshávatára,9,amshaavataara,,auto,
Andhakáragrhe,9,Andhakaaragrhe,,auto,
Anukúlavedaniiyaḿ,9,Anukoolavedaniiyam,,auto,
Anumáyá,9,Anumaayaa,,auto,
anurága,9,anuraaga,,auto,
aopanyásika,9,aopanyaasika,,auto,
Aparádha,9,Aparaadha,,auto,
Aparánurakti,9,Aparaanurakti,,auto,
asmákaḿ,9,asmaakam,,auto,
ásváday,9,aasvaaday,,auto,
átmamokśárthaḿ,9,aatmamokshaaartham,,auto,
Átmátiirthaḿ,9,aatmaatiirtham,,auto,
avadhútikás,9,avadhootikaas,,auto,
avadhúto,9,avadhooto,,auto,
Avidyámáya,9,Avidyaamaaya,,auto,
bádám,9,baadaam,,auto,
Bagalámukhii,9,Bagalaamukhii,,auto,
Bághelii,9,Baaghelii,,auto,
bahatá,9,bahataa,,auto,
Báish,9,Baaish,,auto,
bálá,9,baalaa,,auto,
Bálariid́ańavat,9,Baalariidańavat,,auto,
bánce,9,baanche,,auto,
bandha-mokśayoh,9,bandha-mokshaayoh,,auto,
baráharúpa,9,baraaharoopa,,auto,
baránane,9,baraanane,,auto,
bát́á,9,baataa,,auto,
Bhagavatkrpáleshádvá,9,Bhagavatkrpaaleshaadvaa,,auto,
bhakśayennityam,9,bhakshaayennityam,,auto,
bhakti-sindhukúl,9,bhakti-sindhukool,,auto,
bhálá,9,bhaalaa,,auto,
bháńd́árá,9,bhaańdaaraa,,auto,
bharttá,9,bharttaa,,auto,
bháse,9,bhaase,,auto,
Bhavámi,9,Bhavaami,,auto,
bhavenmitraḿ,9,bhavenmitram,,auto,
bhavetsiddhirnányathá,9,bhavetsiddhirnaanyathaa,,auto,
Bháviyá,9,Bhaaviyaa,,auto,
bhedábhed,9,bhedaabhed,,auto,
bhoktá,9,bhoktaa,,auto,
Bhú,9,Bhoo,,auto,
bhútánaḿ,9,bhootaanam,,auto,
bhútatattvas,9,bhootatattvas,,auto,
bhutvá,9,bhutvaa,,auto,
bhuvanánii,9,bhuvanaanii,,auto,
Brahmacaryaḿ,9,Brahmacharyam,,auto,
bráhmańah,9,braahmańah,,auto,
Brahmaniśt́ha,9,Brahmanishtha,,auto,
Brahmarandhrát,9,Brahmarandhraat,,auto,
Brahmávartta,9,Brahmaavartta,,auto,
buddhayá,9,buddhayaa,,auto,
cánd-tárá,9,chaand-taaraa,,auto,
cányadapi,9,chaanyadapi,,auto,
carańaravinde,9,carańaravinde,,auto,
Carmańvatii,9,Carmańvatii,,auto,
cháglá,9,chaaglaa,,auto,
chánde,9,chaande,,auto,
D́a,9,Da,,auto,
dád́imba,9,daadimba,,auto,
D́áki,9,Daaki,,auto,
Dákśińaḿ,9,Daakshaińam,,auto,
d́ál,9,daal,,auto,
Dásii,9,Daasii,,auto,
dehadhárińii,9,dehadhaarińii,,auto,
dhárańákśamah,9,dhaarańaakshaamah,,auto,
dharmahánih,9,dharmahaanih,,auto,
Dhármika,9,Dhaarmika,,auto,
dhyánásana,9,dhyaanaasana,,auto,
Dhyánayogád,9,Dhyaanayogaad,,auto,
dhyánete,9,dhyaanete,,auto,
diipiká,9,diipikaa,,auto,
divyaḿtu,9,divyamtu,,auto,
dúr,9,door,,auto,
dyotamána,9,dyotamaana,,auto,
Eká,9,Ekaa,,auto,
ekáuṋga,9,ekaauṋga,,auto,
Eśah,9,Eshah,,auto,
form-tanmátras,9,form-tanmaatras,,auto,
gacchantyadhamám,9,gacchantyadhamaam,,auto,
gajá,9,gajaa,,auto,
Gáńapatyácára,9,Gaańapatyaachaara,,auto,
Gańd́ak,9,Gańdak,,auto,
Ganga-Shoń,9,Ganga-Shoń,,auto,
gańiyá,9,gańiyaa,,auto,
gánye,9,gaanye,,auto,
Gaoŕa,9,Gaoŕa,,auto,
gataḿ,9,gatam,,auto,
girijáshrutao,9,girijaashrutao,,auto,
gopiibháva,9,gopiibhaava,,auto,
gopikáveńu,9,gopikaaveńu,,auto,
got́ika,9,gotika,,auto,
gouṋáyaluṋ,9,gouṋaayaluṋ,,auto,
guhágranthi,9,guhaagranthi,,auto,
guńahiina,9,guńahiina,,auto,
háoyáy,9,haaoyaay,,auto,
Harinám,9,Harinaam,,auto,
háse,9,haase,,auto,
hásir,9,haasir,,auto,
heleiṋcá,9,heleiṋchaa,,auto,
Himaván's,9,Himavaan's,,auto,
hiyá,9,hiyaa,,auto,
Ichámatii,9,Ichaamatii,,auto,
Ihásane,9,Ihaasane,,auto,
Imán,9,Imaan,,auto,
Imáunllokániishata,9,Imaaunllokaaniishata,,auto,
Jad́asphot́a,9,Jadasphota,,auto,
Jagadbhásakádhiisha,9,Jagadbhaasakaadhiisha,,auto,
jagatsákśiirupaḿ,9,jagatsaakshaiirupam,,auto,
jahátyenáḿ,9,jahaatyenaam,,auto,
jániyá,9,jaaniyaa,,auto,
jat́haragardabháh,9,jatharagardabhaah,,auto,
játo,9,jaato,,auto,
jhará,9,jharaa,,auto,
Jiivabháva,9,Jiivabhaava,,auto,
Jiiverá,9,Jiiveraa,,auto,
Jiṋánam,9,Jnyaaanam,,auto,
Jiṋánanirmathanábhyásat,9,Jnyaaananirmathanaabhyaasat,,auto,
jiṋánávilayo,9,jnyaaanaavilayo,,auto,
JIṊÁNII,9,JNYAaaNII,,auto,
joŕá,9,joŕaa,,auto,
Júthira,9,Joothira,,auto,
Jyoṋ,9,Jyom,,auto,
Ká,9,Kaa,,auto,
káje,9,kaaje,,auto,
kánde,9,kaande,,auto,
kaŕái,9,kaŕaai,,auto,
Karma-sannyása,9,Karma-sannyaasa,,auto,
Karma-Sannyása,9,Karma-Sannyaasa,,auto,
karmábhishcá,9,karmaabhishchaa,,auto,
Karńanagar,9,Karńanagar,,auto,
kaśáya,9,kashaaya,,auto,
Káshiká,9,Kaashikaa,,auto,
káyá,9,kaayaa,,auto,
káyaprati,9,kaayaprati,,auto,
kevaláh,9,kevalaah,,auto,
kháio,9,khaaio,,auto,
Kimpuruśavarśa,9,Kimpurushavarsha,,auto,
kivá,9,kivaa,,auto,
kliśt́ákliśt́avrtti,9,klishtaaklishtavrtti,,auto,
kliśtávrtti,9,klishtaavrtti,,auto,
kot́ite,9,kotite,,auto,
kriidá,9,kriidaa,,auto,
Krśńendriya,9,Krshńendriya,,auto,
Kśa,9,kshaa,,auto,
Kśarátmanáviishate,9,kshaaraatmanaaviishate,,auto,
kśared,9,kshaared,,auto,
kśudhár,9,kshaudhaar,,auto,
Kśuri,9,kshauri,,auto,
Kulabhedaḿ,9,Kulabhedam,,auto,
Lábpur,9,Laabpur,,auto,
láglo,9,laaglo,,auto,
lalaná,9,lalanaa,,auto,
Madbhaktáh,9,Madbhaktaah,,auto,
madhurimá,9,madhurimaa,,auto,
madyasádhakah,9,madyasaadhakah,,auto,
maethunaḿ,9,maethunam,,auto,
Mahámaggallan,9,Mahaamaggallan,,auto,
Mahámuni,9,Mahaamuni,,auto,
Maiṋcagopaya,9,Maiṋchagopaya,,auto,
máḿsabhakśańa,9,maamsabhakshaańa,,auto,
máḿsanotihi,9,maamsanotihi,,auto,
mánasa,9,maanasa,,auto,
mánavajáti,9,maanavajaati,,auto,
Maṋy,9,Maṋy,,auto,
márańa,9,maarańa,,auto,
Máriici,9,Maariichi,,auto,
Markat́,9,Markat,,auto,
martamán,9,martamaan,,auto,
másere,9,maasere,,auto,
matirápaneyá,9,matiraapaneyaa,,auto,
Matsamánaḿ,9,Matsamaanam,,auto,
Mauṋgal,9,Mauṋgal,,auto,
Mayúrákśii,9,Mayooraakshaii,,auto,
mleccháh,9,mlecchaah,,auto,
Mokśakárana,9,Mokshaakaarana,,auto,
Morá,9,Moraa,,auto,
Mrtyormámrtaḿgamaya,9,Mrtyormaamrtamgamaya,,auto,
muktirtapanádhomádupavásashataerapi,9,muktirtapanaadhomaadupavaasashataerapi,,auto,
Mumukśumuktidáyakam,9,Mumukshaumuktidaayakam,,auto,
múrdá,9,moordaa,,auto,
Nábhajinu,9,Naabhajinu,,auto,
náiyar,9,naaiyar,,auto,
námáveshe,9,naamaaveshe,,auto,
naoká,9,naokaa,,auto,
Naraharirúpa,9,Narahariroopa,,auto,
Násájiivo,9,Naasaajiivo,,auto,
náshramáshca,9,naashramaashcha,,auto,
Násya,9,Naasya,,auto,
Nigrahánugrahe,9,Nigrahaanugrahe,,auto,
niipanikuiṋje,9,niipanikuiṋje,,auto,
niitinipuńáh,9,niitinipuńaah,,auto,
nirákáraḿ,9,niraakaaram,,auto,
niráláy,9,niraalaay,,auto,
nirvikáraḿ,9,nirvikaaram,,auto,
noná,9,nonaa,,auto,
pábe,9,paabe,,auto,
pacásh,9,pachaash,,auto,
Padmajanmanáh,9,Padmajanmanaah,,auto,
páglá,9,paaglaa,,auto,
Páhárii,9,Paahaarii,,auto,
paiṋcamendriya,9,paiṋchamendriya,,auto,
pák,9,paak,,auto,
pálana,9,paalana,,auto,
pápnánáḿ,9,paapnaanaam,,auto,
parág,9,paraag,,auto,
parágati,9,paraagati,,auto,
Páramitá,9,Paaramitaa,,auto,
paráń,9,paraań,,auto,
Paráshara,9,Paraashara,,auto,
páre,9,paare,,auto,
parihás,9,parihaas,,auto,
Pásha,9,Paasha,,auto,
páshaḿ,9,paasham,,auto,
páshavaḿ,9,paashavam,,auto,
pát́,9,paat,,auto,
Pauśa,9,Pausha,,auto,
páyer,9,paayer,,auto,
Piitvánandamayastvaḿ,9,Piitvaanandamayastvam,,auto,
pińd́a,9,pińda,,auto,
pradhánamamrtákśaraḿ,9,pradhaanamamrtaakshaaram,,auto,
Pradhánibhuta,9,Pradhaanibhuta,,auto,
prájiṋastad,9,praajnyaastad,,auto,
prákrta,9,praakrta,,auto,
pralayaiṋca,9,pralayaiṋcha,,auto,
pramadanajiṋánam,9,pramadanajnyaaanam,,auto,
pramádatah,9,pramaadatah,,auto,
pramáńaḿ,9,pramaańam,,auto,
prántare,9,praantare,,auto,
Prápta,9,Praapta,,auto,
Prápti,9,Praapti,,auto,
prárabhya,9,praarabhya,,auto,
pratibhásate,9,pratibhaasate,,auto,
pratisáḿvedanika,9,pratisaamvedanika,,auto,
Pratyamjanáḿstiśt́hate,9,Pratyamjanaamstishthate,,auto,
pravrttirúpajáyate,9,pravrttiroopajaayate,,auto,
pújáḿ,9,poojaam,,auto,
punarágamanaḿ,9,punaraagamanam,,auto,
puráńeśu,9,puraańeshu,,auto,
puraskriyaḿ,9,puraskriyam,,auto,
Púrvo,9,Poorvo,,auto,
Rádhákrśńa,9,Raadhaakrshńa,,auto,
Rágahiin,9,Raagahiin,,auto,
rágánaváptatvát,9,raagaanavaaptatvaat,,auto,
rahá,9,rahaa,,auto,
Raiṋjayati,9,Raiṋjayati,,auto,
Rájádhirája,9,Raajaadhiraaja,,auto,
Rajoguńii,9,Rajoguńii,,auto,
rákhen,9,raakhen,,auto,
rakśá,9,rakshaaa,,auto,
Rákśasii,9,Raakshaasii,,auto,
Rámanátha,9,Raamanaatha,,auto,
Rámáyana,9,Raamaayana,,auto,
rambhá,9,rambhaa,,auto,
Rasátala,9,Rasaatala,,auto,
rńj,9,rńj,,auto,
RŚI,9,RŚI,,auto,
rúper,9,rooper,,auto,
Sacchidánanda,9,Sacchidaananda,,auto,
Sadáshiva's,9,Sadaashiva's,,auto,
Sadáshivah,9,Sadaashivah,,auto,
sádhanásamara,9,saadhanaasamara,,auto,
SAGUŃA,9,SAGUŃA,,auto,
SAHASRÁRA,9,SAHASRaaRA,,auto,
sahiśńuna,9,sahishńuna,,auto,
sahiśńuná,9,sahishńunaa,,auto,
śaka,9,shaka,,auto,
sákśya,9,saakshaya,,auto,
sáma,9,saama,,auto,
Sambhútiiṋca,9,Sambhootiiṋcha,,auto,
saḿbhútyámrtamashnute,9,sambhootyaamrtamashnute,,auto,
saḿcintya,9,samchintya,,auto,
Saḿsára,9,Samsaara,,auto,
saḿsargam,9,samsargam,,auto,
saḿskrti,9,samskrti,,auto,
Saḿsrjjavishvá,9,Samsrjjavishvaa,,auto,
saḿyogah,9,samyogah,,auto,
SANNYÁSII,9,SANNYaaSII,,auto,
SANNYÁSINII,9,SANNYaaSINII,,auto,
Saorácára,9,Saoraachaara,,auto,
saŕaka,9,saŕaka,,auto,
Sarayú,9,Sarayoo,,auto,
sarvabhúte,9,sarvabhoote,,auto,
sarvadá,9,sarvadaa,,auto,
sarvadhiisákśiibhútam,9,sarvadhiisaakshaiibhootam,,auto,
sarvarúpanámádikalpanam,9,sarvaroopanaamaadikalpanam,,auto,
Sarvasaobhágyapradáyinii,9,Sarvasaobhaagyapradaayinii,,auto,
sarvashástráń,9,sarvashaastraań,,auto,
Sarvavarńae,9,Sarvavarńae,,auto,
sarveśu,9,sarveshu,,auto,
Saśt́aiṋca,9,Sashtaiṋcha,,auto,
śát́há,9,shaathaa,,auto,
Satyabhámá,9,Satyabhaamaa,,auto,
Satyenaenaḿ,9,Satyenaenam,,auto,
sauncukopantakále,9,saunchukopantakaale,,auto,
shabdádrasaná,9,shabdaadrasanaa,,auto,
Shaevaḿ,9,Shaevam,,auto,
shákhá,9,shaakhaa,,auto,
shaktirdehináḿ,9,shaktirdehinaam,,auto,
shaktiyogád,9,shaktiyogaad,,auto,
Shaḿkarśańa,9,Shamkarshańa,,auto,
shántikarma,9,shaantikarma,,auto,
shánto,9,shaanto,,auto,
Shásanenaeva,9,Shaasanenaeva,,auto,
shástramáshrityaḿ,9,shaastramaashrityam,,auto,
shástrasya,9,shaastrasya,,auto,
Shikhiirá,9,Shikhiiraa,,auto,
shokaḿ,9,shokam,,auto,
Shraddhávána,9,Shraddhaavaana,,auto,
Shravańa,9,Shravańa,,auto,
shrńomi,9,shrńomi,,auto,
shuddhátmá,9,shuddhaatmaa,,auto,
shúńa,9,shoońa,,auto,
shuńibáre,9,shuńibaare,,auto,
shúnyatá,9,shoonyataa,,auto,
shuśyatu,9,shushyatu,,auto,
Siddhánte,9,Siddhaante,,auto,
somadhárá,9,somadhaaraa,,auto,
Somadhárá,9,Somadhaaraa,,auto,
sprshámyaham,9,sprshaamyaham,,auto,
srstireśottarottará,9,srstireshottarottaraa,,auto,
sudurácáras,9,suduraachaaras,,auto,
sujiṋánáya,9,sujnyaaanaaya,,auto,
sukhaduhkhamidaḿ,9,sukhaduhkhamidam,,auto,
súkśmadarshibhih,9,sookshamadarshibhih,,auto,
surataruvarashákhá,9,surataruvarashaakhaa,,auto,
suvás,9,suvaas,,auto,
svádayámi,9,svaadayaami,,auto,
svarát́,9,svaraat,,auto,
tadaḿsán,9,tadamsaan,,auto,
támitah,9,taamitah,,auto,
tanmadyaḿ,9,tanmadyam,,auto,
tanmáḿsa,9,tanmaamsa,,auto,
tántrikas,9,taantrikas,,auto,
tápe,9,taape,,auto,
Tárárúpá,9,Taaraaroopaa,,auto,
Táre,9,Taare,,auto,
Tasmád,9,Tasmaad,,auto,
tasmáducyate,9,tasmaaducyate,,auto,
Tathábaddho,9,Tathaabaddho,,auto,
Tattvamasyádilakśyam,9,Tattvamasyaadilakshayam,,auto,
Távat,9,Taavat,,auto,
Tayá,9,Tayaa,,auto,
teliká,9,telikaa,,auto,
t́hám,9,thaam,,auto,
Tiirasthaḿ,9,Tiirastham,,auto,
tiśt́hat,9,tishthat,,auto,
tomáderi,9,tomaaderi,,auto,
Tripurásura,9,Tripuraasura,,auto,
Tvagasthimáḿsaḿ,9,Tvagasthimaamsam,,auto,
tyájyamapyuktaḿ,9,tyaajyamapyuktam,,auto,
upadevatás,9,upadevataas,,auto,
úrńá,9,oorńaa,,auto,
utsárańa,9,utsaarańa,,auto,
Vaedikaḿ,9,Vaedikam,,auto,
vaekuńt́ha,9,vaekuńtha,,auto,
Vaeśńavaḿ,9,Vaeshńavam,,auto,
vágbhava,9,vaagbhava,,auto,
Válmiiki,9,Vaalmiiki,,auto,
vámanarúpa,9,vaamanaroopa,,auto,
Váme,9,Vaame,,auto,
vántu,9,vaantu,,auto,
varńabhedaḿ,9,varńabhedam,,auto,
varńáh,9,varńaah,,auto,
vasámi,9,vasaami,,auto,
váyuh,9,vaayuh,,auto,
Vedapát́he,9,Vedapaathe,,auto,
Vetasakuiṋje,9,Vetasakuiṋje,,auto,
vibhúti,9,vibhooti,,auto,
vicáre,9,vichaare,,auto,
Vidyádharii,9,Vidyaadharii,,auto,
vihauṋga,9,vihauṋga,,auto,
Viińára,9,Viińaara,,auto,
viirásana,9,viiraasana,,auto,
vijiṋánáda,9,vijnyaaanaada,,auto,
Vijiṋánmaya,9,Vijnyaaanmaya,,auto,
Vinányásaeh,9,Vinaanyaasaeh,,auto,
vipulánande,9,vipulaanande,,auto,
viráje,9,viraaje,,auto,
Viráje,9,Viraaje,,auto,
viśáda,9,vishaada,,auto,
Viśáńaninádaka,9,Vishaańaninaadaka,,auto,
viśayásaungi,9,vishayaasaungi,,auto,
Viśńave,9,Vishńave,,auto,
Viśńumayaḿ,9,Vishńumayam,,auto,
vittaḿ,9,vittam,,auto,
vyákarańa,9,vyaakarańa,,auto,
yadácarati,9,yadaacharati,,auto,
Yaduktaḿ,9,Yaduktam,,auto,
Yakśa,9,Yakshaa,,auto,
yamayatyeśah,9,yamayatyeshah,,auto,
yáni,9,yaani,,auto,
yastadvedobhayaḿsaha,9,yastadvedobhayamsaha,,auto,
yatsátvikaḿ,9,yatsaatvikam,,auto,
yátu,9,yaatu,,auto,
ábhása,8,aabhaasa,,auto,
Abháva,8,Abhaava,,auto,
abhedajiṋána,8,abhedajnyaaana,,auto,
abhiipśátmaka,8,abhiipshaatmaka,,auto,
abhiśeka,8,abhisheka,,auto,
ácarya,8,aacharya,,auto,
Acintyákśara,8,Achintyaakshaara,,auto,
ádadaenasya,8,aadadaenasya,,auto,
Ádha,8,aadha,,auto,
adhamá,8,adhamaa,,auto,
adhármikas,8,adhaarmikas,,auto,
ádhibhaotika,8,aadhibhaotika,,auto,
adhiká,8,adhikaa,,auto,
adhikatá,8,adhikataa,,auto,
Adrśt́ere,8,Adrshtere,,auto,
ágam,8,aagam,,auto,
Aghat́ana,8,Aghatana,,auto,
áhamtattva,8,aahamtattva,,auto,
áhme,8,aahme,,auto,
áilá,8,aailaa,,auto,
Ákarśanii,8,aakarshanii,,auto,
Áklmand,8,aaklmand,,auto,
akśare,8,akshaare,,auto,
akśi,8,akshai,,auto,
Álambana,8,aalambana,,auto,
álápa,8,aalaapa,,auto,
álayiibhúta,8,aalayiibhoota,,auto,
Ále,8,aale,,auto,
Álgá,8,aalgaa,,auto,
amákalá,8,amaakalaa,,auto,
Ámáy,8,aamaay,,auto,
ámej,8,aamej,,auto,
amitábha,8,amitaabha,,auto,
aḿkusha,8,amkusha,,auto,
anádii,8,anaadii,,auto,
Ánandamúrtijii's,8,aanandamoortijii's,,auto,
ananyabhák,8,ananyabhaak,,auto,
anátmabháva,8,anaatmabhaava,,auto,
anityatám,8,anityataam,,auto,
ánkhir,8,aankhir,,auto,
anubhútaviśayá,8,anubhootavishayaa,,auto,
anujiṋá,8,anujnyaaa,,auto,
Ańumána,8,Ańumaana,,auto,
Anumeyaváhya,8,Anumeyavaahya,,auto,
áo,8,aao,,auto,
apádána,8,apaadaana,,auto,
ápan,8,aapan,,auto,
Apará-jiṋána,8,Aparaa-jnyaaana,,auto,
áptajiṋána,8,aaptajnyaaana,,auto,
Apúrva,8,Apoorva,,auto,
arthád,8,arthaad,,auto,
Áryyávartta,8,aaryyaavartta,,auto,
Asádhuḿ,8,Asaadhum,,auto,
Ásal,8,aasal,,auto,
áshvárii,8,aashvaarii,,auto,
ásiya,8,aasiya,,auto,
Aśtákulácaláh,8,Ashtaakulaachalaah,,auto,
Aśtáungika,8,Ashtaaungika,,auto,
asyádhyakśah,8,asyaadhyakshaah,,auto,
at́ac,8,atac,,auto,
Athavá,8,Athavaa,,auto,
Átmajiṋána,8,aatmajnyaaana,,auto,
Átmajiṋánaḿidaḿ,8,aatmajnyaaanamidam,,auto,
átmánaḿ,8,aatmaanam,,auto,
átmasthiikarańa,8,aatmasthiikarańa,,auto,
ávabhúva,8,aavabhoova,,auto,
avahelá,8,avahelaa,,auto,
avidyá's,8,avidyaa's,,auto,
ávirbháva,8,aavirbhaava,,auto,
ávrtti,8,aavrtti,,auto,
Ayámátmá,8,Ayaamaatmaa,,auto,
Áyaná,8,aayanaa,,auto,
áyojan,8,aayojan,,auto,
báhár,8,baahaar,,auto,
Báḿla,8,Baamla,,auto,
Bámum-shudra,8,Baamum-shudra,,auto,
banáil,8,banaail,,auto,
Bánchibár,8,Baanchibaar,,auto,
bánci,8,baanchi,,auto,
báṋdhi,8,baaṋdhi,,auto,
baradá,8,baradaa,,auto,
Bárahii,8,Baarahii,,auto,
barańe,8,barańe,,auto,
Baŕuyá,8,Baŕuyaa,,auto,
básar,8,baasar,,auto,
bayaḿ,8,bayam,,auto,
beláy,8,belaay,,auto,
beŕe,8,beŕe,,auto,
bhaelá,8,bhaelaa,,auto,
Bhákhá,8,Bhaakhaa,,auto,
Bháratacandra's,8,Bhaaratachandra's,,auto,
bháratavarśa,8,bhaaratavarsha,,auto,
bháryás,8,bhaaryaas,,auto,
Bhásottara,8,Bhaasottara,,auto,
Bhastrikásana,8,Bhastrikaasana,,auto,
bhásyate,8,bhaasyate,,auto,
bhát́iyálii,8,bhaatiyaalii,,auto,
Bhat́t́ácárya,8,Bhattaachaarya,,auto,
bhayánvitaḿ,8,bhayaanvitam,,auto,
bheuṋge,8,bheuṋge,,auto,
bhojanásana,8,bhojanaasana,,auto,
Bhojbáŕite,8,Bhojbaaŕite,,auto,
Bholá,8,Bholaa,,auto,
bhomrá,8,bhomraa,,auto,
Bhúta-Yajiṋa,8,Bhoota-Yajnyaa,,auto,
bhuteśu,8,bhuteshu,,auto,
bhúvi,8,bhoovi,,auto,
Biińár,8,Biińaar,,auto,
biŕis,8,biŕis,,auto,
bodha-kriyá,8,bodha-kriyaa,,auto,
Boltá,8,Boltaa,,auto,
boŕo,8,boŕo,,auto,
Brahma-vijiṋána,8,Brahma-vijnyaaana,,auto,
brahmáhamiti,8,brahmaahamiti,,auto,
Brahmarśi,8,Brahmarshi,,auto,
brahmasadbháva,8,brahmasadbhaava,,auto,
Brahmastán,8,Brahmastaan,,auto,
Brahmavádiis,8,Brahmavaadiis,,auto,
brkśa,8,brkshaa,,auto,
brkśasama,8,brkshaasama,,auto,
brkśe,8,brkshae,,auto,
bújhiyá,8,boojhiyaa,,auto,
cábheda,8,chaabheda,,auto,
caiṋcala,8,chaiṋchala,,auto,
cakśuśá,8,chakshaushaa,,auto,
cańd́álii,8,chańdaalii,,auto,
caráńa,8,charaańa,,auto,
carańapúrti,8,charańapoorti,,auto,
caŕe,8,chaŕe,,auto,
caśe,8,chashe,,auto,
Chandahárá,8,Chandahaaraa,,auto,
Chat́,8,Chat,,auto,
Chátra,8,Chaatra,,auto,
chenŕe,8,chenŕe,,auto,
chot́e,8,chote,,auto,
chuyá,8,chuyaa,,auto,
Cittádahaḿprábalye,8,Chittaadahampraabalye,,auto,
cyáḿŕá,8,cyaamŕaa,,auto,
dák,8,daak,,auto,
Dakśinácárii,8,Dakshainaachaarii,,auto,
dáṋt,8,daaṋt,,auto,
darpańabháva,8,darpańabhaava,,auto,
darshitaḿ,8,darshitam,,auto,
dasháungulam,8,dashaaungulam,,auto,
d́áto,8,daato,,auto,
d́áuṋá,8,daauṋaa,,auto,
Dehaparińámáváda,8,Dehaparińaamaavaada,,auto,
Dehátmaváda,8,Dehaatmavaada,,auto,
dekháala,8,dekhaaala,,auto,
dekháiṋá,8,dekhaaiṋaa,,auto,
Devasená,8,Devasenaa,,auto,
Deviisúkta,8,Deviisookta,,auto,
d́háká,8,dhaakaa,,auto,
dharáte,8,dharaate,,auto,
Dhárińii,8,Dhaarińii,,auto,
dharmyamańumetamapya,8,dharmyamańumetamapya,,auto,
dharńá,8,dharńaa,,auto,
dhruvaḿ,8,dhruvam,,auto,
Dhruvasattá,8,Dhruvasattaa,,auto,
dhúlay,8,dhoolay,,auto,
diikśa,8,diikshaa,,auto,
divyácárii,8,divyaachaarii,,auto,
D́ogrii,8,Dogrii,,auto,
Dolyátra,8,Dolyaatra,,auto,
drśt́á,8,drshtaa,,auto,
drśt́i,8,drshti,,auto,
d́ubi,8,dubi,,auto,
duśkrtas,8,dushkrtas,,auto,
Dut́i,8,Duti,,auto,
Dvaetádvaeta,8,Dvaetaadvaeta,,auto,
Dvaetavádii,8,Dvaetavaadii,,auto,
Etacchrutvá,8,Etacchrutvaa,,auto,
Etadevákśaram,8,Etadevaakshaaram,,auto,
etadevákśaramparam,8,etadevaakshaaramparam,,auto,
Evamádi,8,Evamaadi,,auto,
Gáchphal,8,Gaachphal,,auto,
gácht́i,8,gaachti,,auto,
gad́h,8,gadh,,auto,
gámchá,8,gaamchaa,,auto,
Gańesha's,8,Gańesha's,,auto,
gańi,8,gańi,,auto,
gaońá,8,gaońaa,,auto,
gaŕiba,8,gaŕiba,,auto,
Gáro,8,Gaaro,,auto,
gauṋgá,8,gauṋgaa,,auto,
gaveśańá,8,gaveshańaa,,auto,
gharańii,8,gharańii,,auto,
ghaśe,8,ghashe,,auto,
ghat́e,8,ghate,,auto,
ghoŕá,8,ghoŕaa,,auto,
ghoŕáy,8,ghoŕaay,,auto,
ghumt́i,8,ghumti,,auto,
girijá,8,girijaa,,auto,
Gomukhásana,8,Gomukhaasana,,auto,
gopibháva,8,gopibhaava,,auto,
goptá,8,goptaa,,auto,
gotramátá,8,gotramaataa,,auto,
Govindadása,8,Govindadaasa,,auto,
Graha-tárá-súrye,8,Graha-taaraa-soorye,,auto,
Gúd́ha,8,Goodha,,auto,
gúd́ham,8,goodham,,auto,
Guhágranthibhyo,8,Guhaagranthibhyo,,auto,
Guháhita,8,Guhaahita,,auto,
Guńabandhanena,8,Guńabandhanena,,auto,
guńábhivyaktih,8,guńaabhivyaktih,,auto,
guńaeryuktah,8,guńaeryuktah,,auto,
guńáh,8,guńaah,,auto,
Guńánvita,8,Guńaanvita,,auto,
guńayantrakashca,8,guńayantrakashca,,auto,
guruḥ,8,guruh,,auto,
Haldiyá,8,Haldiyaa,,auto,
haḿsa,8,hamsa,,auto,
Hantá,8,Hantaa,,auto,
hantuḿ,8,hantum,,auto,
hánu,8,haanu,,auto,
haoyá,8,haoyaa,,auto,
Haŕaotii,8,Haŕaotii,,auto,
haridrá,8,haridraa,,auto,
haŕká,8,haŕkaa,,auto,
hát́t́amálár,8,haattamaalaar,,auto,
Hiinayána,8,Hiinayaana,,auto,
Hitaeśańápreśito'pavargah,8,Hitaeshańaapreshito'pavargah,,auto,
Hrdá,8,Hrdaa,,auto,
Ihá,8,Ihaa,,auto,
iikśańika,8,iikshaańika,,auto,
Indriyánám,8,Indriyaanaam,,auto,
Iśt́á,8,Ishtaa,,auto,
itthá,8,itthaa,,auto,
jaccá,8,jacchaa,,auto,
jádugar,8,jaadugar,,auto,
jagadábhásah,8,jagadaabhaasah,,auto,
jagáma,8,jagaama,,auto,
jálá,8,jaalaa,,auto,
jalecaráh,8,jalecharaah,,auto,
janáḿstiśt́hate,8,janaamstishthate,,auto,
jáni',8,jaani',,auto,
janmándha,8,janmaandha,,auto,
jánoyár,8,jaanoyaar,,auto,
Japastutisyádadhamá,8,Japastutisyaadadhamaa,,auto,
Jarásandha,8,Jaraasandha,,auto,
járii,8,jaarii,,auto,
jáyás,8,jaayaas,,auto,
Jhańpa,8,Jhańpa,,auto,
jiivamánas,8,jiivamaanas,,auto,
Jiivátmán,8,Jiivaatmaan,,auto,
Jiṋa,8,Jnyaa,,auto,
jiṋánashakti,8,jnyaaanashakti,,auto,
Jiṋánasyáyaḿ,8,Jnyaaanasyaayam,,auto,
jiṋánendriyas,8,jnyaaanendriyas,,auto,
Jiṋániis,8,Jnyaaaniis,,auto,
jiṋatvá,8,jnyaatvaa,,auto,
Jnánadása,8,Jnaanadaasa,,auto,
juśamáńo'nushete,8,jushamaańo'nushete,,auto,
juśt́astataste-námrtatvameti,8,jushtastataste-naamrtatvameti,,auto,
jvála,8,jvaala,,auto,
Jyat́háimáke,8,Jyathaaimaake,,auto,
jyotirliuṋga,8,jyotirliuṋga,,auto,
Kachi-káncha,8,Kachi-kaancha,,auto,
kaiṋcana,8,kaiṋchana,,auto,
Káiṋcanakántisudiiptá,8,Kaaiṋchanakaantisudiiptaa,,auto,
káiṋcańamáshrayanti,8,kaaiṋchańamaashrayanti,,auto,
kákaphala,8,kaakaphala,,auto,
kákarúhá,8,kaakaroohaa,,auto,
Kálátiita,8,Kaalaatiita,,auto,
Kálii's,8,Kaalii's,,auto,
Kámer,8,Kaamer,,auto,
Kańáda's,8,Kańaada's,,auto,
kanátoyaḿ,8,kanaatoyam,,auto,
káncá,8,kaanchaa,,auto,
kancanámá,8,kanchanaamaa,,auto,
káṋcpoká,8,kaaṋcpokaa,,auto,
Káńdii,8,Kaańdii,,auto,
Kánhámán,8,Kaanhaamaan,,auto,
kantá,8,kantaa,,auto,
Káṋthi,8,Kaaṋthi,,auto,
kápaŕá,8,kaapaŕaa,,auto,
kárańena,8,kaarańena,,auto,
karaválam,8,karavaalam,,auto,
karmábhiishcáshubhaehshubhaeh,8,karmaabhiishchaashubhaehshubhaeh,,auto,
Karmmáńi,8,Karmmaańi,,auto,
karvará,8,karvaraa,,auto,
karyá,8,karyaa,,auto,
kaśá,8,kashaa,,auto,
Káshiirájya,8,Kaashiiraajya,,auto,
kaśti,8,kashti,,auto,
Katat́uku,8,Katatuku,,auto,
Kathániká,8,Kathaanikaa,,auto,
kavariká,8,kavarikaa,,auto,
káye,8,kaaye,,auto,
kekará,8,kekaraa,,auto,
khamúrttis,8,khamoorttis,,auto,
khańd́ávatára,8,khańdaavataara,,auto,
Khesári,8,Khesaari,,auto,
khesárii,8,khesaarii,,auto,
khuṋji,8,khuṋji,,auto,
khyáti,8,khyaati,,auto,
kiḿvá,8,kimvaa,,auto,
Kińvádibhyah,8,Kińvaadibhyah,,auto,
Klesha-karma-vipákáshayaeraparámrśt́ah,8,Klesha-karma-vipaakaashayaeraparaamrshtah,,auto,
ko'rthaván,8,ko'rthavaan,,auto,
Kriyákanda,8,Kriyaakanda,,auto,
kriyáshakti,8,kriyaashakti,,auto,
Krśńa-cárań,8,Krshńa-chaarań,,auto,
Krśńadvaepáyańa,8,Krshńadvaepaayańa,,auto,
krtántád,8,krtaantaad,,auto,
Kśanika,8,kshaanika,,auto,
Kśańika-vijiṋánaváda,8,kshaańika-vijnyaaanavaada,,auto,
kśátra-pitá,8,kshaaatra-pitaa,,auto,
kśatraiṋca,8,kshaatraiṋcha,,auto,
KŚATRIYA,8,kshaATRIYA,,auto,
kśatriya-hood,8,kshaatriya-hood,,auto,
kśiira,8,kshaiira,,auto,
kśudha-trśńár,8,kshaudha-trshńaar,,auto,
Kúlakuńd́alinii,8,Koolakuńdalinii,,auto,
kúle,8,koole,,auto,
kushiyár,8,kushiyaar,,auto,
Kút́astha,8,Kootastha,,auto,
kyáyá,8,kyaayaa,,auto,
labdhvá,8,labdhvaa,,auto,
lágáye,8,laagaaye,,auto,
lágche,8,laagche,,auto,
lákhrúp,8,laakhroop,,auto,
lakśmii,8,lakshamii,,auto,
lapt́áil,8,laptaail,,auto,
laungot́á,8,laungotaa,,auto,
Lokavyámohakáraka,8,Lokavyaamohakaaraka,,auto,
lokavyavahár,8,lokavyavahaar,,auto,
máchi,8,maachi,,auto,
mághii,8,maaghii,,auto,
mágo,8,maago,,auto,
MAHÁBHÁRATA,8,MAHaaBHaaRATA,,auto,
mahákásha,8,mahaakaasha,,auto,
mahámańipadma,8,mahaamańipadma,,auto,
Máhámáyá,8,Maahaamaayaa,,auto,
Mahán,8,Mahaan,,auto,
Mahánirváńa,8,Mahaanirvaańa,,auto,
maharśi,8,maharshi,,auto,
Mahásáḿghikas,8,Mahaasaamghikas,,auto,
mahásukha,8,mahaasukha,,auto,
majhjhimá,8,majhjhimaa,,auto,
málum,8,maalum,,auto,
Mamatá,8,Mamataa,,auto,
mamatvatishayáunkita,8,mamatvatishayaaunkita,,auto,
Mánasa,8,Maanasa,,auto,
Manimayásane,8,Manimayaasane,,auto,
manohará,8,manoharaa,,auto,
Mantrayána,8,Mantrayaana,,auto,
ḿánuś,8,maanush,,auto,
máńusaḿ,8,maańusam,,auto,
máńuśasya,8,maańushasya,,auto,
marańa,8,marańa,,auto,
mármik,8,maarmik,,auto,
mása,8,maasa,,auto,
máse,8,maase,,auto,
maslá,8,maslaa,,auto,
mátarishvanah,8,maatarishvanah,,auto,
Mátaungiirúpadhará,8,Maataungiiroopadharaa,,auto,
máte,8,maate,,auto,
máya,8,maaya,,auto,
Máyá's,8,Maayaa's,,auto,
Máyáguli,8,Maayaaguli,,auto,
mayaḿjagat,8,mayamjagat,,auto,
Mimáḿsá,8,Mimaamsaa,,auto,
mitraḿna,8,mitramna,,auto,
modaniiyaḿ,8,modaniiyam,,auto,
mokśabháginah,8,mokshaabhaaginah,,auto,
Mokśakárańa,8,Mokshaakaarańa,,auto,
Mrtyuryasyopasecanaḿ,8,Mrtyuryasyopasechanam,,auto,
Mukhaḿ,8,Mukham,,auto,
mukhyá,8,mukhyaa,,auto,
muktáh,8,muktaah,,auto,
Muktyákáunkśayá,8,Muktyaakaaunkshaayaa,,auto,
múŕha,8,mooŕha,,auto,
múrtih,8,moortih,,auto,
múrtipújádhamádhama,8,moortipoojaadhamaadhama,,auto,
naevátma,8,naevaatma,,auto,
náhiko,8,naahiko,,auto,
Naiháti,8,Naihaati,,auto,
Náiko,8,Naaiko,,auto,
Nakśattras,8,Nakshaattras,,auto,
Nánya,8,Naanya,,auto,
nányathá,8,naanyathaa,,auto,
nárii,8,naarii,,auto,
náŕu,8,naaŕu,,auto,
nástika,8,naastika,,auto,
Nát́yáyana,8,Naatyaayana,,auto,
Navadurgá,8,Navadurgaa,,auto,
Niiláiṋjana's,8,Niilaaiṋjana's,,auto,
Nikuiṋja-bhavan,8,Nikuiṋja-bhavan,,auto,
nimagno'niishayá,8,nimagno'niishayaa,,auto,
niraiṋjano'si,8,niraiṋjano'si,,auto,
Nirálambamiisham,8,Niraalambamiisham,,auto,
nirásakta,8,niraasakta,,auto,
niratishayaḿ,8,niratishayam,,auto,
Niriishwaraváda,8,Niriishwaravaada,,auto,
niskalaḿ,8,niskalam,,auto,
niśkalam,8,nishkalam,,auto,
niśt́ur,8,nishtur,,auto,
Niviŕ,8,Niviŕ,,auto,
non-kśatriyas,8,non-kshaatriyas,,auto,
non-sádhakas,8,non-saadhakas,,auto,
Opáre,8,Opaare,,auto,
ot́he,8,othe,,auto,
ot́hená,8,othenaa,,auto,
pábo,8,paabo,,auto,
pádapa,8,paadapa,,auto,
Padávalii,8,Padaavalii,,auto,
padumá,8,padumaa,,auto,
páibe,8,paaibe,,auto,
páile,8,paaile,,auto,
Paiṋcabhúta,8,Paiṋchabhoota,,auto,
Paiṋcabuddha,8,Paiṋchabuddha,,auto,
paiṋcánana,8,paiṋchaanana,,auto,
pákhá,8,paakhaa,,auto,
paṋcás,8,paṋchaas,,auto,
Pańdá,8,Pańdaa,,auto,
Pańdita,8,Pańdita,,auto,
Pańd́upakśiiyáh,8,Pańdupakshaiiyaah,,auto,
Páńd́upakśiiyáh,8,Paańdupakshaiiyaah,,auto,
pániiyam,8,paaniiyam,,auto,
pannagáh,8,pannagaah,,auto,
pápáni,8,paapaani,,auto,
pápátmá,8,paapaatmaa,,auto,
pápopahata,8,paapopahata,,auto,
Pára,8,Paara,,auto,
Pará-jiṋána,8,Paraa-jnyaaana,,auto,
Parahitártham,8,Parahitaartham,,auto,
parájayam,8,paraajayam,,auto,
parakáler,8,parakaaler,,auto,
Parakáler,8,Parakaaler,,auto,
páralaokikam,8,paaralaokikam,,auto,
PARAMÁ,8,PARAMaa,,auto,
paramási,8,paramaasi,,auto,
parapiirańam,8,parapiirańam,,auto,
parashu-mrga-barábhiitihastaḿ,8,parashu-mrga-baraabhiitihastam,,auto,
paŕaye,8,paŕaye,,auto,
paŕbe,8,paŕbe,,auto,
Párijáta,8,Paarijaata,,auto,
parituśt́e,8,paritushte,,auto,
pariveśt́itaraḿ,8,pariveshtitaram,,auto,
Parmánna,8,Parmaanna,,auto,
Paruśa,8,Parusha,,auto,
pásh,8,paash,,auto,
pashcáte,8,pashchaate,,auto,
páshmukto,8,paashmukto,,auto,
pashupakśii,8,pashupakshaii,,auto,
Pátakiis,8,Paatakiis,,auto,
páte,8,paate,,auto,
pathátiita,8,pathaatiita,,auto,
Pátrádhára,8,Paatraadhaara,,auto,
pattá,8,pattaa,,auto,
pátu,8,paatu,,auto,
pávana,8,paavana,,auto,
phalakáuṋkhii,8,phalakaauṋkhii,,auto,
Pippaláda,8,Pippalaada,,auto,
Pisháca,8,Pishaacha,,auto,
pishácas,8,pishaachas,,auto,
pit́he,8,pithe,,auto,
Plávana,8,Plaavana,,auto,
pradhánaḿ,8,pradhaanam,,auto,
prajánám,8,prajaanaam,,auto,
Prakámya,8,Prakaamya,,auto,
prálápa,8,praalaapa,,auto,
Pramána,8,Pramaana,,auto,
pramátrikona,8,pramaatrikona,,auto,
Práná,8,Praanaa,,auto,
PRÁŃÁYÁMA,8,PRaaŃaaYaaMA,,auto,
práptajiṋána,8,praaptajnyaaana,,auto,
prápti-siddhi,8,praapti-siddhi,,auto,
Pratisáḿvedanika,8,Pratisaamvedanika,,auto,
pratiśt́haḿ,8,pratishtham,,auto,
Pratyaiṋjanaḿstiśt́hate,8,Pratyaiṋjanamstishthate,,auto,
Pratyaḿ,8,Pratyam,,auto,
Pratyáváya,8,Pratyaavaaya,,auto,
Praváha,8,Pravaaha,,auto,
pravaktá,8,pravaktaa,,auto,
prayantyabhisaḿ,8,prayantyabhisam,,auto,
premasaḿgatá,8,premasamgataa,,auto,
premasvarúpa,8,premasvaroopa,,auto,
puńyátmá,8,puńyaatmaa,,auto,
Púrńa,8,Poorńa,,auto,
púrńimá,8,poorńimaa,,auto,
Puruśa-hood,8,Purusha-hood,,auto,
Puruśadehe,8,Purushadehe,,auto,
puruśakhyáti,8,purushakhyaati,,auto,
puruśasya,8,purushasya,,auto,
puruśavisheśa,8,purushavishesha,,auto,
Puruśere,8,Purushere,,auto,
puruśo,8,purusho,,auto,
puśpaka,8,pushpaka,,auto,
puśt́hi,8,pushthi,,auto,
Rádhe-Shyám,8,Raadhe-Shyaam,,auto,
rádhiká,8,raadhikaa,,auto,
rágmárge,8,raagmaarge,,auto,
Ráhu's,8,Raahu's,,auto,
rája,8,raaja,,auto,
Rájá,8,Raajaa,,auto,
Rámachandra,8,Raamachandra,,auto,
Rámacharita,8,Raamacharita,,auto,
Rámaprasáda,8,Raamaprasaada,,auto,
rambháa,8,rambhaaa,,auto,
Ranaranaungiikáreńa,8,Ranaranaungiikaareńa,,auto,
rándhte,8,raandhte,,auto,
rása,8,raasa,,auto,
rasáiṋjana,8,rasaaiṋjana,,auto,
ráshi,8,raashi,,auto,
Ráśt́ram,8,Raashtram,,auto,
riiḿ,8,riim,,auto,
rtambhará,8,rtambharaa,,auto,
Rtambhará,8,Rtambharaa,,auto,
rúpamasya,8,roopamasya,,auto,
Rúpasii,8,Roopasii,,auto,
sabhyatá,8,sabhyataa,,auto,
Saccidánanda,8,Sacchidaananda,,auto,
śad́,8,shad,,auto,
sadáharih,8,sadaaharih,,auto,
Saguńát,8,Saguńaat,,auto,
sahajánanda,8,sahajaananda,,auto,
sahajáta,8,sahajaata,,auto,
Sáhitwa,8,Saahitwa,,auto,
Sáhityikas,8,Saahityikas,,auto,
samágamaḿ,8,samaagamam,,auto,
samálocaná,8,samaalochanaa,,auto,
Samáne,8,Samaane,,auto,
samápatti,8,samaapatti,,auto,
Samatá,8,Samataa,,auto,
samatábháva,8,samataabhaava,,auto,
saḿdrshe,8,samdrshe,,auto,
saḿgiite,8,samgiite,,auto,
samkalpátmaka,8,samkalpaatmaka,,auto,
saḿkrama,8,samkrama,,auto,
samparigrhyámattyah,8,samparigrhyaamattyah,,auto,
sampátena,8,sampaatena,,auto,
sampradána,8,sampradaana,,auto,
sámskáras,8,saamskaaras,,auto,
saḿskrta,8,samskrta,,auto,
saḿsthá,8,samsthaa,,auto,
saḿvadadhvam,8,samvadadhvam,,auto,
saḿvit,8,samvit,,auto,
Saḿvrta,8,Samvrta,,auto,
sámyabhak,8,saamyabhak,,auto,
Saḿyama,8,Samyama,,auto,
saḿyukti,8,samyukti,,auto,
sándhayá,8,saandhayaa,,auto,
Sannyásiis,8,Sannyaasiis,,auto,
sántvaná,8,saantvanaa,,auto,
Saptalokátmakaḿ,8,Saptalokaatmakam,,auto,
sárá,8,saaraa,,auto,
sáratheh,8,saaratheh,,auto,
sarddár,8,sarddaar,,auto,
sarpirápa,8,sarpiraapa,,auto,
sarvadhisákśiibhútam,8,sarvadhisaakshaiibhootam,,auto,
Sárvajaniin,8,Saarvajaniin,,auto,
sarvajiṋabiijam,8,sarvajnyaabiijam,,auto,
Sarvajiṋatá,8,Sarvajnyaataa,,auto,
sarvalokáshrayáya,8,sarvalokaashrayaaya,,auto,
Sarvarúpamayii,8,Sarvaroopamayii,,auto,
sarvesáḿ,8,sarvesaam,,auto,
sarveśáḿbhútánáḿ,8,sarveshaambhootaanaam,,auto,
SATSAUṊGA,8,SATSAUṊGA,,auto,
sattásaḿsthitih,8,sattaasamsthitih,,auto,
satyenaenaḿ,8,satyenaenam,,auto,
Sáu,8,Saau,,auto,
Sáungt-sen-gámpo,8,Saaungt-sen-gaampo,,auto,
Savár,8,Savaar,,auto,
savicára,8,savichaara,,auto,
Sevayá,8,Sevayaa,,auto,
Sháhjáhán,8,Shaahjaahaan,,auto,
Shák,8,Shaak,,auto,
Sháktas,8,Shaaktas,,auto,
Shaktirúpeńa,8,Shaktiroopeńa,,auto,
shál-palásh,8,shaal-palaash,,auto,
Shalibáhana,8,Shalibaahana,,auto,
sháṋkálu,8,shaaṋkaalu,,auto,
Shankarácárya,8,Shankaraachaarya,,auto,
shántaḿ,8,shaantam,,auto,
sháshvataḿ,8,shaashvatam,,auto,
shekhará,8,shekharaa,,auto,
sheśe,8,sheshe,,auto,
shiiś,8,shiish,,auto,
Shiitátapa,8,Shiitaatapa,,auto,
shiromańi,8,shiromańi,,auto,
Shivásana,8,Shivaasana,,auto,
Shráddhánna,8,Shraaddhaanna,,auto,
shránta,8,shraanta,,auto,
shreśt́hametadálambanamparam,8,shreshthametadaalambanamparam,,auto,
Shriikánta,8,Shriikaanta,,auto,
Shriimán,8,Shriimaan,,auto,
Shriinágárjuna,8,Shriinaagaarjuna,,auto,
shrotraḿ,8,shrotram,,auto,
shubhaḿcáshubhameva,8,shubhamchaashubhameva,,auto,
Shuddhasattvavisheśádvá,8,Shuddhasattvavisheshaadvaa,,auto,
shudhhálem,8,shudhhaalem,,auto,
shúdras',8,shoodras',,auto,
Shuńa,8,Shuńa,,auto,
shuńe,8,shuńe,,auto,
Shúnyavádiis,8,Shoonyavaadiis,,auto,
Shvetáshvatara,8,Shvetaashvatara,,auto,
shyámakalevará,8,shyaamakalevaraa,,auto,
Sitá-Rám,8,Sitaa-Raam,,auto,
smell-tanmátras,8,smell-tanmaatras,,auto,
soccára,8,socchaara,,auto,
sońár,8,sońaar,,auto,
sound-Tanmátra,8,sound-Tanmaatra,,auto,
Soutańtrika,8,Soutańtrika,,auto,
sphúre,8,sphoore,,auto,
sráśt́áramanekarúpam,8,sraashtaaramanekaroopam,,auto,
srotahsvarańiiśu,8,srotahsvarańiishu,,auto,
srśt́irutpattih,8,srshtirutpattih,,auto,
stán,8,staan,,auto,
sthápana,8,sthaapana,,auto,
Sthavirávádii,8,Sthaviraavaadii,,auto,
Sthaviravádiis,8,Sthaviravaadiis,,auto,
sudháḿshu,8,sudhaamshu,,auto,
sukháya,8,sukhaaya,,auto,
súkśmá,8,sookshamaa,,auto,
surápána,8,suraapaana,,auto,
Sváhá,8,Svaahaa,,auto,
svámii,8,svaamii,,auto,
Tá're,8,Taa're,,auto,
Tadápi,8,Tadaapi,,auto,
taesá,8,taesaa,,auto,
táháder,8,taahaader,,auto,
Táhár,8,Taahaar,,auto,
táhe,8,taahe,,auto,
tamaguńa,8,tamaguńa,,auto,
Tamáhuragryaḿ,8,Tamaahuragryam,,auto,
tamasá,8,tamasaa,,auto,
Tamátmasthaḿ,8,Tamaatmastham,,auto,
tamogúnii,8,tamogoonii,,auto,
támralipi,8,taamralipi,,auto,
tán,8,taan,,auto,
Táṋhá,8,Taaṋhaa,,auto,
Tantraváda,8,Tantravaada,,auto,
Tántrik,8,Taantrik,,auto,
tarauṋga,8,tarauṋga,,auto,
táraye,8,taaraye,,auto,
taŕe,8,taŕe,,auto,
Tári,8,Taari,,auto,
tárińii,8,taarińii,,auto,
taruccháye,8,tarucchaaye,,auto,
Tarulatá,8,Tarulataa,,auto,
tarúń-taruńiite,8,tarooń-taruńiite,,auto,
tasmád,8,tasmaad,,auto,
Tasyábhidhyánád,8,Tasyaabhidhyaanaad,,auto,
tat́astha,8,tatastha,,auto,
tathyánubhúti,8,tathyaanubhooti,,auto,
tattvadraśt́a,8,tattvadrashta,,auto,
t́ekká,8,tekkaa,,auto,
Thákbo,8,Thaakbo,,auto,
t́hakkura,8,thakkura,,auto,
tháṋi,8,thaaṋi,,auto,
t́heliche,8,theliche,,auto,
Tiirthauṋkars,8,Tiirthauṋkars,,auto,
tomá,8,tomaa,,auto,
Tribhuvanamanolobhá,8,Tribhuvanamanolobhaa,,auto,
trikońa,8,trikońa,,auto,
trishariiraḿ,8,trishariiram,,auto,
trśńa,8,trshńa,,auto,
Tulaná,8,Tulanaa,,auto,
Tulsidása,8,Tulsidaasa,,auto,
Tyája,8,Tyaaja,,auto,
uccát́ana,8,ucchaatana,,auto,
úh,8,ooh,,auto,
Upádhyáya,8,Upaadhyaaya,,auto,
upavaśa,8,upavasha,,auto,
úrdhvapáne,8,oordhvapaane,,auto,
uś,8,ush,,auto,
uśńiik,8,ushńiik,,auto,
Uśńik,8,Ushńik,,auto,
utkat́ásana,8,utkataasana,,auto,
vacanádvayam,8,vachanaadvayam,,auto,
vácáya,8,vaachaaya,,auto,
vádiibhayaḿ,8,vaadiibhayam,,auto,
Vádráyaná,8,Vaadraayanaa,,auto,
Vaebháśika,8,Vaebhaashika,,auto,
vaerágyamevábhayaḿ,8,vaeraagyamevaabhayam,,auto,
Vaeshyocita-sevá,8,Vaeshyochita-sevaa,,auto,
Vaeśńavism,8,Vaeshńavism,,auto,
Váhya,8,Vaahya,,auto,
Váhya-vastuváda,8,Vaahya-vastuvaada,,auto,
Vajrabáráhii,8,Vajrabaaraahii,,auto,
Vajrayánii,8,Vajrayaanii,,auto,
Vajrayośita,8,Vajrayoshita,,auto,
vaktása,8,vaktaasa,,auto,
varańa,8,varańa,,auto,
Varddhamána,8,Varddhamaana,,auto,
varńo,8,varńo,,auto,
vásudevasya,8,vaasudevasya,,auto,
Vásukiinága,8,Vaasukiinaaga,,auto,
váun,8,vaaun,,auto,
váyavii,8,vaayavii,,auto,
váyubhúta,8,vaayubhoota,,auto,
Vedavyása,8,Vedavyaasa,,auto,
vidadháti,8,vidadhaati,,auto,
Vidhavá,8,Vidhavaa,,auto,
vidvá,8,vidvaa,,auto,
vidyate'yanáya,8,vidyate'yanaaya,,auto,
vidyávidye,8,vidyaavidye,,auto,
vijániito,8,vijaaniito,,auto,
Vikára,8,Vikaara,,auto,
Vikarśanii,8,Vikarshanii,,auto,
Vinásháya,8,Vinaashaaya,,auto,
virájicha,8,viraajicha,,auto,
Viśahari,8,Vishahari,,auto,
viśaya-bhuiṋja,8,vishaya-bhuiṋja,,auto,
vishálá,8,vishaalaa,,auto,
Vishvámitra,8,Vishvaamitra,,auto,
viśńormamatá,8,vishńormamataa,,auto,
Viśnu,8,Vishnu,,auto,
Vivekacud́ámańi,8,Vivekachudaamańi,,auto,
vyaiṋjana,8,vyaiṋjana,,auto,
vyajanát,8,vyajanaat,,auto,
vyákhyá,8,vyaakhyaa,,auto,
vyáyám,8,vyaayaam,,auto,
Vyáyám,8,Vyaayaam,,auto,
Yacchedváunmanasii,8,Yacchedvaaunmanasii,,auto,
yága,8,yaaga,,auto,
yák,8,yaak,,auto,
yáṋhá,8,yaaṋhaa,,auto,
yásá,8,yaasaa,,auto,
yastadvedobhayaḿ,8,yastadvedobhayam,,auto,
Yastvavijiṋánaván,8,Yastvavijnyaaanavaan,,auto,
Yasyástivittam,8,Yasyaastivittam,,auto,
Yatháriiti,8,Yathaariiti,,auto,
Yávajjiivaḿsukhaḿ,8,Yaavajjiivamsukham,,auto,
yáya,8,yaaya,,auto,
yenáhurmano,8,yenaahurmano,,auto,
yuddhárthaḿ,8,yuddhaartham,,auto,
yugántare,8,yugaantare,,auto,
ábád,7,aabaad,,auto,
Acintyamavyaktamananarúpaḿ,7,Achintyamavyaktamananaroopam,,auto,
ádadánasyasádhu,7,aadadaanasyasaadhu,,auto,
ádarshii,7,aadarshii,,auto,
Adhiśt́hitáh,7,Adhishthitaah,,auto,
adhyátma,7,adhyaatma,,auto,
Ádipitá,7,aadipitaa,,auto,
ádityavarńaḿ,7,aadityavarńam,,auto,
aeśamasya,7,aeshamasya,,auto,
Ágataḿshivavaktrebhyoh,7,aagatamshivavaktrebhyoh,,auto,
Áhára-nidrá-bhaya-maethunaiṋca,7,aahaara-nidraa-bhaya-maethunaiṋcha,,auto,
áisyá,7,aaisyaa,,auto,
ajapá,7,ajapaa,,auto,
Ajiṋána,7,Ajnyaaana,,auto,
Ákarśańa,7,aakarshańa,,auto,
Akśa,7,Akshaa,,auto,
Amániináḿ,7,Amaaniinaam,,auto,
ámlá,7,aamlaa,,auto,
Anácarańiiya,7,Anaacharańiiya,,auto,
ánander,7,aanander,,auto,
Anantashcátmá,7,Anantashchaatmaa,,auto,
ándhár,7,aandhaar,,auto,
Aniishascátmá,7,Aniishaschaatmaa,,auto,
áṋká,7,aaṋkaa,,auto,
Anurága,7,Anuraaga,,auto,
Anyaḿtrńavat,7,Anyamtrńavat,,auto,
apadánta,7,apadaanta,,auto,
aparádh,7,aparaadh,,auto,
Ápta,7,aapta,,auto,
Árabhya,7,aarabhya,,auto,
árám,7,aaraam,,auto,
arúp,7,aroop,,auto,
Áryavartta,7,aaryavartta,,auto,
Ásakti,7,aasakti,,auto,
Áśáŕhete,7,aashaaŕhete,,auto,
asatsauṋga,7,asatsauṋga,,auto,
Aśt́ádasha,7,Ashtaadasha,,auto,
Aśtagirirájáh,7,Ashtagiriraajaah,,auto,
Aśt́akulácaláh,7,Ashtakulaachalaah,,auto,
Aśt́ao,7,Ashtao,,auto,
Asúryyá,7,Asooryyaa,,auto,
át́há,7,aathaa,,auto,
át́kál,7,aatkaal,,auto,
Atmajiṋánam,7,Atmajnyaaanam,,auto,
Átmamokśarthaḿ,7,aatmamokshaartham,,auto,
Átmasthitam,7,aatmasthitam,,auto,
átmiiya,7,aatmiiya,,auto,
Áyamaya,7,aayamaya,,auto,
bágdá,7,baagdaa,,auto,
bahunáshrutena,7,bahunaashrutena,,auto,
bájiikarer,7,baajiikarer,,auto,
bájrá,7,baajraa,,auto,
balihárii,7,balihaarii,,auto,
bándhe,7,baandhe,,auto,
báńijya,7,baańijya,,auto,
baráńane,7,baraańane,,auto,
báŕe,7,baaŕe,,auto,
Báuṋálii,7,Baauṋaalii,,auto,
bhajaluṋ,7,bhajaluṋ,,auto,
Bháratakhańd́a,7,Bhaaratakhańda,,auto,
bháváḿshca,7,bhaavaamshcha,,auto,
bhávárúrhártha,7,bhaavaaroorhaartha,,auto,
bhávátiita,7,bhaavaatiita,,auto,
bhávinii,7,bhaavinii,,auto,
Bhiiśasmadágnishcendrashca,7,Bhiishasmadaagnishchendrashcha,,auto,
bhoktrbhávát,7,bhoktrbhaavaat,,auto,
bhoktrbhogyárthayuktá,7,bhoktrbhogyaarthayuktaa,,auto,
bhúmirńa,7,bhoomirńa,,auto,
bhúrbhuvahsvah,7,bhoorbhuvahsvah,,auto,
bhútánámapi,7,bhootaanaamapi,,auto,
bhúvah,7,bhoovah,,auto,
bhúyo,7,bhooyo,,auto,
Brahmádvyamasmyacham,7,Brahmaadvyamasmyacham,,auto,
Bráhmana,7,Braahmana,,auto,
bráhmańo,7,braahmańo,,auto,
buńt́ika,7,buńtika,,auto,
caenaḿ,7,chaenam,,auto,
Cakkhuná,7,Chakkhunaa,,auto,
calamána,7,chalamaana,,auto,
Campakárańya,7,Champakaarańya,,auto,
cáná,7,chaanaa,,auto,
Cańd́álo'pi,7,Chańdaalo'pi,,auto,
Candrabhánu,7,Chandrabhaanu,,auto,
Caoraungiinátha,7,Chaoraungiinaatha,,auto,
cárucandrá,7,chaaruchandraa,,auto,
Cháyátapao,7,Chaayaatapao,,auto,
chot́a,7,chota,,auto,
Cidánanda,7,Chidaananda,,auto,
daevaḿ,7,daevam,,auto,
Dakśińa,7,Dakshaińa,,auto,
Dákśińátya,7,Daakshaińaatya,,auto,
dáma,7,daama,,auto,
d́anam,7,danam,,auto,
dańd́ena,7,dańdena,,auto,
Darpahárii,7,Darpahaarii,,auto,
dásye,7,daasye,,auto,
dayám,7,dayaam,,auto,
dayár,7,dayaar,,auto,
Devaḿ,7,Devam,,auto,
devánáḿ,7,devaanaam,,auto,
Devatá-daetye,7,Devataa-daetye,,auto,
Devatás,7,Devataas,,auto,
dhaiṋca,7,dhaiṋcha,,auto,
Dhanaiṋjayah,7,Dhanaiṋjayah,,auto,
Dhanurgrhiitavaopaniśadaḿ,7,Dhanurgrhiitavaopanishadam,,auto,
dháraná,7,dhaaranaa,,auto,
dháŕańá,7,dhaaŕańaa,,auto,
dharmaháni,7,dharmahaani,,auto,
dhármikas,7,dhaarmikas,,auto,
dhrtaráśt́ra,7,dhrtaraashtra,,auto,
dhúlá,7,dhoolaa,,auto,
dhúlimay,7,dhoolimay,,auto,
dhvajá,7,dhvajaa,,auto,
dinakararudráh,7,dinakararudraah,,auto,
dinayáminya,7,dinayaaminya,,auto,
duhitá,7,duhitaa,,auto,
dúkán,7,dookaan,,auto,
dvádashii,7,dvaadashii,,auto,
dvávajá,7,dvaavajaa,,auto,
gacchámi,7,gacchaami,,auto,
gáchi,7,gaachi,,auto,
galdá,7,galdaa,,auto,
gaḿ,7,gam,,auto,
gáŕii,7,gaaŕii,,auto,
gáyatrii,7,gaayatrii,,auto,
gelás,7,gelaas,,auto,
ghát́,7,ghaat,,auto,
ghráń,7,ghraań,,auto,
Ghrńashaḿkábhayaḿlajjájugupsácetipaiṋcamii,7,Ghrńashamkaabhayamlajjaajugupsaachetipaiṋchamii,,auto,
gobrahmaghátakah,7,gobrahmaghaatakah,,auto,
golá,7,golaa,,auto,
gopála,7,gopaala,,auto,
gorá,7,goraa,,auto,
grhitvá,7,grhitvaa,,auto,
Guhá,7,Guhaa,,auto,
Guháyám,7,Guhaayaam,,auto,
Guháyáḿ,7,Guhaayaam,,auto,
gulaiṋca,7,gulaiṋcha,,auto,
Guńahiina,7,Guńahiina,,auto,
guńajiṋah,7,guńajnyaah,,auto,
guńánvitáni,7,guńaanvitaani,,auto,
Guńayantrakashca,7,Guńayantrakashca,,auto,
há,7,haa,,auto,
haribhaktiparáyańah,7,haribhaktiparaayańah,,auto,
hat́t́ika,7,hattika,,auto,
hiiyate'rthád,7,hiiyate'rthaad,,auto,
Himálayas,7,Himaalayas,,auto,
Hirańyagarbhaḿ,7,Hirańyagarbham,,auto,
hukkávardár,7,hukkaavardaar,,auto,
hyakartá,7,hyakartaa,,auto,
hyeká,7,hyekaa,,auto,
hyupásánishitaḿ,7,hyupaasaanishitam,,auto,
ilrá,7,ilraa,,auto,
Indrastvaḿ,7,Indrastvam,,auto,
Irávatii,7,Iraavatii,,auto,
IŚT́A,7,IŚTA,,auto,
Iśt́anist,7,Ishtanist,,auto,
Jagannátha,7,Jagannaatha,,auto,
jágrat,7,jaagrat,,auto,
Jáhángiir,7,Jaahaangiir,,auto,
jánchi,7,jaanchi,,auto,
jánhá,7,jaanhaa,,auto,
Jánhá,7,Jaanhaa,,auto,
Japastútih,7,Japastootih,,auto,
Játa,7,Jaata,,auto,
Játasya,7,Jaatasya,,auto,
jáyamánaḿ,7,jaayamaanam,,auto,
Jháŕakhańd́e,7,Jhaaŕakhańde,,auto,
Jiiváma,7,Jiivaama,,auto,
Jiṋájiṋao,7,Jnyaaajnyaao,,auto,
jiṋánakáńd́a,7,jnyaaanakaańda,,auto,
jiṋánamúrtim,7,jnyaaanamoortim,,auto,
jiṋánamúrttim,7,jnyaaanamoorttim,,auto,
Jiṋánis,7,Jnyaaanis,,auto,
jiṋáti,7,jnyaaati,,auto,
Jiṋátva,7,Jnyaaatva,,auto,
jineyaḿ,7,jineyam,,auto,
joŕi,7,joŕi,,auto,
Jugupsá,7,Jugupsaa,,auto,
jvaladarcirekhá,7,jvaladarchirekhaa,,auto,
jyotiśámpatih,7,jyotishaampatih,,auto,
kádá,7,kaadaa,,auto,
káká,7,kaakaa,,auto,
kákaḿ,7,kaakam,,auto,
kákasnán,7,kaakasnaan,,auto,
kakt́esiyás,7,kaktesiyaas,,auto,
kálá,7,kaalaa,,auto,
kálácánd,7,kaalaachaand,,auto,
Káliitalá,7,Kaaliitalaa,,auto,
kambú,7,kamboo,,auto,
Kanyá,7,Kanyaa,,auto,
kaoshalaḿ,7,kaoshalam,,auto,
kapál,7,kapaal,,auto,
kápuruśa,7,kaapurusha,,auto,
kárańatrayahetabe,7,kaarańatrayahetabe,,auto,
karaválaḿ,7,karavaalam,,auto,
karmakśaye,7,karmakshaaye,,auto,
Karojoŕe,7,Karojoŕe,,auto,
Kasbá,7,Kasbaa,,auto,
kat́ha,7,katha,,auto,
kecchá,7,kecchaa,,auto,
khapuśpakrtashekharah,7,khapushpakrtashekharah,,auto,
Kharośt́hii,7,Kharoshthii,,auto,
khet́aka,7,khetaka,,auto,
khoyáluṋ,7,khoyaaluṋ,,auto,
kiḿ,7,kim,,auto,
Kimávariivah,7,Kimaavariivah,,auto,
kledayantyápo,7,kledayantyaapo,,auto,
kleshaerjanmamrtyupraháńih,7,kleshaerjanmamrtyuprahaańih,,auto,
kleshavidúraka,7,kleshavidooraka,,auto,
Kliśt́ákliśt́á,7,Klishtaaklishtaa,,auto,
KOŚA,7,KOŚA,,auto,
Kot́i,7,Koti,,auto,
krid́ate,7,kridate,,auto,
krśibhúh,7,krshibhooh,,auto,
Krśńadvaepáyana,7,Krshńadvaepaayana,,auto,
krtakarmanáshah,7,krtakarmanaashah,,auto,
Krttiká,7,Krttikaa,,auto,
kryaḿ,7,kryam,,auto,
kśaramakśaraiṋca,7,kshaaramakshaaraiṋcha,,auto,
kśiińaeh,7,kshaiińaeh,,auto,
Kśiti,7,kshaiti,,auto,
Kulaḿshiilaiṋca,7,Kulamshiilaiṋcha,,auto,
kushalo'syalabdháshcaryojiṋátá,7,kushalo'syalabdhaashcharyojnyaaataa,,auto,
kuśmáńd́a,7,kushmaańda,,auto,
kút́ayonayáh,7,kootayonayaah,,auto,
labdhá,7,labdhaa,,auto,
labdháshcaryo,7,labdhaashcharyo,,auto,
laghimá-siddhi,7,laghimaa-siddhi,,auto,
lakśanach,7,lakshaanach,,auto,
lakśyam,7,lakshayam,,auto,
laŕkiyán,7,laŕkiyaan,,auto,
lauṋká,7,lauṋkaa,,auto,
Likhitvá,7,Likhitvaa,,auto,
lohitakśa,7,lohitakshaa,,auto,
lohitákśastad́idgarbhá,7,lohitaakshaastadidgarbhaa,,auto,
lohitashuklakrśńáḿ,7,lohitashuklakrshńaam,,auto,
Madhyamácárii,7,Madhyamaachaarii,,auto,
MAHÁKAOLA,7,MAHaaKAOLA,,auto,
mahánimba,7,mahaanimba,,auto,
mahánirváńa,7,mahaanirvaańa,,auto,
mahápápa,7,mahaapaapa,,auto,
mahápráń,7,mahaapraań,,auto,
Mahápuruśas,7,Mahaapurushas,,auto,
maharśih,7,maharshih,,auto,
mahástraḿ,7,mahaastram,,auto,
maháviśńum,7,mahaavishńum,,auto,
Mahdyamá,7,Mahdyamaa,,auto,
Mahimá,7,Mahimaa,,auto,
malinámbaradhará,7,malinaambaradharaa,,auto,
Máḿ,7,Maam,,auto,
mamatvátishayánkitah,7,mamatvaatishayaankitah,,auto,
mamatvátishayáunkitah,7,mamatvaatishayaaunkitah,,auto,
mánadena,7,maanadena,,auto,
mańd́á,7,mańdaa,,auto,
Manobuddhyahaḿkáro,7,Manobuddhyahamkaaro,,auto,
mánuśyaḿ,7,maanushyam,,auto,
manyante'nirdeshyamparamaḿsukham,7,manyante'nirdeshyamparamamsukham,,auto,
mátah,7,maatah,,auto,
mátaram,7,maataram,,auto,
Mátulo,7,Maatulo,,auto,
máuṋgay,7,maauṋgay,,auto,
medhá,7,medhaa,,auto,
Mevárii,7,Mevaarii,,auto,
mohimá,7,mohimaa,,auto,
Mukhyá,7,Mukhyaa,,auto,
muktirvidhipújane,7,muktirvidhipoojane,,auto,
múrháh,7,moorhaah,,auto,
múrti,7,moorti,,auto,
múrttih,7,moorttih,,auto,
nádii,7,naadii,,auto,
naenaddevá,7,naenaddevaa,,auto,
naenaḿ,7,naenam,,auto,
Naenaḿ,7,Naenam,,auto,
Naevásanát,7,Naevaasanaat,,auto,
Nágarii,7,Naagarii,,auto,
náham,7,naaham,,auto,
Náhán,7,Naahaan,,auto,
ńak,7,ńak,,auto,
Nakúla,7,Nakoola,,auto,
Naliniidalagatajalamatitaralaḿ,7,Naliniidalagatajalamatitaralam,,auto,
Namaskára,7,Namaskaara,,auto,
Narashirakhad́gavarábhayashobhaná,7,Narashirakhadgavaraabhayashobhanaa,,auto,
NÁRÁYAŃA,7,NaaRaaYAŃA,,auto,
Náráyańii-Gańd́aka,7,Naaraayańii-Gańdaka,,auto,
Naviinameghasannibhaḿ,7,Naviinameghasannibham,,auto,
netá,7,netaa,,auto,
nirakáraḿ,7,nirakaaram,,auto,
Nirgranthaváda,7,Nirgranthavaada,,auto,
Nirváńa,7,Nirvaańa,,auto,
nishácaracamúh,7,nishaacharachamooh,,auto,
nodarsthá,7,nodarsthaa,,auto,
nrńáḿcenmokśasádhanii,7,nrńaamchenmokshaasaadhanii,,auto,
ńu,7,ńu,,auto,
nuḿgá,7,numgaa,,auto,
nyáya,7,nyaaya,,auto,
Od́ra,7,Odra,,auto,
ojhá,7,ojhaa,,auto,
padmajanmaná,7,padmajanmanaa,,auto,
Paiṋcágnayo,7,Paiṋchaagnayo,,auto,
Paiṋcánana,7,Paiṋchaanana,,auto,
páiyá,7,paaiyaa,,auto,
páká,7,paakaa,,auto,
pańd́a,7,pańda,,auto,
Pánd́ejii,7,Paandejii,,auto,
páńipádantat,7,paańipaadantat,,auto,
pánkaoŕi,7,paankaoŕi,,auto,
Pápiider,7,Paapiider,,auto,
Paragańá,7,Paragańaa,,auto,
Paráiṋci,7,Paraaiṋchi,,auto,
Paramátmá's,7,Paramaatmaa's,,auto,
parárdhe,7,paraardhe,,auto,
paráuṋ,7,paraauṋ,,auto,
páŕe,7,paaŕe,,auto,
parirakśitá,7,parirakshaitaa,,auto,
paŕite,7,paŕite,,auto,
pariveśt́araḿ,7,pariveshtaram,,auto,
Paropokárah,7,Paropokaarah,,auto,
párthivii,7,paarthivii,,auto,
pashubhiirnaránám,7,pashubhiirnaraanaam,,auto,
pashubhirnaránám,7,pashubhirnaraanaam,,auto,
pát́hát,7,paathaat,,auto,
patiinám,7,patiinaam,,auto,
Patra-puśpa,7,Patra-pushpa,,auto,
pávakah,7,paavakah,,auto,
phalákáuṋkhii,7,phalaakaauṋkhii,,auto,
phalákáuṋkśii,7,phalaakaauṋkshaii,,auto,
piitámbará,7,piitaambaraa,,auto,
piyál,7,piyaal,,auto,
Piyálii,7,Piyaalii,,auto,
Pracára,7,Prachaara,,auto,
Pradhánamamrtákśaraḿ,7,Pradhaanamamrtaakshaaram,,auto,
prakiirtitáh,7,prakiirtitaah,,auto,
prańám,7,prańaam,,auto,
Prańavánanda,7,Prańavaananda,,auto,
práńayáma,7,praańayaama,,auto,
pránte,7,praante,,auto,
Prapattiváda,7,Prapattivaada,,auto,
prashántamamrtaḿ,7,prashaantamamrtam,,auto,
práte,7,praate,,auto,
pratiśt́hitah,7,pratishthitah,,auto,
pratiśt́hitáh,7,pratishthitaah,,auto,
pratiśt́hitaḿ,7,pratishthitam,,auto,
pratiśt́itam,7,pratishtitam,,auto,
Pratyagátma,7,Pratyagaatma,,auto,
praváhinii,7,pravaahinii,,auto,
praviśt́ao,7,pravishtao,,auto,
prayatnátah,7,prayatnaatah,,auto,
premasvarupińii,7,premasvarupińii,,auto,
pújanam,7,poojanam,,auto,
punarńeha,7,punarńeha,,auto,
puńyaván,7,puńyavaan,,auto,
púrńád,7,poorńaad,,auto,
púrńendusadrshánaná,7,poorńendusadrshaananaa,,auto,
Purńimá,7,Purńimaa,,auto,
Puruśaḿsiniitah,7,Purushamsiniitah,,auto,
Rái,7,Raai,,auto,
Raiṋjaná's,7,Raiṋjanaa's,,auto,
rájánah,7,raajaanah,,auto,
rájánománavastathá,7,raajaanomaanavastathaa,,auto,
rákhila,7,raakhila,,auto,
rámah,7,raamah,,auto,
rámaḿ,7,raamam,,auto,
Rámasya,7,Raamasya,,auto,
Ráŕhe,7,Raaŕhe,,auto,
rathayátrá,7,rathayaatraa,,auto,
rauṋga,7,rauṋga,,auto,
Rauṋga,7,Rauṋga,,auto,
Rávanasya,7,Raavanasya,,auto,
Rekhá,7,Rekhaa,,auto,
rńa,7,rńa,,auto,
rś,7,rsh,,auto,
Rtaḿ,7,Rtam,,auto,
śad́aripu,7,shadaripu,,auto,
SADÁSHIVA,7,SADaaSHIVA,,auto,
Sádháná,7,Saadhaanaa,,auto,
sádhanaḿ,7,saadhanam,,auto,
SÁDHU,7,SaaDHU,,auto,
Sahasrapát,7,Sahasrapaat,,auto,
SAIṊCARA,7,SAIṊCARA,,auto,
śak,7,shak,,auto,
Sakhá,7,Sakhaa,,auto,
sámáni,7,saamaani,,auto,
sámányametad,7,saamaanyametad,,auto,
sáḿgsaratáh,7,saamgsarataah,,auto,
Saḿkhya,7,Samkhya,,auto,
saḿliinamánasah,7,samliinamaanasah,,auto,
Saḿskárát,7,Samskaaraat,,auto,
Saḿskrit,7,Samskrit,,auto,
Saḿsthápana,7,Samsthaapana,,auto,
samudhútaḿ,7,samudhootam,,auto,
samudrá,7,samudraa,,auto,
saḿvrttibodhicitta,7,samvrttibodhichitta,,auto,
samyaunnirásena,7,samyaunniraasena,,auto,
Saḿyuktametat,7,Samyuktametat,,auto,
sandhyás,7,sandhyaas,,auto,
sandhyáy,7,sandhyaay,,auto,
sannyásin,7,sannyaasin,,auto,
sargujá,7,sargujaa,,auto,
Sárśt́hi,7,Saarshthi,,auto,
sárupya,7,saarupya,,auto,
sarvabhúta,7,sarvabhoota,,auto,
sarvajiṋah,7,sarvajnyaah,,auto,
sarvajiṋatvabiijam,7,sarvajnyaatvabiijam,,auto,
sarvaḿpratiśt́hitam,7,sarvampratishthitam,,auto,
sarvapáshápahánih,7,sarvapaashaapahaanih,,auto,
sarvato'kśishiromukham,7,sarvato'kshaishiromukham,,auto,
sarvatosákśii,7,sarvatosaakshaii,,auto,
Sarvavarńaer,7,Sarvavarńaer,,auto,
shádá,7,shaadaa,,auto,
SHÁK,7,SHaaK,,auto,
shálá,7,shaalaa,,auto,
sharaḿ,7,sharam,,auto,
sharańam,7,sharańam,,auto,
shástramásrtyaḿ,7,shaastramaasrtyam,,auto,
shastráńi,7,shastraańi,,auto,
Shástravyákhyána,7,Shaastravyaakhyaana,,auto,
shástravyákhyánakaoshalam,7,shaastravyaakhyaanakaoshalam,,auto,
shástravyákhyáne,7,shaastravyaakhyaane,,auto,
Shiitakále,7,Shiitakaale,,auto,
shirńii,7,shirńii,,auto,
Shivabháva,7,Shivabhaava,,auto,
shokáshru,7,shokaashru,,auto,
shośayati,7,shoshayati,,auto,
shreśt́hah,7,shreshthah,,auto,
shreśt́hastad,7,shreshthastad,,auto,
Shrńvanto'pi,7,Shrńvanto'pi,,auto,
shrutavána,7,shrutavaana,,auto,
Shuddhasattvavisheśád́vá,7,Shuddhasattvavisheshaadvaa,,auto,
Shukáiyá,7,Shukaaiyaa,,auto,
shúrpakará,7,shoorpakaraa,,auto,
shyámala,7,shyaamala,,auto,
siitá,7,siitaa,,auto,
Siyá-Rámamaya,7,Siyaa-Raamamaya,,auto,
smarennityaḿ,7,smarennityam,,auto,
Somá,7,Somaa,,auto,
soná,7,sonaa,,auto,
sraśt́aramanekarúpam,7,srashtaramanekaroopam,,auto,
Srotahsvarańiiśu,7,Srotahsvarańiishu,,auto,
sudúra,7,sudoora,,auto,
Suhásarainjitádharaḿ,7,Suhaasarainjitaadharam,,auto,
sukhetareśu,7,sukhetareshu,,auto,
Sukśmácca,7,Sukshamaaccha,,auto,
Sukśmáeca,7,Sukshamaaecha,,auto,
suptashaktiraśuptadrk,7,suptashaktirashuptadrk,,auto,
súryastvaḿ,7,sooryastvam,,auto,
Suvarńarekhá,7,Suvarńarekhaa,,auto,
svapacádhamah,7,svapachaadhamah,,auto,
Svarát́,7,Svaraat,,auto,
svayambhú-stasmát,7,svayambhoo-stasmaat,,auto,
T́a,7,Ta,,auto,
taddhávagatena,7,taddhaavagatena,,auto,
tadevetaráh,7,tadevetaraah,,auto,
tadvijániiyáḿ,7,tadvijaaniiyaam,,auto,
t́áká,7,taakaa,,auto,
Tál,7,Taal,,auto,
talá,7,talaa,,auto,
támasá,7,taamasaa,,auto,
Tantrayána,7,Tantrayaana,,auto,
Tárakeshvarah,7,Taarakeshvarah,,auto,
tarunyá,7,tarunyaa,,auto,
Tasmádasatsauṋgamudrańaḿ,7,Tasmaadasatsauṋgamudrańam,,auto,
Tasyábhidhyánat,7,Tasyaabhidhyaanat,,auto,
Tathádimadhyántavihiinamekaḿ,7,Tathaadimadhyaantavihiinamekam,,auto,
tatsaviturvareńyam,7,tatsaviturvareńyam,,auto,
Táttvikas,7,Taattvikas,,auto,
tatvamasyádilakśyaḿ,7,tatvamasyaadilakshayam,,auto,
tejasá,7,tejasaa,,auto,
teśám,7,teshaam,,auto,
Teśámabháve,7,Teshaamabhaave,,auto,
t́háiṋ,7,thaaiṋ,,auto,
t́hama,7,thama,,auto,
tiirasthaḿ,7,tiirastham,,auto,
t́ikt́iki,7,tiktiki,,auto,
tiśthati,7,tishthati,,auto,
tomáder,7,tomaader,,auto,
tomáy,7,tomaay,,auto,
trśńá,7,trshńaa,,auto,
Tuṋhu,7,Tuṋhu,,auto,
Tvamantariikśe,7,Tvamantariikshae,,auto,
tvátmabhávádátmápyaniishah,7,tvaatmabhaavaadaatmaapyaniishah,,auto,
tyajyamapuktaḿ,7,tyajyamapuktam,,auto,
tyájyamapyayuktam,7,tyaajyamapyayuktam,,auto,
uccárila,7,ucchaarila,,auto,
ucciḿŕe,7,ucchimŕe,,auto,
Ugraḿviiram,7,Ugramviiram,,auto,
úrdhvamukhe,7,oordhvamukhe,,auto,
Uŕiche,7,Uŕiche,,auto,
ut́a,7,uta,,auto,
Vácanika,7,Vaachanika,,auto,
Vaedyanáthah,7,Vaedyanaathah,,auto,
vaekuńt́he,7,vaekuńthe,,auto,
váhira,7,vaahira,,auto,
Vahisthaḿ,7,Vahistham,,auto,
Vajiká,7,Vajikaa,,auto,
Vákvaekharii,7,Vaakvaekharii,,auto,
Vandaná,7,Vandanaa,,auto,
vánii,7,vaanii,,auto,
Vańiker,7,Vańiker,,auto,
vápyaliuṋgát,7,vaapyaliuṋgaat,,auto,
Váráńasyáḿ,7,Vaaraańasyaam,,auto,
Varendrabhúmi,7,Varendrabhoomi,,auto,
Varńáshramavihiinashca,7,Varńaashramavihiinashcha,,auto,
Vartámahe,7,Vartaamahe,,auto,
Vedapáthát,7,Vedapaathaat,,auto,
Vicitrá,7,Vichitraa,,auto,
viditvátimrtyumeti,7,viditvaatimrtyumeti,,auto,
viduśaḿ,7,vidusham,,auto,
vidváḿstasyaeśa,7,vidvaamstasyaesha,,auto,
vidyáyáḿ,7,vidyaayaam,,auto,
viiń,7,viiń,,auto,
viishaniishávajá,7,viishaniishaavajaa,,auto,
vikalatá,7,vikalataa,,auto,
Vikramáditya,7,Vikramaaditya,,auto,
vinaśt́i,7,vinashti,,auto,
vipráh,7,vipraah,,auto,
Virúpákśa,7,Viroopaakshaa,,auto,
visheśah,7,visheshah,,auto,
vishvádhipo,7,vishvaadhipo,,auto,
Vishvanáthah,7,Vishvanaathah,,auto,
vishvarúpo,7,vishvaroopo,,auto,
Viśńuparistitah,7,Vishńuparistitah,,auto,
vomnyátma,7,vomnyaatma,,auto,
vrátya,7,vraatya,,auto,
Vrindávana,7,Vrindaavana,,auto,
Vrndávane,7,Vrndaavane,,auto,
Vyághrámbara,7,Vyaaghraambara,,auto,
vyaktávyaktaḿ,7,vyaktaavyaktam,,auto,
vyarthaḿ,7,vyartham,,auto,
yachhecchánta,7,yachhecchaanta,,auto,
yajiṋahkśatraḿ,7,yajnyaahkshaatram,,auto,
yajúḿsi,7,yajoomsi,,auto,
Yár,7,Yaar,,auto,
Yasyásti,7,Yasyaasti,,auto,
yathárthatvaḿ,7,yathaarthatvam,,auto,
yogarúrhártha,7,yogaroorhaartha,,auto,
yojanátmakah,7,yojanaatmakah,,auto,
yugapáńi,7,yugapaańi,,auto,
Yuktihiinavicáre,7,Yuktihiinavichaare,,auto,
'Krśńa,6,'Krshńa,,auto,
'mudrá',6,'mudraa',,auto,
'Shukrá,6,'Shukraa,,auto,
'Yudhiśt́hira',6,'Yudhishthira',,auto,
á-ga-ma,6,aa-ga-ma,,auto,
Ábád,6,aabaad,,auto,
ábeshe,6,aabeshe,,auto,
Ábhiiravámanayanápahrtámánasáya,6,aabhiiravaamanayanaapahrtaamaanasaaya,,auto,
abhijiṋátá,6,abhijnyaaataa,,auto,
Abhilása,6,Abhilaasa,,auto,
Abhisandháya,6,Abhisandhaaya,,auto,
Abhyutthána,6,Abhyutthaana,,auto,
Acakśurshrotramatyarthaḿ,6,Achakshaurshrotramatyartham,,auto,
acár,6,achaar,,auto,
ácárańa,6,aachaarańa,,auto,
Ácarańiiya,6,aacharańiiya,,auto,
ácáryá,6,aachaaryaa,,auto,
Ácho,6,aacho,,auto,
adhahpáte,6,adhahpaate,,auto,
ádháragata,6,aadhaaragata,,auto,
ádhikyatá,6,aadhikyataa,,auto,
Adhiśt́hánamanaopamayáumanasagocaram,6,Adhishthaanamanaopamayaaumanasagocharam,,auto,
Ádibindu,6,aadibindu,,auto,
Ádideva,6,aadideva,,auto,
ádiliuṋga,6,aadiliuṋga,,auto,
áditya,6,aaditya,,auto,
ádividván,6,aadividvaan,,auto,
advaetavádaḿ,6,advaetavaadam,,auto,
Aekatáne,6,Aekataane,,auto,
aeshvryamevabá,6,aeshvryamevabaa,,auto,
ágacchatyasmád,6,aagacchatyasmaad,,auto,
Ágatam,6,aagatam,,auto,
Ághana,6,aaghana,,auto,
ághráńa,6,aaghraańa,,auto,
agnisharmá,6,agnisharmaa,,auto,
Ahaḿkára,6,Ahamkaara,,auto,
Áhárashuddhao,6,aahaarashuddhao,,auto,
Áhárnidrábhayamaethunaiṋca,6,aahaarnidraabhayamaethunaiṋcha,,auto,
ahorátraḿ,6,ahoraatram,,auto,
áisa,6,aaisa,,auto,
ájá,6,aajaa,,auto,
ájike,6,aajike,,auto,
ájiṋa,6,aajnyaa,,auto,
Ákásha,6,aakaasha,,auto,
ákáshii,6,aakaashii,,auto,
Akliśt́ákliśt́avrtti,6,Aklishtaaklishtavrtti,,auto,
Akśarabháva,6,Akshaarabhaava,,auto,
áládá,6,aalaadaa,,auto,
álajib,6,aalajib,,auto,
Alakánanda,6,Alakaananda,,auto,
Alakánandá,6,Alakaanandaa,,auto,
Álápe,6,aalaape,,auto,
Aliuṋga,6,Aliuṋga,,auto,
álor,6,aalor,,auto,
Áma,6,aama,,auto,
Amáninaḿ,6,Amaaninam,,auto,
Amarár,6,Amaraar,,auto,
amávasyá,6,amaavasyaa,,auto,
amratákśaraḿ,6,amrataakshaaram,,auto,
amrtatvaḿ,6,amrtatvam,,auto,
ańadi,6,ańadi,,auto,
anádiliuṋga,6,anaadiliuṋga,,auto,
Anádyanantaḿ,6,Anaadyanantam,,auto,
ánandarúpamamrtaḿ,6,aanandaroopamamrtam,,auto,
Ananyámamatá,6,Ananyaamamataa,,auto,
ananyapáy,6,ananyapaay,,auto,
Anárya,6,Anaarya,,auto,
Anáryas,6,Anaaryas,,auto,
ańd́á,6,ańdaa,,auto,
ándhaŕ,6,aandhaŕ,,auto,
áni,6,aani,,auto,
Anindyánanda,6,Anindyaananda,,auto,
Anityáshuciduhkhánátmasu,6,Anityaashuchiduhkhaanaatmasu,,auto,
annamáya,6,annamaaya,,auto,
áno,6,aano,,auto,
Ańorańiiyán,6,Ańorańiiyaan,,auto,
áṋsu,6,aaṋsu,,auto,
Áṋsu,6,aaṋsu,,auto,
áṋsure,6,aaṋsure,,auto,
Anujiṋatá,6,Anujnyaataa,,auto,
anujiṋáta,6,anujnyaaata,,auto,
Anuśt́up,6,Anushtup,,auto,
aośadh,6,aoshadh,,auto,
Ápadanna,6,aapadanna,,auto,
ápan-máner,6,aapan-maaner,,auto,
Apáńipádo,6,Apaańipaado,,auto,
aparińámitva,6,aparińaamitva,,auto,
Ápascavishvabheśajii,6,aapaschavishvabheshajii,,auto,
Ápekśika,6,aapekshaika,,auto,
aprámáńikáyá,6,apraamaańikaayaa,,auto,
Apsará,6,Apsaraa,,auto,
áptakáma,6,aaptakaama,,auto,
áptakámah,6,aaptakaamah,,auto,
áptavákya,6,aaptavaakya,,auto,
Apúrba,6,Apoorba,,auto,
Ará,6,Araa,,auto,
ára,6,aara,,auto,
Arcádavarcayed,6,Archaadavarchayed,,auto,
Árki,6,aarki,,auto,
Aŕyávaŕtta,6,Aŕyaavaŕtta,,auto,
ásá,6,aasaa,,auto,
Asambhúti,6,Asambhooti,,auto,
aśárh,6,ashaarh,,auto,
ásava,6,aasava,,auto,
Ásbe,6,aasbe,,auto,
áshakti,6,aashakti,,auto,
Ashokaśaśt́hii,6,Ashokashashthii,,auto,
Ashokáśt́amii,6,Ashokaashtamii,,auto,
Áshramas,6,aashramas,,auto,
Áshramii,6,aashramii,,auto,
ashuklakŕśna,6,ashuklakŕshna,,auto,
Áshutośa,6,aashutosha,,auto,
áshvinii,6,aashvinii,,auto,
ásina,6,aasina,,auto,
asmakaḿ,6,asmakam,,auto,
aśt́a,6,ashta,,auto,
Aśtádashapuráneśu,6,Ashtaadashapuraaneshu,,auto,
Ast́ávidháhyeśá,6,Astaavidhaahyeshaa,,auto,
Aśt́ottar,6,Ashtottar,,auto,
ásve,6,aasve,,auto,
átmávivrńute,6,aatmaavivrńute,,auto,
Átyanatikii,6,aatyanatikii,,auto,
Avadhána,6,Avadhaana,,auto,
ávám,6,aavaam,,auto,
ávaranii,6,aavaranii,,auto,
avasthá,6,avasthaa,,auto,
avidyás,6,avidyaas,,auto,
avinábhávii,6,avinaabhaavii,,auto,
áviraviramayaedhi,6,aaviraviramayaedhi,,auto,
Ávirbháva,6,aavirbhaava,,auto,
ávirbháve,6,aavirbhaave,,auto,
Ayátmá,6,Ayaatmaa,,auto,
ayogaváha,6,ayogavaaha,,auto,
ayogaváhá,6,ayogavaahaa,,auto,
Bábu,6,Baabu,,auto,
baesyá,6,baesyaa,,auto,
Bágmatii,6,Baagmatii,,auto,
Bagŕi,6,Bagŕi,,auto,
bahádar,6,bahaadar,,auto,
Báhar,6,Baahar,,auto,
bahuvidhaermargaerbhávini,6,bahuvidhaermargaerbhaavini,,auto,
báhyaḿ,6,baahyam,,auto,
bájii,6,baajii,,auto,
bakudashá,6,bakudashaa,,auto,
Bálakriidańavat,6,Baalakriidańavat,,auto,
balátkár,6,balaatkaar,,auto,
balaván,6,balavaan,,auto,
baliiḿ,6,baliim,,auto,
bálish,6,baalish,,auto,
balmimadhútavámana,6,balmimadhootavaamana,,auto,
Baṋdhu,6,Baṋdhu,,auto,
Bángál,6,Baangaal,,auto,
báṋshiir,6,baaṋshiir,,auto,
baráha,6,baraaha,,auto,
Baraśár,6,Barashaar,,auto,
baŕhvá,6,baŕhvaa,,auto,
Bároiyárii,6,Baaroiyaarii,,auto,
bás,6,baas,,auto,
báse,6,baase,,auto,
bátásá,6,baataasaa,,auto,
báuṋálii,6,baauṋaalii,,auto,
bedo'yamábháso'pi,6,bedo'yamaabhaaso'pi,,auto,
Belá,6,Belaa,,auto,
bhagavadkrpáleshádvá,6,bhagavadkrpaaleshaadvaa,,auto,
Bhajaná,6,Bhajanaa,,auto,
bhakśayet,6,bhakshaayet,,auto,
Bhakti-Sádhaná,6,Bhakti-Saadhanaa,,auto,
bhálobási,6,bhaalobaasi,,auto,
bhándá,6,bhaandaa,,auto,
Bharadvájagotra,6,Bharadvaajagotra,,auto,
Bharagát,6,Bharagaat,,auto,
bharaśá,6,bharashaa,,auto,
bhásáo,6,bhaasaao,,auto,
Bhásayatiimállokániti,6,Bhaasayatiimaallokaaniti,,auto,
bhásuŕer,6,bhaasuŕer,,auto,
bhávadhárá,6,bhaavadhaaraa,,auto,
bhávaka,6,bhaavaka,,auto,
Bhavámbodhi,6,Bhavaambodhi,,auto,
bhávámrte,6,bhaavaamrte,,auto,
bhavárńavatarańe,6,bhavaarńavatarańe,,auto,
bhávárúd́hártha,6,bhaavaaroodhaartha,,auto,
bhavatápam,6,bhavataapam,,auto,
bhávavádii,6,bhaavavaadii,,auto,
bhavenmatsyasádhakah,6,bhavenmatsyasaadhakah,,auto,
bhávyate,6,bhaavyate,,auto,
Bhayáńáḿ,6,Bhayaańaam,,auto,
Bhedábhedastathá,6,Bhedaabhedastathaa,,auto,
bhicákashiiti,6,bhichaakashiiti,,auto,
bhiicákashiiti,6,bhiichaakashiiti,,auto,
bhiiśańánám,6,bhiishańaanaam,,auto,
Bhiiśodeti,6,Bhiishodeti,,auto,
bhijiṋa,6,bhijnyaa,,auto,
bhikśá,6,bhikshaaa,,auto,
bhikśu,6,bhikshau,,auto,
bhikśuniis,6,bhikshauniis,,auto,
bhinnadrkbhávo,6,bhinnadrkbhaavo,,auto,
bhogavádii,6,bhogavaadii,,auto,
bhogyá,6,bhogyaa,,auto,
bhogyaḿ,6,bhogyam,,auto,
bholálo,6,bholaalo,,auto,
Bhrámyate,6,Bhraamyate,,auto,
bhuiṋj,6,bhuiṋj,,auto,
bhuktabhogá,6,bhuktabhogaa,,auto,
bhúkti,6,bhookti,,auto,
bhutáni,6,bhutaani,,auto,
Bhútatattva,6,Bhootatattva,,auto,
bhútayonim,6,bhootayonim,,auto,
bhuvanaḿ,6,bhuvanam,,auto,
bhúvarloka,6,bhoovarloka,,auto,
Bhuyaschánte,6,Bhuyaschaante,,auto,
bipáke,6,bipaake,,auto,
bluktabhogámajo'nyah,6,bluktabhogaamajo'nyah,,auto,
Brahatvád,6,Brahatvaad,,auto,
Bráhma,6,Braahma,,auto,
Brahma-Jiṋána,6,Brahma-Jnyaaana,,auto,
Brahma-Vijiṋána,6,Brahma-Vijnyaaana,,auto,
Brahmacariyaḿ,6,Brahmachariyam,,auto,
Bráhmaevedamamrtaḿ,6,Braahmaevedamamrtam,,auto,
Brahmalakśańaeh,6,Brahmalakshaańaeh,,auto,
Bráhmań,6,Braahmań,,auto,
Brahmańa,6,Brahmańa,,auto,
Brahmánandaḿ,6,Brahmaanandam,,auto,
Brahmánda,6,Brahmaanda,,auto,
Brahmańe,6,Brahmańe,,auto,
Brahmańimodate,6,Brahmańimodate,,auto,
Bráhmańya,6,Braahmańya,,auto,
brahmarśi,6,brahmarshi,,auto,
Brahmasadbhávah,6,Brahmasadbhaavah,,auto,
brahmátmakaḿ,6,brahmaatmakam,,auto,
brahmavádino,6,brahmavaadino,,auto,
Bráhmins,6,Braahmins,,auto,
brajámah,6,brajaamah,,auto,
brḿhańa,6,brmhańa,,auto,
Brḿhanatvád,6,Brmhanatvaad,,auto,
bruyát,6,bruyaat,,auto,
buddhá,6,buddhaa,,auto,
Buŕá,6,Buŕaa,,auto,
Buri-Gańd́aka,6,Buri-Gańdaka,,auto,
Buŕoshivatalá,6,Buŕoshivatalaa,,auto,
byábahár,6,byaabahaar,,auto,
cacá,6,chachaa,,auto,
Caetańya,6,Caetańya,,auto,
cáhi,6,chaahi,,auto,
cahibár,6,chahibaar,,auto,
cáho,6,chaaho,,auto,
Cái,6,Chaai,,auto,
cámaras,6,chaamaras,,auto,
cańd́a,6,chańda,,auto,
Cańdálo'pi,6,Chańdaalo'pi,,auto,
Cańd́arośańa,6,Chańdaroshańa,,auto,
carańe,6,carańe,,auto,
Cátaker,6,Chaataker,,auto,
cáturvarńika,6,chaaturvarńika,,auto,
cául,6,chaaul,,auto,
cet́alo,6,chetalo,,auto,
Champakárańya,6,Champakaarańya,,auto,
chandapradhána,6,chandapradhaana,,auto,
Chápra,6,Chaapra,,auto,
Chatrishgaŕii,6,Chatrishgaŕii,,auto,
chilám,6,chilaam,,auto,
chot́t́á,6,chottaa,,auto,
cidánandamarúpamadbhútam,6,chidaanandamaroopamadbhootam,,auto,
cidrúpaḿ,6,chidroopam,,auto,
ciináḿshuka,6,chiinaamshuka,,auto,
cikitsáy,6,chikitsaay,,auto,
cittánu,6,chittaanu,,auto,
cottaraḿ,6,chottaram,,auto,
dahháti,6,dahhaati,,auto,
Daiŕbhanga,6,Daiŕbhanga,,auto,
Dákśinátya,6,Daakshainaatya,,auto,
dakśińe,6,dakshaińe,,auto,
dám,6,daam,,auto,
dambhaḿ,6,dambham,,auto,
dánava,6,daanava,,auto,
Dańd́a,6,Dańda,,auto,
dánto,6,daanto,,auto,
dára,6,daara,,auto,
dárá,6,daaraa,,auto,
Daŕibhangá,6,Daŕibhangaa,,auto,
Dáŕibhangá,6,Daaŕibhangaa,,auto,
dariyáy,6,dariyaay,,auto,
d́áuṋgál,6,daauṋgaal,,auto,
Deshátiita,6,Deshaatiita,,auto,
devá,6,devaa,,auto,
Devá,6,Devaa,,auto,
devamiid́yaḿ,6,devamiidyam,,auto,
Devasenápati,6,Devasenaapati,,auto,
Deváshca,6,Devaashcha,,auto,
devásura,6,devaasura,,auto,
DEVATÁ,6,DEVATaa,,auto,
deveśvatha,6,deveshvatha,,auto,
d́hák,6,dhaak,,auto,
dhárańa,6,dhaarańa,,auto,
Dhárańa,6,Dhaarańa,,auto,
DHÁRAŃÁ,6,DHaaRAŃaa,,auto,
Dharańii,6,Dharańii,,auto,
dhárańkárii,6,dhaarańkaarii,,auto,
dháráyáḿ,6,dhaaraayaam,,auto,
dharma-sádhakas,6,dharma-saadhakas,,auto,
dharmácarańa,6,dharmaacharańa,,auto,
Dharmamahá,6,Dharmamahaa,,auto,
Dharmán,6,Dharmaan,,auto,
Dharmenahiináh,6,Dharmenahiinaah,,auto,
dhartá,6,dhartaa,,auto,
dháryas,6,dhaaryas,,auto,
Dhrtaráśt́rah,6,Dhrtaraashtrah,,auto,
dhrtavánasi,6,dhrtavaanasi,,auto,
dhukhádi,6,dhukhaadi,,auto,
Dhvaḿse,6,Dhvamse,,auto,
dhyánakriyá,6,dhyaanakriyaa,,auto,
dhyánaḿ,6,dhyaanam,,auto,
dhyánaniśt́ashca,6,dhyaananishtashcha,,auto,
dhyániśt́ha,6,dhyaanishtha,,auto,
Dhyátva,6,Dhyaatva,,auto,
dhyáyet,6,dhyaayet,,auto,
diikśeti,6,diikshaeti,,auto,
diikśita,6,diikshaita,,auto,
Diipajiṋánaḿ,6,Diipajnyaaanam,,auto,
dikśu,6,dikshau,,auto,
d́iḿle,6,dimle,,auto,
D́ombii,6,Dombii,,auto,
d́omnii,6,domnii,,auto,
draśtá,6,drashtaa,,auto,
drd́ha,6,drdha,,auto,
dugdhabálakah,6,dugdhabaalakah,,auto,
d́umura,6,dumura,,auto,
Dúra,6,Doora,,auto,
Dúranta,6,Dooranta,,auto,
durátmá,6,duraatmaa,,auto,
dúrete,6,doorete,,auto,
durlakśana,6,durlakshaana,,auto,
dushcaritánnáshánto,6,dushcharitaannaashaanto,,auto,
duyáre,6,duyaare,,auto,
dvidhábhinná,6,dvidhaabhinnaa,,auto,
dvijashreśt́hah,6,dvijashreshthah,,auto,
dvitiiyaḿ,6,dvitiiyam,,auto,
dvividhaḿ,6,dvividham,,auto,
Ekádashiis,6,Ekaadashiis,,auto,
elám,6,elaam,,auto,
eńd́i,6,eńdi,,auto,
erańd́a,6,erańda,,auto,
evátmá,6,evaatmaa,,auto,
Gálicár,6,Gaalichaar,,auto,
gamiśyati,6,gamishyati,,auto,
gańas,6,gańas,,auto,
Gańd́aka,6,Gańdaka,,auto,
Gándhár,6,Gaandhaar,,auto,
Gáńd́iiva,6,Gaańdiiva,,auto,
gánt́chaŕá,6,gaantchaŕaa,,auto,
gánthá,6,gaanthaa,,auto,
Gaod́á,6,Gaodaa,,auto,
gaoravaḿ,6,gaoravam,,auto,
gariśt́he,6,garishthe,,auto,
Garud́ásana,6,Garudaasana,,auto,
Garvitadánavagarvakharvákrti,6,Garvitadaanavagarvakharvaakrti,,auto,
gatágati,6,gataagati,,auto,
Gatáh,6,Gataah,,auto,
Gauṋgár,6,Gauṋgaar,,auto,
gayának,6,gayaanak,,auto,
Gáyattri,6,Gaayattri,,auto,
Gháni-gáche,6,Ghaani-gaache,,auto,
ghatákásh,6,ghataakaash,,auto,
ghuṋghur,6,ghuṋghur,,auto,
glánih,6,glaanih,,auto,
godhúmo'sti,6,godhoomo'sti,,auto,
goináyaluin,6,goinaayaluin,,auto,
gopáyate,6,gopaayate,,auto,
Gorakśapur,6,Gorakshaapur,,auto,
gotrapitá,6,gotrapitaa,,auto,
gráhaka,6,graahaka,,auto,
grámer,6,graamer,,auto,
grhána,6,grhaana,,auto,
guńadhiina,6,guńadhiina,,auto,
guńahiinamaheshagańábharańam,6,guńahiinamaheshagańaabharańam,,auto,
Guńahiinamaheshagańábharańam,6,Guńahiinamaheshagańaabharańam,,auto,
guńanáma,6,guńanaama,,auto,
Guńayukta,6,Guńayukta,,auto,
guŕer,6,guŕer,,auto,
gúŕha,6,gooŕha,,auto,
há-há-há,6,haa-haa-haa,,auto,
háma,6,haama,,auto,
Haoḿ,6,Haom,,auto,
Hara-Párvatii,6,Hara-Paarvatii,,auto,
Háráno,6,Haaraano,,auto,
Hariahánna,6,Hariahaanna,,auto,
Haribhaktiparáyanah,6,Haribhaktiparaayanah,,auto,
Hariyahánna,6,Hariyahaanna,,auto,
Hariyána,6,Hariyaana,,auto,
Harśavardhana,6,Harshavardhana,,auto,
Hásikhushii,6,Haasikhushii,,auto,
hatámisra,6,hataamisra,,auto,
hátavyáh,6,haatavyaah,,auto,
Háthoyá,6,Haathoyaa,,auto,
hethá,6,hethaa,,auto,
Hethá,6,Hethaa,,auto,
hiinácáriis,6,hiinaachaariis,,auto,
hiḿsá-anne,6,himsaa-anne,,auto,
himsáḿ,6,himsaam,,auto,
Hindustán,6,Hindustaan,,auto,
Hirańyagarbha's,6,Hirańyagarbha's,,auto,
hirańyakashiputanubhrḿgam,6,hirańyakashiputanubhrmgam,,auto,
hirańye,6,hirańye,,auto,
hradayán,6,hradayaan,,auto,
hrdayaḿ,6,hrdayam,,auto,
Hukkipáŕa,6,Hukkipaaŕa,,auto,
hukmdár,6,hukmdaar,,auto,
huŕ,6,huŕ,,auto,
Huŕ,6,Huŕ,,auto,
huŕukilá,6,huŕukilaa,,auto,
hutáshe,6,hutaashe,,auto,
hyakámáste,6,hyakaamaaste,,auto,
iikśańaka,6,iikshaańaka,,auto,
iishiká,6,iishikaa,,auto,
iishvaragrásasturiiyasturiiya,6,iishvaragraasasturiiyasturiiya,,auto,
ikás,6,ikaas,,auto,
imáh,6,imaah,,auto,
Imánllokániishata,6,Imaanllokaaniishata,,auto,
indárá,6,indaaraa,,auto,
Indás,6,Indaas,,auto,
indrakúpa,6,indrakoopa,,auto,
indubilá,6,indubilaa,,auto,
iṋyáppi,6,iṋyaappi,,auto,
Iśa,6,Isha,,auto,
Iśt́e,6,Ishte,,auto,
ityágacchatyajasraḿ,6,ityaagacchatyajasram,,auto,
Iyaḿ,6,Iyam,,auto,
jábe,6,jaabe,,auto,
jácchi,6,jaacchi,,auto,
jad́asphot́as,6,jadasphotas,,auto,
jad́avádii,6,jadavaadii,,auto,
jádu,6,jaadu,,auto,
jaeśá,6,jaeshaa,,auto,
jagadapagatapápam,6,jagadapagatapaapam,,auto,
Jágrat,6,Jaagrat,,auto,
Jágrti,6,Jaagrti,,auto,
jahátyenám,6,jahaatyenaam,,auto,
Jahátyeńáḿ,6,Jahaatyeńaam,,auto,
jál,6,jaal,,auto,
jaladábham,6,jaladaabham,,auto,
jalaḿ,6,jalam,,auto,
Jalameiṋ,6,Jalameiṋ,,auto,
janám,6,janaam,,auto,
janiśyamáńah,6,janishyamaańah,,auto,
Janmanirodhaḿ,6,Janmanirodham,,auto,
janmántaraváda,6,janmaantaravaada,,auto,
jáoyá,6,jaaoyaa,,auto,
jardá,6,jardaa,,auto,
jat́ila,6,jatila,,auto,
Játrii,6,Jaatrii,,auto,
jáyá,6,jaayaa,,auto,
jhamájham,6,jhamaajham,,auto,
Jháṋjhálo,6,Jhaaṋjhaalo,,auto,
Jhará,6,Jharaa,,auto,
jhiuŕii,6,jhiuŕii,,auto,
jhunt́i,6,jhunti,,auto,
jiijiviśecchataḿ,6,jiijivishecchatam,,auto,
jiivádi,6,jiivaadi,,auto,
jiivane-marańe,6,jiivane-marańe,,auto,
Jiivátma,6,Jiivaatma,,auto,
jiivátmabháva,6,jiivaatmabhaava,,auto,
jiivátmans,6,jiivaatmans,,auto,
jijiivisecchataḿ,6,jijiivisecchatam,,auto,
jijiiviśecchataḿ,6,jijiivishecchatam,,auto,
jiṋánáiṋjana,6,jnyaaanaaiṋjana,,auto,
Jiṋánamishra,6,Jnyaaanamishra,,auto,
jiṋánarptáh,6,jnyaaanarptaah,,auto,
jiṋáni,6,jnyaaani,,auto,
Jiṋátá,6,Jnyaaataa,,auto,
jiṋátáh,6,jnyaaataah,,auto,
jiṋátváshivaḿ,6,jnyaaatvaashivam,,auto,
Jiṋátvátaḿ,6,Jnyaaatvaatam,,auto,
juŕe,6,juŕe,,auto,
jusamá,6,jusamaa,,auto,
juśamánonuśhete,6,jushamaanonushhete,,auto,
jválá,6,jvaalaa,,auto,
jyotisáḿ,6,jyotisaam,,auto,
kad́ii,6,kadii,,auto,
kahlára,6,kahlaara,,auto,
kaimách,6,kaimaach,,auto,
káiṋcan,6,kaaiṋchan,,auto,
kákacaiṋcu,6,kaakachaiṋchu,,auto,
Kákadhvajá,6,Kaakadhvajaa,,auto,
kákala,6,kaakala,,auto,
káládhikarańa,6,kaalaadhikarańa,,auto,
kaláh,6,kalaah,,auto,
kalauṋkakaleva,6,kalauṋkakaleva,,auto,
Kaliuṋga,6,Kaliuṋga,,auto,
kalpitaestvaiṋca,6,kalpitaestvaiṋcha,,auto,
Kámá,6,Kaamaa,,auto,
káma-piitha,6,kaama-piitha,,auto,
kámábhirjjáyate,6,kaamaabhirjjaayate,,auto,
kámáh,6,kaamaah,,auto,
Kamalábálán,6,Kamalaabaalaan,,auto,
kamaniiyaḿ,6,kamaniiyam,,auto,
kámashariitanetá,6,kaamashariitanetaa,,auto,
Kaḿsávatii,6,Kamsaavatii,,auto,
kándáo,6,kaandaao,,auto,
kándara,6,kaandara,,auto,
kaniśt́ho,6,kanishtho,,auto,
kánkan,6,kaankan,,auto,
kańt́he,6,kańthe,,auto,
kánu,6,kaanu,,auto,
Kanyákuḿarii,6,Kanyaakumarii,,auto,
kapálra,6,kapaalra,,auto,
kapaŕa,6,kapaŕa,,auto,
káraka,6,kaaraka,,auto,
karáná,6,karaanaa,,auto,
karańaiṋca,6,karańaiṋcha,,auto,
Kárańárńava,6,Kaarańaarńava,,auto,
Káre,6,Kaare,,auto,
karkat́a,6,karkata,,auto,
Karkat́a,6,Karkata,,auto,
karma-sannayása,6,karma-sannayaasa,,auto,
karmábhishcáshubhaeshubhaeh,6,karmaabhishchaashubhaeshubhaeh,,auto,
karmakáńd́a,6,karmakaańda,,auto,
Karmakleshavipákáshaeraparámrśt́ah,6,Karmakleshavipaakaashaeraparaamrshtah,,auto,
karmańá,6,karmańaa,,auto,
Karmanirhármuddisya,6,Karmanirhaarmuddisya,,auto,
Karmaphalaḿ,6,Karmaphalam,,auto,
karmasannyása,6,karmasannyaasa,,auto,
karmashubhá,6,karmashubhaa,,auto,
Karná,6,Karnaa,,auto,
karńaput́e,6,karńapute,,auto,
kartrtvábhimána,6,kartrtvaabhimaana,,auto,
Karuána,6,Karuaana,,auto,
Kárya-Kárańa,6,Kaarya-Kaarańa,,auto,
káryábhávah,6,kaaryaabhaavah,,auto,
Káshmiira,6,Kaashmiira,,auto,
kaśńa,6,kashńa,,auto,
káśthá,6,kaashthaa,,auto,
kat́,6,kat,,auto,
kát́ábár,6,kaataabaar,,auto,
katháyuktaḿitihásah,6,kathaayuktamitihaasah,,auto,
Kat́hopaniśad,6,Kathopanishad,,auto,
kátiká,6,kaatikaa,,auto,
kauṋkálamála,6,kauṋkaalamaala,,auto,
káuphal,6,kaauphal,,auto,
kavará,6,kavaraa,,auto,
Káverii,6,Kaaverii,,auto,
káyam,6,kaayam,,auto,
káyamatashcalisyate,6,kaayamatashchalisyate,,auto,
kedárá,6,kedaaraa,,auto,
Kekákalarab,6,Kekaakalarab,,auto,
kevá,6,kevaa,,auto,
khábe,6,khaabe,,auto,
khad́gakharpará,6,khadgakharparaa,,auto,
Khańd́in,6,Khańdin,,auto,
Kharaśti,6,Kharashti,,auto,
Khaŕhia,6,Khaŕhia,,auto,
Khaśiya,6,Khashiya,,auto,
kháye,6,khaaye,,auto,
kháyii,6,khaayii,,auto,
kheŕo,6,kheŕo,,auto,
khicuŕi,6,khichuŕi,,auto,
khoyái,6,khoyaai,,auto,
Khoyáyalu,6,Khoyaayalu,,auto,
kiit́a-patauṋga,6,kiita-patauṋga,,auto,
kińá,6,kińaa,,auto,
kinárá,6,kinaaraa,,auto,
Kirátii,6,Kiraatii,,auto,
kitábe,6,kitaabe,,auto,
Klesha-karma-vipákáshayaeraparámrśt́a,6,Klesha-karma-vipaakaashayaeraparaamrshta,,auto,
kliśt́akliśt́avrtti,6,klishtaklishtavrtti,,auto,
Kliśt́ákliśt́avrtti,6,Klishtaaklishtavrtti,,auto,
kliśt́ávrtti,6,klishtaavrtti,,auto,
Kliśt́ávrtti,6,Klishtaavrtti,,auto,
konakháne,6,konakhaane,,auto,
kośam,6,kosham,,auto,
kriid́a,6,kriida,,auto,
kriińiite,6,kriińiite,,auto,
kriiŕá,6,kriiŕaa,,auto,
Krpáleshád,6,Krpaaleshaad,,auto,
kŕśna,6,kŕshna,,auto,
Krśńake,6,Krshńake,,auto,
Krśńasharańa,6,Krshńasharańa,,auto,
Krśt́i,6,Krshti,,auto,
krtátmanastu,6,krtaatmanastu,,auto,
krtátmano,6,krtaatmano,,auto,
kśama,6,kshaama,,auto,
Kśantavyam,6,kshaantavyam,,auto,
kśapayanti,6,kshaapayanti,,auto,
Kśar,6,kshaar,,auto,
Kśaratmáńá,6,kshaaratmaańaa,,auto,
kśatriyan,6,kshaatriyan,,auto,
Kśatriyarudhiramaye,6,kshaatriyarudhiramaye,,auto,
Kśiirasamudrá,6,kshaiirasamudraa,,auto,
Kśitiriha,6,kshaitiriha,,auto,
kuksiimá,6,kuksiimaa,,auto,
Kula-shiila-mánaiṋca,6,Kula-shiila-maanaiṋcha,,auto,
Kulabálá,6,Kulabaalaa,,auto,
kúlakúńd́alinii,6,koolakoońdalinii,,auto,
Kulakuńdalinii-force,6,Kulakuńdalinii-force,,auto,
Kuńd́alini,6,Kuńdalini,,auto,
kúrmakásana,6,koormakaasana,,auto,
lagná,6,lagnaa,,auto,
lakśańa,6,lakshaańa,,auto,
lakśanam,6,lakshaanam,,auto,
lakśárthácidekarasarúpinii,6,lakshaaarthaachidekarasaroopinii,,auto,
lakśyer,6,lakshayer,,auto,
laŕká,6,laŕkaa,,auto,
latáy,6,lataay,,auto,
Lepcá,6,Lepchaa,,auto,
liilár,6,liilaar,,auto,
lit́t́i,6,litti,,auto,
liuṋgágamágamyamánah,6,liuṋgaagamaagamyamaanah,,auto,
lodhá,6,lodhaa,,auto,
lokáh,6,lokaah,,auto,
Lokavyámohakárakah,6,Lokavyaamohakaarakah,,auto,
Ludhiyáná,6,Ludhiyaanaa,,auto,
lut́,6,lut,,auto,
lut́e,6,lute,,auto,
luuṋgi,6,luuṋgi,,auto,
Madhupurá,6,Madhupuraa,,auto,
madhvasyá,6,madhvasyaa,,auto,
madvimukhán,6,madvimukhaan,,auto,
Mahadkrpáyaeva,6,Mahadkrpaayaeva,,auto,
Mahákálii,6,Mahaakaalii,,auto,
mahámoha,6,mahaamoha,,auto,
mahámunipadmá,6,mahaamunipadmaa,,auto,
mahán,6,mahaan,,auto,
Mahapátaka,6,Mahapaataka,,auto,
maháphalá,6,mahaaphalaa,,auto,
Mahárájá,6,Mahaaraajaa,,auto,
mahátmás,6,mahaatmaas,,auto,
Mahávákya,6,Mahaavaakya,,auto,
Mahim-Jiṋána,6,Mahim-Jnyaaana,,auto,
májh,6,maajh,,auto,
maḿ,6,mam,,auto,
mámapakśiiyáh,6,maamapakshaiiyaah,,auto,
mamatvátishyánkitah,6,mamatvaatishyaankitah,,auto,
Máḿsa,6,Maamsa,,auto,
máná,6,maanaa,,auto,
mánasadhátu,6,maanasadhaatu,,auto,
mánaso,6,maanaso,,auto,
mánavastada,6,maanavastada,,auto,
máni,6,maani,,auto,
mańigańá,6,mańigańaa,,auto,
maniiśá,6,maniishaa,,auto,
Maniiśá,6,Maniishaa,,auto,
Mańipur,6,Mańipur,,auto,
Manotośa,6,Manotosha,,auto,
Manovákkáyaeh,6,Manovaakkaayaeh,,auto,
Mantramúlaḿ,6,Mantramoolam,,auto,
mantrártha,6,mantraartha,,auto,
Mantreshvaránanda,6,Mantreshvaraananda,,auto,
manussánaḿ,6,manussaanam,,auto,
manyamánah,6,manyamaanah,,auto,
mápasarpatu,6,maapasarpatu,,auto,
MÁRGA,6,MaaRGA,,auto,
mashá,6,mashaa,,auto,
mashárilá,6,mashaarilaa,,auto,
máskalái,6,maaskalaai,,auto,
Mathitvácatváro,6,Mathitvaachatvaaro,,auto,
mát́i,6,maati,,auto,
mát́ir,6,maatir,,auto,
mátrábheda,6,maatraabheda,,auto,
mátrkáshakti,6,maatrkaashakti,,auto,
mátsaryameva,6,maatsaryameva,,auto,
mayá,6,mayaa,,auto,
máyá-baddha,6,maayaa-baddha,,auto,
Mayádá,6,Mayaadaa,,auto,
Máyádhiina,6,Maayaadhiina,,auto,
Máyádviipa,6,Maayaadviipa,,auto,
máyere,6,maayere,,auto,
meiṋ,6,meiṋ,,auto,
miimáḿsyameva,6,miimaamsyameva,,auto,
miit́ha,6,miitha,,auto,
militayamunábham,6,militayamunaabham,,auto,
mit́eche,6,miteche,,auto,
mit́he,6,mithe,,auto,
mitraḿ,6,mitram,,auto,
mokśártham,6,mokshaaartham,,auto,
mokśárthaḿ,6,mokshaaartham,,auto,
mokśasthitibandhahetuh,6,mokshaasthitibandhahetuh,,auto,
mokśonrám,6,mokshaonraam,,auto,
Momkhám,6,Momkhaam,,auto,
mot́e,6,mote,,auto,
Mrcchiládhátudarvádi,6,Mrcchilaadhaatudarvaadi,,auto,
Mrtyormámrta,6,Mrtyormaamrta,,auto,
muallá,6,muallaa,,auto,
múd́ho,6,moodho,,auto,
MUDRÁ,6,MUDRaa,,auto,
Muiṋca,6,Muiṋcha,,auto,
mukhyánnah,6,mukhyaannah,,auto,
muktirtapanáddhomádupavasahshataerapi,6,muktirtapanaaddhomaadupavasahshataerapi,,auto,
mukto'nátra,6,mukto'naatra,,auto,
múladhára,6,mooladhaara,,auto,
Multáni,6,Multaani,,auto,
Mumukśumuktidáyakaḿ,6,Mumukshaumuktidaayakam,,auto,
munibaráh,6,munibaraah,,auto,
munipadmá,6,munipadmaa,,auto,
múŕháye,6,mooŕhaaye,,auto,
muŕki,6,muŕki,,auto,
múrtimán,6,moortimaan,,auto,
múrtirnrnáḿ,6,moortirnrnaam,,auto,
muthá,6,muthaa,,auto,
Myáṋy,6,Myaaṋy,,auto,
nábaḿ,6,naabam,,auto,
naevávidyate,6,naevaavidyate,,auto,
nágarika,6,naagarika,,auto,
Náham,6,Naaham,,auto,
náhya,6,naahya,,auto,
nakhamadbhútashrungaḿ,6,nakhamadbhootashrungam,,auto,
náko,6,naako,,auto,
nálitá,6,naalitaa,,auto,
Nám,6,Naam,,auto,
namaḥ,6,namah,,auto,
namahiḿsá,6,namahimsaa,,auto,
námál,6,naamaal,,auto,
námapiidá,6,naamapiidaa,,auto,
námarúpe,6,naamaroope,,auto,
nányacchrńoti,6,naanyacchrńoti,,auto,
nányadvijánti,6,naanyadvijaanti,,auto,
Nányapanthá,6,Naanyapanthaa,,auto,
nányat,6,naanyat,,auto,
Naráh,6,Naraah,,auto,
naranáth,6,naranaath,,auto,
Náráyańii-Gańd́ak,6,Naaraayańii-Gańdak,,auto,
násápána,6,naasaapaana,,auto,
náshake,6,naashake,,auto,
navánna,6,navaanna,,auto,
Navástavah,6,Navaastavah,,auto,
návii,6,naavii,,auto,
Netaráń,6,Netaraań,,auto,
nicáyyemaḿ,6,nichaayyemam,,auto,
Nidhanaḿ,6,Nidhanam,,auto,
nidhane'pyanuyáti,6,nidhane'pyanuyaati,,auto,
nidhidhyásana,6,nidhidhyaasana,,auto,
Niilakańt́ha,6,Niilakańtha,,auto,
nilakánt́haḿ,6,nilakaantham,,auto,
nimagná,6,nimagnaa,,auto,
nipuńah,6,nipuńah,,auto,
nirábhásako'yam,6,niraabhaasako'yam,,auto,
Nirguń,6,Nirguń,,auto,
nirmáńa,6,nirmaańa,,auto,
Nirupádhika,6,Nirupaadhika,,auto,
Nirvikára,6,Nirvikaara,,auto,
nirvisheśa,6,nirvishesha,,auto,
niśedho,6,nishedho,,auto,
niśkalaḿ,6,nishkalam,,auto,
niśkáma,6,nishkaama,,auto,
nit́hura,6,nithura,,auto,
nivrttá,6,nivrttaa,,auto,
niyantrańa,6,niyantrańa,,auto,
nolá,6,nolaa,,auto,
nrpáládbhayaḿ,6,nrpaalaadbhayam,,auto,
Nrsiḿham,6,Nrsimham,,auto,
Oláicánd,6,Olaaichaand,,auto,
Oṋḿkara,6,ommkara,,auto,
ooṋṋṋ,6,oomṋṋ,,auto,
Padártha,6,Padaartha,,auto,
Pahaŕii,6,Pahaŕii,,auto,
paiṋcadasha,6,paiṋchadasha,,auto,
Paiṋcakośas,6,Paiṋchakoshas,,auto,
Paiṋcaratna,6,Paiṋcharatna,,auto,
páite,6,paaite,,auto,
Pák,6,Paak,,auto,
pákhi,6,paakhi,,auto,
pákhuŕi,6,paakhuŕi,,auto,
pakśa,6,pakshaa,,auto,
pále,6,paale,,auto,
Páncrá,6,Paancraa,,auto,
Páńd́aváh,6,Paańdavaah,,auto,
Páńd́avaschcaeva,6,Paańdavaschchaeva,,auto,
Pánd́u,6,Paandu,,auto,
Páńd́upakśiiya,6,Paańdupakshaiiya,,auto,
Páńdupakśiiyaca,6,Paańdupakshaiiyacha,,auto,
pániiyaḿ,6,paaniiyam,,auto,
Panthá,6,Panthaa,,auto,
Paośete,6,Paoshete,,auto,
papátmá,6,papaatmaa,,auto,
Pár,6,Paar,,auto,
Parabásii,6,Parabaasii,,auto,
Parácah,6,Paraachah,,auto,
parájayah,6,paraajayah,,auto,
paramapremusvarúpah,6,paramapremusvaroopah,,auto,
paramátmiiya,6,paramaatmiiya,,auto,
paramaviśt́atá,6,paramavishtataa,,auto,
parameshvaraḿ,6,parameshvaram,,auto,
parasauṋga,6,parasauṋga,,auto,
Parátmana,6,Paraatmana,,auto,
parátmavid,6,paraatmavid,,auto,
parátparaḿ,6,paraatparam,,auto,
Páratrik,6,Paaratrik,,auto,
Parávidyá,6,Paraavidyaa,,auto,
paŕechi,6,paŕechi,,auto,
Párghát́áte,6,Paarghaataate,,auto,
parikiirtitá,6,parikiirtitaa,,auto,
parimitáhára,6,parimitaahaara,,auto,
parinirváńa,6,parinirvaańa,,auto,
paripunnaḿ,6,paripunnam,,auto,
parisudhvaḿ,6,parisudhvam,,auto,
paŕiteche,6,paŕiteche,,auto,
parityága,6,parityaaga,,auto,
parivest́itáraḿ,6,parivestitaaram,,auto,
Paryáptakámasya,6,Paryaaptakaamasya,,auto,
paryat́aka,6,paryataka,,auto,
pashughátaḿ,6,pashughaatam,,auto,
Pátakas,6,Paatakas,,auto,
pát́hete,6,paathete,,auto,
Patiináḿ,6,Patiinaam,,auto,
pat́iiyasi,6,patiiyasi,,auto,
pátrádhára,6,paatraadhaara,,auto,
Phalákáḿkśa,6,Phalaakaamkshaa,,auto,
Phaliśyattiiti,6,Phalishyattiiti,,auto,
phánpá,6,phaanpaa,,auto,
Phat́á,6,Phataa,,auto,
piitavarańá,6,piitavarańaa,,auto,
piit́has,6,piithas,,auto,
pinákahastáya,6,pinaakahastaaya,,auto,
pińd́am,6,pińdam,,auto,
pippalaḿsvádvattyanashnanyo'bhicákashiti,6,pippalamsvaadvattyanashnanyo'bhichaakashiti,,auto,
pishácasiddhi,6,pishaachasiddhi,,auto,
pishácavats,6,pishaachavats,,auto,
pitár,6,pitaar,,auto,
Pitrpuruśa,6,Pitrpurusha,,auto,
piyásauṋga,6,piyaasauṋga,,auto,
piyáshál,6,piyaashaal,,auto,
pluśina,6,plushina,,auto,
post-shúdra-revolution,6,post-shoodra-revolution,,auto,
postá,6,postaa,,auto,
poyál,6,poyaal,,auto,
prabhuḿ,6,prabhum,,auto,
Prabhumiishamaniishamasheśaguńaḿ,6,Prabhumiishamaniishamasheshaguńam,,auto,
Pradhánakśetrajiṋaptirguńeshah,6,Pradhaanakshaetrajnyaaptirguńeshah,,auto,
pradháńam,6,pradhaańam,,auto,
prájiṋo,6,praajnyao,,auto,
prakáshicha,6,prakaashicha,,auto,
Prákrtadharmah,6,Praakrtadharmah,,auto,
praláp,6,pralaap,,auto,
Pramitáhárah,6,Pramitaahaarah,,auto,
pramit́áháro,6,pramitaahaaro,,auto,
PRÁŃA,6,PRaaŃA,,auto,
práńa-bodha,6,praańa-bodha,,auto,
Práńanátha,6,Praańanaatha,,auto,
práńas,6,praańas,,auto,
prańáshe,6,prańaashe,,auto,
práńastadu,6,praańastadu,,auto,
pránendriya,6,praanendriya,,auto,
prańináḿ,6,prańinaam,,auto,
Praod́hoshraddho'dhikárii,6,Praodhoshraddho'dhikaarii,,auto,
Prapaiṋcaḿ,6,Prapaiṋcham,,auto,
Prárthanárcanámátraeva,6,Praarthanaarchanaamaatraeva,,auto,
prárthayante,6,praarthayante,,auto,
prasáda,6,prasaada,,auto,
prashántáh,6,prashaantaah,,auto,
prashátam,6,prashaatam,,auto,
Prasvápanaḿ,6,Prasvaapanam,,auto,
prati-saiṋcara,6,prati-saiṋchara,,auto,
pratidevatásu,6,pratidevataasu,,auto,
Pratiipaḿ,6,Pratiipam,,auto,
pratiśthitenne,6,pratishthitenne,,auto,
Pratividhán,6,Pratividhaan,,auto,
Prativimbitashákhágraphalasvádanomodavat,6,Prativimbitashaakhaagraphalasvaadanomodavat,,auto,
pratyagátmánamaekśa-dávrttacakśuramrtatvamicchan,6,pratyagaatmaanamaekshaa-daavrttachakshauramrtatvamicchan,,auto,
Pratyaḿjanáḿstiśt́hate,6,Pratyamjanaamstishthate,,auto,
Pratyaḿjanáḿtit́hate,6,Pratyamjanaamtithate,,auto,
Pratyauṋjanáḿstiśt́hate,6,Pratyauṋjanaamstishthate,,auto,
pratyayaḿulaka,6,pratyayamulaka,,auto,
Pravrttireśá,6,Pravrttireshaa,,auto,
Pre-Gaod́iiya,6,Pre-Gaodiiya,,auto,
Premánanda,6,Premaananda,,auto,
preraná,6,preranaa,,auto,
preśita,6,preshita,,auto,
preyovrńiite,6,preyovrńiite,,auto,
priyabháva,6,priyabhaava,,auto,
prśt́he,6,prshthe,,auto,
prthagbhágvah,6,prthagbhaagvah,,auto,
Prthagutpadyamánánaḿ,6,Prthagutpadyamaanaanam,,auto,
pújana,6,poojana,,auto,
puḿsaḿ,6,pumsam,,auto,
puńyavantá,6,puńyavantaa,,auto,
purakánta,6,purakaanta,,auto,
Purána,6,Puraana,,auto,
PURÁŃA,6,PURaaŃA,,auto,
Puránas,6,Puraanas,,auto,
puŕánas,6,puŕaanas,,auto,
Puraśa,6,Purasha,,auto,
Purávrta,6,Puraavrta,,auto,
purávrttakatháyuktam,6,puraavrttakathaayuktam,,auto,
purńa,6,purńa,,auto,
púrnád,6,poornaad,,auto,
Púrńima,6,Poorńima,,auto,
Puruśam,6,Purusham,,auto,
puruśamupaeti,6,purushamupaeti,,auto,
puruśaḿye,6,purushamye,,auto,
Puruśánna,6,Purushaanna,,auto,
puruśottamáya,6,purushottamaaya,,auto,
puśpa,6,pushpa,,auto,
puśt́a,6,pushta,,auto,
Puśt́i,6,Pushti,,auto,
Puttŕah,6,Puttŕah,,auto,
Rádha,6,Raadha,,auto,
rágah,6,raagah,,auto,
rágánugocyate,6,raagaanugocyate,,auto,
Rágátmikámanusrtá,6,Raagaatmikaamanusrtaa,,auto,
rágátmikoditá,6,raagaatmikoditaa,,auto,
Raghunáth,6,Raghunaath,,auto,
rágini,6,raagini,,auto,
ráhi,6,raahi,,auto,
rahiyá,6,rahiyaa,,auto,
raiṋjayati,6,raiṋjayati,,auto,
Raiṋjayatiimátáni,6,Raiṋjayatiimaataani,,auto,
Rájagiri,6,Raajagiri,,auto,
Rajahguńa,6,Rajahguńa,,auto,
Rájasikii,6,Raajasikii,,auto,
Rájasuya,6,Raajasuya,,auto,
rákhá,6,raakhaa,,auto,
rákhaye,6,raakhaye,,auto,
rakśakáńám,6,rakshaakaańaam,,auto,
ramańiiyam,6,ramańiiyam,,auto,
rángálu,6,raangaalu,,auto,
rasámrtasindhu,6,rasaamrtasindhu,,auto,
Rávana's,6,Raavana's,,auto,
recakánta,6,rechakaanta,,auto,
reńu,6,reńu,,auto,
rkthásiina,6,rkthaasiina,,auto,
rśidevebhyo,6,rshidevebhyo,,auto,
Rúpá,6,Roopaa,,auto,
rúpanámádikalpanam,6,roopanaamaadikalpanam,,auto,
rúpaságar,6,roopasaagar,,auto,
Rúpasári,6,Roopasaari,,auto,
rúpatanmátra,6,roopatanmaatra,,auto,
rúpavarjitam,6,roopavarjitam,,auto,
rúpavivarjjtasya,6,roopavivarjjtasya,,auto,
rúpo,6,roopo,,auto,
sabára,6,sabaara,,auto,
Sabhyatár,6,Sabhyataar,,auto,
sábui,6,saabui,,auto,
sabyainajanaḿ,6,sabyainajanam,,auto,
sádá,6,saadaa,,auto,
sadábhyáset,6,sadaabhyaaset,,auto,
Sadaevánumatah,6,Sadaevaanumatah,,auto,
Sádhaka's,6,Saadhaka's,,auto,
sádhaná-begotten,6,saadhanaa-begotten,,auto,
sádhárańa,6,saadhaarańa,,auto,
sádhiká,6,saadhikaa,,auto,
sádhúńám,6,saadhoońaam,,auto,
Sádhus,6,Saadhus,,auto,
Sádhutá,6,Saadhutaa,,auto,
Saendhávii,6,Saendhaavii,,auto,
Saeśá,6,Saeshaa,,auto,
Ságar,6,Saagar,,auto,
Sahajáavasthá,6,Sahajaaavasthaa,,auto,
Sahasrákśa,6,Sahasraakshaa,,auto,
Sákśa,6,Saakshaa,,auto,
Salája,6,Salaaja,,auto,
samanágena,6,samanaagena,,auto,
sámánáh,6,saamaanaah,,auto,
samanvitaḿ,6,samanvitam,,auto,
Samánya,6,Samaanya,,auto,
Sámánya,6,Saamaanya,,auto,
samárohe,6,samaarohe,,auto,
samaskáras,6,samaskaaras,,auto,
samastasákśiim,6,samastasaakshaiim,,auto,
Samatat́,6,Samatat,,auto,
Sámáyametad,6,Saamaayametad,,auto,
saḿcukopántakakále,6,samchukopaantakakaale,,auto,
sáme,6,saame,,auto,
saḿga,6,samga,,auto,
saḿgráma,6,samgraama,,auto,
saḿjiṋá,6,samjnyaaa,,auto,
saḿkocátmaka,6,samkochaatmaka,,auto,
saḿkocer,6,samkocher,,auto,
saḿliina,6,samliina,,auto,
Samprápyaenamrśayo,6,Sampraapyaenamrshayo,,auto,
Saḿrambhi,6,Samrambhi,,auto,
samskára,6,samskaara,,auto,
Saḿskara,6,Samskara,,auto,
saḿskárá,6,samskaaraa,,auto,
saḿskaramulaka,6,samskaramulaka,,auto,
saḿskáraḿulaka,6,samskaaramulaka,,auto,
sámskáraḿulaka,6,saamskaaramulaka,,auto,
samudbhútam,6,samudbhootam,,auto,
samudrestaḿ,6,samudrestam,,auto,
saḿváda,6,samvaada,,auto,
saḿvedanashiila,6,samvedanashiila,,auto,
Saḿvo,6,Samvo,,auto,
saḿvrtti,6,samvrtti,,auto,
Samyauṋmásrnito,6,Samyauṋmaasrnito,,auto,
sánanda,6,saananda,,auto,
sanátanam,6,sanaatanam,,auto,
Sanátanii,6,Sanaatanii,,auto,
sannayása,6,sannayaasa,,auto,
sannidháya,6,sannidhaaya,,auto,
sannyásiniis,6,sannyaasiniis,,auto,
santán,6,santaan,,auto,
santatá,6,santataa,,auto,
Sáo,6,Saao,,auto,
saodágar,6,saodaagar,,auto,
Sáp,6,Saap,,auto,
saptalokátmaka,6,saptalokaatmaka,,auto,
saptamaḿnaeva,6,saptamamnaeva,,auto,
Sárádá,6,Saaraadaa,,auto,
Sáraḿ,6,Saaram,,auto,
Sárayupárii,6,Saarayupaarii,,auto,
sarúpáh,6,saroopaah,,auto,
sarvabhútá,6,sarvabhootaa,,auto,
Sarvabhútádhivásah,6,Sarvabhootaadhivaasah,,auto,
Sarvadhiidháraka,6,Sarvadhiidhaaraka,,auto,
sarvagaḿ,6,sarvagam,,auto,
sarvajiṋa,6,sarvajnyaa,,auto,
sarvamevávishanti,6,sarvamevaavishanti,,auto,
sarvanásh,6,sarvanaash,,auto,
sarvasaḿshayá,6,sarvasamshayaa,,auto,
sarvashástrańi,6,sarvashaastrańi,,auto,
sarvathá,6,sarvathaa,,auto,
Sarváunllokániishata,6,Sarvaaunllokaaniishata,,auto,
sáśt́auṋga-prańáma,6,saashtauṋga-prańaama,,auto,
sátra,6,saatra,,auto,
satthaḿ,6,sattham,,auto,
sáttvikaśh,6,saattvikashh,,auto,
Sáttvikii,6,Saattvikii,,auto,
savisheśa,6,savishesha,,auto,
Savisheśa,6,Savishesha,,auto,
sethá,6,sethaa,,auto,
Shakábda,6,Shakaabda,,auto,
shakiyogát,6,shakiyogaat,,auto,
shalákayá,6,shalaakayaa,,auto,
sháluka,6,shaaluka,,auto,
shaḿ,6,sham,,auto,
Shánti,6,Shaanti,,auto,
sharadaḿ,6,sharadam,,auto,
Sháran,6,Shaaran,,auto,
Shárań,6,Shaarań,,auto,
Shárańa,6,Shaarańa,,auto,
Shasháuṋka's,6,Shashaauṋka's,,auto,
sháshvatii,6,shaashvatii,,auto,
shásti,6,shaasti,,auto,
shástrádiśvanipuńah,6,shaastraadishvanipuńah,,auto,
shástravyákhánakaoshalam,6,shaastravyaakhaanakaoshalam,,auto,
Shástreyuktao,6,Shaastreyuktao,,auto,
shatamárii,6,shatamaarii,,auto,
Shatamárii,6,Shatamaarii,,auto,
Shatanám,6,Shatanaam,,auto,
shavásana,6,shavaasana,,auto,
shilálekha,6,shilaalekha,,auto,
Shiva-liuṋgas,6,Shiva-liuṋgas,,auto,
Shivasamádhi,6,Shivasamaadhi,,auto,
Shivátmá,6,Shivaatmaa,,auto,
Shmashána,6,Shmashaana,,auto,
Shmasháne,6,Shmashaane,,auto,
shobháy,6,shobhaay,,auto,
shraddháván,6,shraddhaavaan,,auto,
shrutijátaḿ,6,shrutijaatam,,auto,
shucirdakśah,6,shuchirdakshaah,,auto,
shuddhácárii,6,shuddhaachaarii,,auto,
Shuddhácárii,6,Shuddhaachaarii,,auto,
Shuddhasattvavisheśád,6,Shuddhasattvavisheshaad,,auto,
shuddhaveshaván,6,shuddhaveshavaan,,auto,
shuddhaveshavána,6,shuddhaveshavaana,,auto,
SHÚDRA,6,SHooDRA,,auto,
shúdra-hood,6,shoodra-hood,,auto,
shuklakrśńa,6,shuklakrshńa,,auto,
shukrabahá,6,shukrabahaa,,auto,
shulphá,6,shulphaa,,auto,
shuńya,6,shuńya,,auto,
Shúnyaḿ,6,Shoonyam,,auto,
shúnyamay,6,shoonyamay,,auto,
Shuśka,6,Shushka,,auto,
Shvetáshvetara,6,Shvetaashvetara,,auto,
Shyám,6,Shyaam,,auto,
siddherabháváditi,6,siddherabhaavaaditi,,auto,
siddherprathamolakśańam,6,siddherprathamolakshaańam,,auto,
sittá,6,sittaa,,auto,
Smarańa,6,Smarańa,,auto,
śna,6,shna,,auto,
somadhára,6,somadhaara,,auto,
somáliká,6,somaalikaa,,auto,
souṋari,6,souṋari,,auto,
Soyámiir,6,Soyaamiir,,auto,
sraśtáramanekarúpam,6,srashtaaramanekaroopam,,auto,
śrī,6,shree,,auto,
srśt́ikalpaná,6,srshtikalpanaa,,auto,
srśt́iliilá,6,srshtiliilaa,,auto,
sthúlá,6,sthoolaa,,auto,
subuddhimán,6,subuddhimaan,,auto,
subuddhimána,6,subuddhimaana,,auto,
Sudháraseo,6,Sudhaaraseo,,auto,
sudurácarii,6,suduraacharii,,auto,
sukśmácca,6,sukshamaaccha,,auto,
sukśmadarshibhih,6,sukshamadarshibhih,,auto,
Súkśmátisúksmaḿ,6,Sookshamaatisooksmam,,auto,
súksmayá,6,sooksmayaa,,auto,
supratiśthita,6,supratishthita,,auto,
susukśmaḿca,6,susukshamamcha,,auto,
sútrátmágata,6,sootraatmaagata,,auto,
Sútreshvara,6,Sootreshvara,,auto,
suvád,6,suvaad,,auto,
Svabhávaguńmárgena,6,Svabhaavaguńmaargena,,auto,
Svadhá,6,Svadhaa,,auto,
Svágamaeh,6,Svaagamaeh,,auto,
svárasikii,6,svaarasikii,,auto,
svarńa-ghat́ita,6,svarńa-ghatita,,auto,
svarńanmayaerapi,6,svarńanmayaerapi,,auto,
svátmátirekeńa,6,svaatmaatirekeńa,,auto,
svayamevásti,6,svayamevaasti,,auto,
syandamánáh,6,syandamaanaah,,auto,
tadamrtaḿ,6,tadamrtam,,auto,
tadapáńipadaḿ,6,tadapaańipadam,,auto,
Tadbrahmáhamiti,6,Tadbrahmaahamiti,,auto,
taddúre,6,taddoore,,auto,
Tadetadakśaraḿ,6,Tadetadakshaaram,,auto,
tadevákśaraḿ,6,tadevaakshaaram,,auto,
tádrsháya,6,taadrshaaya,,auto,
tadveddhavyaḿ,6,tadveddhavyam,,auto,
tadvikalatádośa,6,tadvikalataadosha,,auto,
tadvikalatádosatrayaḿmatkrtaḿ,6,tadvikalataadosatrayammatkrtam,,auto,
táhái,6,taahaai,,auto,
táhára,6,taahaara,,auto,
táháte,6,taahaate,,auto,
Táká,6,Taakaa,,auto,
Támáhu,6,Taamaahu,,auto,
tamáhuragryam,6,tamaahuragryam,,auto,
Támasikii,6,Taamasikii,,auto,
Tamekaḿ,6,Tamekam,,auto,
Tamiishánaḿ,6,Tamiishaanam,,auto,
támisra,6,taamisra,,auto,
tamoguńátmaka,6,tamoguńaatmaka,,auto,
Tanmátratattva,6,Tanmaatratattva,,auto,
t́áno,6,taano,,auto,
tánri,6,taanri,,auto,
Tantrasára,6,Tantrasaara,,auto,
Tápańiiya,6,Taapańiiya,,auto,
Tár,6,Taar,,auto,
t́ar,6,tar,,auto,
tárakaḿ,6,taarakam,,auto,
Tárakanátha,6,Taarakanaatha,,auto,
tarakáy,6,tarakaay,,auto,
tasmińdrśt́e,6,tasmińdrshte,,auto,
Tasyabhidhyánád,6,Tasyabhidhyaanaad,,auto,
Tasyábhidyánád,6,Tasyaabhidyaanaad,,auto,
Tatohaḿ,6,Tatoham,,auto,
tatpurastád,6,tatpurastaad,,auto,
Tattepadaḿ,6,Tattepadam,,auto,
tattva-jiṋána,6,tattva-jnyaaana,,auto,
tattvabhábádbhúyaschánte,6,tattvabhaabaadbhooyaschaante,,auto,
Tattvabháva,6,Tattvabhaava,,auto,
távanna,6,taavanna,,auto,
táy,6,taay,,auto,
Telálo,6,Telaalo,,auto,
teśámadhiko,6,teshaamadhiko,,auto,
t́esu,6,tesu,,auto,
T́ha,6,Tha,,auto,
Thák,6,Thaak,,auto,
t́hak-t́hak-t́hak,6,thak-thak-thak,,auto,
T́hakkara,6,Thakkara,,auto,
t́hákurer,6,thaakurer,,auto,
t́ilá,6,tilaa,,auto,
tiśthát,6,tishthaat,,auto,
Tomári,6,Tomaari,,auto,
t́opii,6,topii,,auto,
torá,6,toraa,,auto,
toyaḿ,6,toyam,,auto,
Tridańd́a,6,Tridańda,,auto,
Trihotriiyá,6,Trihotriiyaa,,auto,
trilocanaḿ,6,trilochanam,,auto,
trilokiinátha,6,trilokiinaatha,,auto,
trińáciketáh,6,trińaachiketaah,,auto,
Tripádavibhútináráyańa,6,Tripaadavibhootinaaraayańa,,auto,
trishúla,6,trishoola,,auto,
Triśt́up,6,Trishtup,,auto,
triśu,6,trishu,,auto,
tritiiyaḿ,6,tritiiyam,,auto,
triveńii,6,triveńii,,auto,
trividhaḿ,6,trividham,,auto,
trńádapi,6,trńaadapi,,auto,
trńe,6,trńe,,auto,
trńerá,6,trńeraa,,auto,
trśá,6,trshaa,,auto,
t́ukui,6,tukui,,auto,
t́upur,6,tupur,,auto,
turiiyaḿ,6,turiiyam,,auto,
tuyá,6,tuyaa,,auto,
Tvámanusmaratah,6,Tvaamanusmaratah,,auto,
tvamekaḿ,6,tvamekam,,auto,
Tvamiishvaráńáḿ,6,Tvamiishvaraańaam,,auto,
t́yáná,6,tyaanaa,,auto,
úcái,6,oochaai,,auto,
Ucát́an,6,Uchaatan,,auto,
udúkhala,6,udookhala,,auto,
ulláse,6,ullaase,,auto,
Umásaháyam,6,Umaasahaayam,,auto,
unit-Átmans,6,unit-aatmans,,auto,
upa-átmasthikarańa,6,upa-aatmasthikarańa,,auto,
Upásate,6,Upaasate,,auto,
uśmavarńa,6,ushmavarńa,,auto,
uśńa,6,ushńa,,auto,
ut́he,6,uthe,,auto,
utkarśa,6,utkarsha,,auto,
utthána,6,utthaana,,auto,
Vádaráyańa,6,Vaadaraayańa,,auto,
vádottha,6,vaadottha,,auto,
Vaeduśyáḿ,6,Vaedushyaam,,auto,
Vaeshńava,6,Vaeshńava,,auto,
váhana,6,vaahana,,auto,
vahuná,6,vahunaa,,auto,
váhyatah,6,vaahyatah,,auto,
vajrahastáya,6,vajrahastaaya,,auto,
Vajraváráhii,6,Vajravaaraahii,,auto,
váki,6,vaaki,,auto,
vákyaḿ,6,vaakyam,,auto,
vámá,6,vaamaa,,auto,
Vámácárii,6,Vaamaachaarii,,auto,
vaḿshe,6,vamshe,,auto,
vána,6,vaana,,auto,
vapuśi,6,vapushi,,auto,
vápyoliuṋgát,6,vaapyoliuṋgaat,,auto,
varádaḿ,6,varaadam,,auto,
Váráńasii,6,Vaaraańasii,,auto,
váŕháye,6,vaaŕhaaye,,auto,
varńárghyádán,6,varńaarghyaadaan,,auto,
Varńáshramavihiinascha,6,Varńaashramavihiinascha,,auto,
vása,6,vaasa,,auto,
vasanaḿ,6,vasanam,,auto,
vashiikarańa,6,vashiikarańa,,auto,
vashvá,6,vashvaa,,auto,
vasundhará,6,vasundharaa,,auto,
vátadarpańam,6,vaatadarpańam,,auto,
váunmanah,6,vaaunmanah,,auto,
vayaḿ,6,vayam,,auto,
vedaetatparamaḿ,6,vedaetatparamam,,auto,
vedaḿ,6,vedam,,auto,
vibhágashah,6,vibhaagashah,,auto,
Vibhúti,6,Vibhooti,,auto,
vidhirńa,6,vidhirńa,,auto,
vidúsaḿ,6,vidoosam,,auto,
vidváḿ,6,vidvaam,,auto,
vidvánnámarupádvimuktah,6,vidvaannaamarupaadvimuktah,,auto,
vidyateyanáya,6,vidyateyanaaya,,auto,
viińár,6,viińaar,,auto,
viitargáh,6,viitargaah,,auto,
vijánataḿ,6,vijaanatam,,auto,
vijiṋánamayashca,6,vijnyaaanamayashcha,,auto,
vikalpamúlam,6,vikalpamoolam,,auto,
vikásha,6,vikaasha,,auto,
vikramańe,6,vikramańe,,auto,
Vikśepii,6,Vikshaepii,,auto,
vilakśana,6,vilakshaana,,auto,
vipariitaḿ,6,vipariitam,,auto,
Vipáshá,6,Vipaashaa,,auto,
Viráta,6,Viraata,,auto,
virúpákśa,6,viroopaakshaa,,auto,
viśada,6,vishada,,auto,
viśayá,6,vishayaa,,auto,
Viśayánabhisandhyya,6,Vishayaanabhisandhyya,,auto,
viśayesvanapáyinii,6,vishayesvanapaayinii,,auto,
Vishákhá,6,Vishaakhaa,,auto,
visháradah,6,vishaaradah,,auto,
vishvaeshvaryaḿ,6,vishvaeshvaryam,,auto,
vishvamáyánivrttih,6,vishvamaayaanivrttih,,auto,
vishvarúpa,6,vishvaroopa,,auto,
viśńu,6,vishńu,,auto,
vit́apii,6,vitapii,,auto,
vitarańa,6,vitarańa,,auto,
vivád,6,vivaad,,auto,
Vivarńa,6,Vivarńa,,auto,
vraviimyoṋmityetat,6,vraviimyommityetat,,auto,
vrkśa-sama,6,vrkshaa-sama,,auto,
vrśt́i,6,vrshti,,auto,
Vrthá,6,Vrthaa,,auto,
vyaiṋjanas,6,vyaiṋjanas,,auto,
Vyákhyá,6,Vyaakhyaa,,auto,
Vyápiitvam,6,Vyaapiitvam,,auto,
Vyápitvaḿca,6,Vyaapitvamcha,,auto,
Vyathá,6,Vyathaa,,auto,
vyavasthám,6,vyavasthaam,,auto,
Yáca,6,Yaacha,,auto,
yacchejjiṋána,6,yacchejjnyaaana,,auto,
Yadbhútaḿ,6,Yadbhootam,,auto,
yadvibháti,6,yadvibhaati,,auto,
Yadvijiṋánena,6,Yadvijnyaaanena,,auto,
yagántare,6,yagaantare,,auto,
yáháre,6,yaahaare,,auto,
yáhe,6,yaahe,,auto,
yajiṋad́umbar,6,yajnyaadumbar,,auto,
yajiṋavidherahaha,6,yajnyaavidherahaha,,auto,
Yaḿ,6,Yam,,auto,
Yápriitiravivekináḿ,6,Yaapriitiravivekinaam,,auto,
yáre,6,yaare,,auto,
yásti,6,yaasti,,auto,
yát,6,yaat,,auto,
yatpadamámananti,6,yatpadamaamananti,,auto,
Yattadadreshyamagráhyamagotraḿ,6,Yattadadreshyamagraahyamagotram,,auto,
Yávajiivet,6,Yaavajiivet,,auto,
Yenákramantyrśayo,6,Yenaakramantyrshayo,,auto,
Yiáru,6,Yiaaru,,auto,
yogád,6,yogaad,,auto,
Yogásana,6,Yogaasana,,auto,
yogináḿ,6,yoginaam,,auto,
yudhiśt́hira,6,yudhishthira,,auto,
Yudhiśt́hirah,6,Yudhishthirah,,auto,
Yuktátmanah,6,Yuktaatmanah,,auto,
áb,5,aab,,auto,
ábhásahanao,5,aabhaasahanao,,auto,
acalá,5,achalaa,,auto,
Ádarshaná,5,aadarshanaa,,auto,
ádhikya,5,aadhikya,,auto,
Ádho,5,aadho,,auto,
Ádinátha,5,aadinaatha,,auto,
Ádyápur,5,aadyaapur,,auto,
aerińa,5,aerińa,,auto,
águn-lágá,5,aagun-laagaa,,auto,
Ahalyá-Draopadii-Kuntii-Tárá-Mandodarii,5,Ahalyaa-Draopadii-Kuntii-Taaraa-Mandodarii,,auto,
aiṋcala,5,aiṋchala,,auto,
ajá,5,ajaa,,auto,
ájáŕe,5,aajaaŕe,,auto,
ákádamii,5,aakaadamii,,auto,
ákh,5,aakh,,auto,
Akhańd́a,5,Akhańda,,auto,
Akhańd́amańd́alákáraḿ,5,Akhańdamańdalaakaaram,,auto,
Akincanaḿ,5,Akinchanam,,auto,
Akiuṋcánaḿ,5,Akiuṋchaanam,,auto,
Akliśt́ákliśt́á,5,Aklishtaaklishtaa,,auto,
Álasye,5,aalasye,,auto,
áloke,5,aaloke,,auto,
Álor,5,aalor,,auto,
Áman,5,aaman,,auto,
Amáninam,5,Amaaninam,,auto,
Amrtakśaraḿ,5,Amrtakshaaram,,auto,
Amrtákśaraḿ,5,Amrtaakshaaram,,auto,
Ánandasrote,5,aanandasrote,,auto,
ándháre,5,aandhaare,,auto,
ańimá-siddhi,5,ańimaa-siddhi,,auto,
ánka,5,aanka,,auto,
ánká,5,aankaa,,auto,
áṋkhi,5,aaṋkhi,,auto,
antarátmá,5,antaraatmaa,,auto,
antardrśt́i,5,antardrshti,,auto,
Antaryámitva,5,Antaryaamitva,,auto,
ánt́i,5,aanti,,auto,
Anumána,5,Anumaana,,auto,
aodyána,5,aodyaana,,auto,
apáńa,5,apaańa,,auto,
ápatitah,5,aapatitah,,auto,
Aprápyabodhiḿbahukalpadurlabháḿ,5,Apraapyabodhimbahukalpadurlabhaam,,auto,
ápti,5,aapti,,auto,
arddhendukrtashekhará,5,arddhendukrtashekharaa,,auto,
Árnyaka,5,aarnyaka,,auto,
Aruńa,5,Aruńa,,auto,
Aśt́akulácalasaptasamudráh,5,Ashtakulaachalasaptasamudraah,,auto,
Aśt́ávakra,5,Ashtaavakra,,auto,
Asúryáh,5,Asooryaah,,auto,
at́an,5,atan,,auto,
avidhavá,5,avidhavaa,,auto,
Áya,5,aaya,,auto,
Ayodhyá,5,Ayodhyaa,,auto,
Báccáke,5,Baacchaake,,auto,
Báhire,5,Baahire,,auto,
bahudháshaktiyogát,5,bahudhaashaktiyogaat,,auto,
bahunádhiise,5,bahunaadhiise,,auto,
bájiikara,5,baajiikara,,auto,
bájikarer,5,baajikarer,,auto,
Bála,5,Baala,,auto,
balayánvitam,5,balayaanvitam,,auto,
Báṋdhiba,5,Baaṋdhiba,,auto,
Bangomá,5,Bangomaa,,auto,
barbat́i,5,barbati,,auto,
báŕii,5,baaŕii,,auto,
bát́an,5,baatan,,auto,
bat́uka,5,batuka,,auto,
beháyá,5,behaayaa,,auto,
Beleghát́á,5,Beleghaataa,,auto,
bhadráńi,5,bhadraańi,,auto,
BHAGAVÁN,5,BHAGAVaaN,,auto,
bhailá,5,bhailaa,,auto,
bhakśayati,5,bhakshaayati,,auto,
bhaktyá,5,bhaktyaa,,auto,
Bhála,5,Bhaala,,auto,
Bhańd́a,5,Bhańda,,auto,
bhárati,5,bhaarati,,auto,
bhása,5,bhaasa,,auto,
bhayávaha,5,bhayaavaha,,auto,
bhiiśań,5,bhiishań,,auto,
Bhiiśańaḿ,5,Bhiishańam,,auto,
bhiiśasmadágnishcendrashca,5,bhiishasmadaagnishchendrashcha,,auto,
Bhiiśasmádagnishcendrashca,5,Bhiishasmaadagnishchendrashcha,,auto,
Bhiiśasmádvayuhpavate,5,Bhiishasmaadvayuhpavate,,auto,
Bhoga-hutáshan,5,Bhoga-hutaashan,,auto,
Bhúloke,5,Bhooloke,,auto,
bhúmá,5,bhoomaa,,auto,
bhúmirvishvato,5,bhoomirvishvato,,auto,
bhúrbhuvah,5,bhoorbhuvah,,auto,
bhútá,5,bhootaa,,auto,
BHÚTÁNÁḾ,5,BHooTaaNaaḾ,,auto,
bodhádapi,5,bodhaadapi,,auto,
bojhá,5,bojhaa,,auto,
bojhápaŕá,5,bojhaapaŕaa,,auto,
boláy,5,bolaay,,auto,
Brahmá's,5,Brahmaa's,,auto,
Brahmácyutamaheshaprabhrtibhih,5,Brahmaacyutamaheshaprabhrtibhih,,auto,
bráhmańam,5,braahmańam,,auto,
Bráhmańaḿ,5,Braahmańam,,auto,
Brahmapisháca,5,Brahmapishaacha,,auto,
Brahmapurandaradinakararudráh,5,Brahmapurandaradinakararudraah,,auto,
Brahmárpanaḿ,5,Brahmaarpanam,,auto,
Brahmavádins,5,Brahmavaadins,,auto,
bráhmyate,5,braahmyate,,auto,
Brindávan,5,Brindaavan,,auto,
brúmi,5,broomi,,auto,
Buŕáke,5,Buŕaake,,auto,
buŕo,5,buŕo,,auto,
Cábhyutthánam,5,Chaabhyutthaanam,,auto,
cakitaharińaprekśańá,5,chakitaharińaprekshaańaa,,auto,
cálá,5,chaalaa,,auto,
cámara,5,chaamara,,auto,
cańakákárarúpińii,5,chańakaakaararoopińii,,auto,
Cańd́alo'pi,5,Chańdalo'pi,,auto,
cáṋpá,5,chaaṋpaa,,auto,
carácaram,5,charaacharam,,auto,
Carańa,5,Carańa,,auto,
cárucandrávataḿsam,5,chaaruchandraavatamsam,,auto,
Caryápada,5,Charyaapada,,auto,
cashmá,5,chashmaa,,auto,
cásti,5,chaasti,,auto,
Catuspáthii,5,Chatuspaathii,,auto,
catváro,5,chatvaaro,,auto,
cená,5,chenaa,,auto,
chái,5,chaai,,auto,
chaŕáye,5,chaŕaaye,,auto,
cháŕiná,5,chaaŕinaa,,auto,
chat́á,5,chataa,,auto,
chátrávása,5,chaatraavaasa,,auto,
cinmátro'haḿ,5,chinmaatro'ham,,auto,
cithŕá,5,chithŕaa,,auto,
Citpávan,5,Chitpaavan,,auto,
cúŕhámańi,5,chooŕhaamańi,,auto,
dádáy,5,daadaay,,auto,
d́ahar,5,dahar,,auto,
Daheyaḿ,5,Daheyam,,auto,
d́áku,5,daaku,,auto,
d́áli,5,daali,,auto,
Dámodar,5,Daamodar,,auto,
Dámodara,5,Daamodara,,auto,
dáná,5,daanaa,,auto,
dánam,5,daanam,,auto,
Dańd́abhukti,5,Dańdabhukti,,auto,
dańd́apáshásipáńaye,5,dańdapaashaasipaańaye,,auto,
d́ar,5,dar,,auto,
dáŕimba,5,daaŕimba,,auto,
darpańábháva,5,darpańaabhaava,,auto,
Darpanábháve,5,Darpanaabhaave,,auto,
dáyinii,5,daayinii,,auto,
deshasyád,5,deshasyaad,,auto,
deva-rńe,5,deva-rńe,,auto,
devarśi,5,devarshi,,auto,
Deváshiiśa,5,Devaashiisha,,auto,
devatánám,5,devataanaam,,auto,
dháker,5,dhaaker,,auto,
dháma,5,dhaama,,auto,
dhaŕá,5,dhaŕaa,,auto,
dhárańaḿ,5,dhaarańam,,auto,
dharmácarana,5,dharmaacharana,,auto,
Dharmádharmasamáyuktaḿ,5,Dharmaadharmasamaayuktam,,auto,
Dharmartha-káma-mokśárthaḿ,5,Dharmartha-kaama-mokshaaartham,,auto,
dhiimatám,5,dhiimataam,,auto,
d́hol,5,dhol,,auto,
dhritirbatási,5,dhritirbataasi,,auto,
dhruvamarthadaḿ,5,dhruvamarthadam,,auto,
dhuná,5,dhunaa,,auto,
dhúrtta,5,dhoortta,,auto,
Dhyáyet,5,Dhyaayet,,auto,
d́ihi,5,dihi,,auto,
divyabháva,5,divyabhaava,,auto,
divyacakśuśe,5,divyachakshaushe,,auto,
divyán,5,divyaan,,auto,
Divyashaunkhatuśárábhaḿ,5,Divyashaunkhatushaaraabham,,auto,
dokán,5,dokaan,,auto,
d́or,5,dor,,auto,
d́ore,5,dore,,auto,
drshyamekaŕat́,5,drshyamekaŕat,,auto,
duhkhamápnuyát,5,duhkhamaapnuyaat,,auto,
DÚRAḾ,5,DooRAḾ,,auto,
durlabhá,5,durlabhaa,,auto,
duśkrtaḿ,5,dushkrtam,,auto,
Dúta,5,Doota,,auto,
dvárikánátha,5,dvaarikaanaatha,,auto,
dvibhujaḿ,5,dvibhujam,,auto,
dvijahshreśt́hah,5,dvijahshreshthah,,auto,
dvijátayah,5,dvijaatayah,,auto,
dvinetraḿ,5,dvinetram,,auto,
dvitvamápanno,5,dvitvamaapanno,,auto,
D́yáuṋgar-ukun-niki,5,Dyaauṋgar-ukun-niki,,auto,
Ekakriyaḿ,5,Ekakriyam,,auto,
ekasarańa,5,ekasarańa,,auto,
Ekt́i,5,Ekti,,auto,
Ekvár,5,Ekvaar,,auto,
Fiiryá,5,Fiiryaa,,auto,
gáchá,5,gaachaa,,auto,
Gáchi,5,Gaachi,,auto,
Galáy,5,Galaay,,auto,
Gańatantra,5,Gańatantra,,auto,
gandhaghráńa,5,gandhaghraańa,,auto,
gandhayakśinii,5,gandhayakshainii,,auto,
gaŕe',5,gaŕe',,auto,
Garhmandárań,5,Garhmandaarań,,auto,
Gaŕhwali,5,Gaŕhwali,,auto,
Gauṋga,5,Gauṋga,,auto,
gavákśa,5,gavaakshaa,,auto,
gáyanti,5,gaayanti,,auto,
gáyat,5,gaayat,,auto,
gherá,5,gheraa,,auto,
ghucába,5,ghuchaaba,,auto,
Ghughudáuṋgá,5,Ghughudaauṋgaa,,auto,
Gorakśanátha,5,Gorakshaanaatha,,auto,
gúd́ho,5,goodho,,auto,
Gujrátii,5,Gujraatii,,auto,
guńádhiina,5,guńaadhiina,,auto,
gurustrátá,5,gurustraataa,,auto,
Guvá-páń,5,Guvaa-paań,,auto,
guvák,5,guvaak,,auto,
guyá,5,guyaa,,auto,
guyá-páń,5,guyaa-paań,,auto,
Guyá-páń,5,Guyaa-paań,,auto,
haiyá,5,haiyaa,,auto,
hákim,5,haakim,,auto,
hamárá,5,hamaaraa,,auto,
Haráńhátá,5,Haraańhaataa,,auto,
haribhaktiparáyanah,5,haribhaktiparaayanah,,auto,
hásya,5,haasya,,auto,
Hásyamukharitá,5,Haasyamukharitaa,,auto,
hat́á,5,hataa,,auto,
icchámayii,5,icchaamayii,,auto,
Iikśye,5,Iikshaye,,auto,
imán,5,imaan,,auto,
indirá,5,indiraa,,auto,
ishánaḿ,5,ishaanam,,auto,
itiuṋganá,5,itiuṋganaa,,auto,
jagatkárańaḿ,5,jagatkaarańam,,auto,
jágratah,5,jaagratah,,auto,
Jágratsvapnasuśuptyádi,5,Jaagratsvapnasushuptyaadi,,auto,
jánatá,5,jaanataa,,auto,
jáŕ,5,jaaŕ,,auto,
Jaśt́imáse,5,Jashtimaase,,auto,
jaśt́ir,5,jashtir,,auto,
Jat́ájut́asamáyuktá,5,Jataajutasamaayuktaa,,auto,
jat́hara,5,jathara,,auto,
jáu,5,jaau,,auto,
jhaŕ,5,jhaŕ,,auto,
jharoká,5,jharokaa,,auto,
jhiḿge,5,jhimge,,auto,
jighrámi,5,jighraami,,auto,
jihbáya,5,jihbaaya,,auto,
Jiṋá,5,Jnyaaa,,auto,
Jiṋána-vaerágyaiṋca,5,Jnyaaana-vaeraagyaiṋcha,,auto,
Jiṋána-vaerágyashcaeva,5,Jnyaaana-vaeraagyashchaeva,,auto,
Jiṋánashástravinodena,5,Jnyaaanashaastravinodena,,auto,
jiṋánendriya,5,jnyaaanendriya,,auto,
jirńo,5,jirńo,,auto,
jochanáy,5,jochanaay,,auto,
jvalantaḿ,5,jvalantam,,auto,
jyotsná,5,jyotsnaa,,auto,
káhinii,5,kaahinii,,auto,
Kajjalapúritalocanabháre,5,Kajjalapooritalochanabhaare,,auto,
kákar,5,kaakar,,auto,
kákar-hariń,5,kaakar-hariń,,auto,
Káker,5,Kaaker,,auto,
kálaḿ,5,kaalam,,auto,
káli,5,kaali,,auto,
kálii,5,kaalii,,auto,
kálimá,5,kaalimaa,,auto,
Kalkátáye,5,Kalkaataaye,,auto,
kalmá,5,kalmaa,,auto,
kalpakot́i,5,kalpakoti,,auto,
kalpánta,5,kalpaanta,,auto,
kánane,5,kaanane,,auto,
káṋcá,5,kaaṋchaa,,auto,
káńkot́ári,5,kaańkotaari,,auto,
Kańt́há,5,Kańthaa,,auto,
Kánthi's,5,Kaanthi's,,auto,
kanthiká,5,kanthikaa,,auto,
Kaoshámbii,5,Kaoshaambii,,auto,
kapát́bháḿgá,5,kapaatbhaamgaa,,auto,
kaŕá,5,kaŕaa,,auto,
Kárańábhávát,5,Kaarańaabhaavaat,,auto,
kárańatrayahetave,5,kaarańatrayahetave,,auto,
karapatriká,5,karapatrikaa,,auto,
karbúrii,5,karboorii,,auto,
káreo,5,kaareo,,auto,
kárkháná,5,kaarkhaanaa,,auto,
karmakára,5,karmakaara,,auto,
karśaka,5,karshaka,,auto,
karttárah,5,karttaarah,,auto,
karttiká,5,karttikaa,,auto,
káryabrahma,5,kaaryabrahma,,auto,
kaśi,5,kashi,,auto,
kátáli,5,kaataali,,auto,
kat́h,5,kath,,auto,
kát́h,5,kaath,,auto,
Kát́ileha,5,Kaatileha,,auto,
kat́kat́,5,katkat,,auto,
káy,5,kaay,,auto,
kaylá,5,kaylaa,,auto,
khad́ga,5,khadga,,auto,
kháli,5,khaali,,auto,
Khamúrtti,5,Khamoortti,,auto,
khán,5,khaan,,auto,
khapuśpakrtashekhará,5,khapushpakrtashekharaa,,auto,
kháŕá,5,khaaŕaa,,auto,
khaŕi,5,khaŕi,,auto,
Kharośt́ii,5,Kharoshtii,,auto,
khat́,5,khat,,auto,
khelár,5,khelaar,,auto,
khet́aka-,5,khetaka-,,auto,
kincanaḿ,5,kinchanam,,auto,
kiśáńbhog,5,kishaańbhog,,auto,
kiuṋcanaḿ,5,kiuṋchanam,,auto,
Klaevyaḿ,5,Klaevyam,,auto,
Klishyantastápasáh,5,Klishyantastaapasaah,,auto,
kliśt́á-vrtti,5,klishtaa-vrtti,,auto,
kot́ibhánuninditá,5,kotibhaanuninditaa,,auto,
kriiḿ,5,kriim,,auto,
Krś,5,Krsh,,auto,
Krśd́had́ás,5,Krshdhadaas,,auto,
Krtvá,5,Krtvaa,,auto,
Kśamá,5,kshaamaa,,auto,
Ksántavyaḿ,5,Ksaantavyam,,auto,
Kśetra,5,kshaetra,,auto,
kśiir,5,kshaiir,,auto,
kśiiriká,5,kshaiirikaa,,auto,
kśiirodárńavasambhavam,5,kshaiirodaarńavasambhavam,,auto,
kuiṋjo,5,kuiṋjo,,auto,
kuḿkumádrtat́aḿtaka,5,kumkumaadrtatamtaka,,auto,
kuńd́aliniiḿ,5,kuńdaliniim,,auto,
kuṋŕi,5,kuṋŕi,,auto,
kurtá,5,kurtaa,,auto,
kusheriká,5,kusherikaa,,auto,
láginá,5,laaginaa,,auto,
lalát́a,5,lalaata,,auto,
láḿk,5,laamk,,auto,
laŕkii,5,laŕkii,,auto,
lavauṋga,5,lavauṋga,,auto,
LIILÁ,5,LIILaa,,auto,
lobhamohasamávrtam,5,lobhamohasamaavrtam,,auto,
Lodhdhahána,5,Lodhdhahaana,,auto,
Lodhradhánya,5,Lodhradhaanya,,auto,
lokavyavahára,5,lokavyavahaara,,auto,
Ludhiháná,5,Ludhihaanaa,,auto,
Lyáḿŕá,5,Lyaamŕaa,,auto,
mábhút,5,maabhoot,,auto,
Madálasá's,5,Madaalasaa's,,auto,
Madhyakśamá,5,Madhyakshaamaa,,auto,
magarár,5,magaraar,,auto,
Mahájana,5,Mahaajana,,auto,
mahámantre,5,mahaamantre,,auto,
mahápátakanáshanam,5,mahaapaatakanaashanam,,auto,
mahapuruśas,5,mahapurushas,,auto,
mahásammelana,5,mahaasammelana,,auto,
Mahásarasvatii,5,Mahaasarasvatii,,auto,
Mahávishva,5,Mahaavishva,,auto,
Máldah,5,Maaldah,,auto,
MAMDONÁḾ,5,MAMDONaaḾ,,auto,
maná,5,manaa,,auto,
Mánasika,5,Maanasika,,auto,
manavástathá,5,manavaastathaa,,auto,
mańd́alas,5,mańdalas,,auto,
mańiháre,5,mańihaare,,auto,
Mańipurii,5,Mańipurii,,auto,
manomájhe,5,manomaajhe,,auto,
mánuśaḿjanma,5,maanushamjanma,,auto,
Maonináḿ,5,Maoninaam,,auto,
márábhya,5,maaraabhya,,auto,
Marań,5,Marań,,auto,
Marańam,5,Marańam,,auto,
Márgii,5,Maargii,,auto,
Márjáradośena,5,Maarjaaradoshena,,auto,
masúr,5,masoor,,auto,
mátarishva,5,maatarishva,,auto,
mátrá,5,maatraa,,auto,
Máyáccháditátmánaḿ,5,Maayaacchaaditaatmaanam,,auto,
Máyás,5,Maayaas,,auto,
Meher-Un-Nisá,5,Meher-Un-Nisaa,,auto,
meś,5,mesh,,auto,
Mestá,5,Mestaa,,auto,
Miinanátha,5,Miinanaatha,,auto,
Mokámá,5,Mokaamaa,,auto,
mokśaḿ,5,mokshaam,,auto,
Mokśayiśyámi,5,Mokshaayishyaami,,auto,
Mrcchiládhátudárvádimúrttáviishvarobuddhayo,5,Mrcchilaadhaatudaarvaadimoorttaaviishvarobuddhayo,,auto,
Mrgatrśńámbhasiisnátú,5,Mrgatrshńaambhasiisnaatoo,,auto,
Mrtyukálavashaḿ,5,Mrtyukaalavasham,,auto,
mrtyurmrtyuḿ,5,mrtyurmrtyum,,auto,
mud́ha,5,mudha,,auto,
múkaḿ,5,mookam,,auto,
muktaveńiir,5,muktaveńiir,,auto,
muktipradáya,5,muktipradaaya,,auto,
muktirtapanáddhomádupavásashataerapi,5,muktirtapanaaddhomaadupavaasashataerapi,,auto,
múládháranivásiniiḿ,5,moolaadhaaranivaasiniim,,auto,
Muńd́as,5,Muńdas,,auto,
múrdhanya,5,moordhanya,,auto,
múrkhánám,5,moorkhaanaam,,auto,
múrkhatvaḿ,5,moorkhatvam,,auto,
myán,5,myaan,,auto,
ń,5,ń,,auto,
Náda,5,Naada,,auto,
Naeśá,5,Naeshaa,,auto,
nágeshvar,5,naageshvar,,auto,
Nágpurii,5,Naagpurii,,auto,
nálte,5,naalte,,auto,
námapúrvakam,5,naamapoorvakam,,auto,
Namastrishúlahastáya,5,Namastrishoolahastaaya,,auto,
Namastubhyaḿ,5,Namastubhyam,,auto,
naraḿ,5,naram,,auto,
Náráyáńa,5,Naaraayaańa,,auto,
nárinu,5,naarinu,,auto,
násiidrajo,5,naasiidrajo,,auto,
Násiidrajo,5,Naasiidrajo,,auto,
náth,5,naath,,auto,
navayaovanasampanná,5,navayaovanasampannaa,,auto,
Nemávidyuto,5,Nemaavidyuto,,auto,
Niaŕi,5,Niaŕi,,auto,
nidrayá,5,nidrayaa,,auto,
nihsheśajád́yápahá,5,nihsheshajaadyaapahaa,,auto,
niitinpuńáh,5,niitinpuńaah,,auto,
niitivákyasamamvitam,5,niitivaakyasamamvitam,,auto,
nikat́a,5,nikata,,auto,
Nimái,5,Nimaai,,auto,
nimnanábhih,5,nimnanaabhih,,auto,
nirakhiyá,5,nirakhiyaa,,auto,
Nirálambamiishaḿ,5,Niraalambamiisham,,auto,
nirámayáh,5,niraamayaah,,auto,
nirguńáya,5,nirguńaaya,,auto,
nishácaráh,5,nishaacharaah,,auto,
nishákaravanditá,5,nishaakaravanditaa,,auto,
nishcalaḿ,5,nishchalam,,auto,
nityamádyantashúnyaḿ,5,nityamaadyantashoonyam,,auto,
Nityánandam,5,Nityaanandam,,auto,
Nityopalabdhisvarúpo'yamátmá,5,Nityopalabdhisvaroopo'yamaatmaa,,auto,
nivátmánaḿ,5,nivaatmaanam,,auto,
nodarasthá,5,nodarasthaa,,auto,
Noná,5,Nonaa,,auto,
nrtyashálástha,5,nrtyashaalaastha,,auto,
od́ra,5,odra,,auto,
Olái,5,Olaai,,auto,
oŕas,5,oŕas,,auto,
ot́há,5,othaa,,auto,
padbhyáḿ,5,padbhyaam,,auto,
págale,5,paagale,,auto,
páháŕii,5,paahaaŕii,,auto,
Paiṋcakanyáh,5,Paiṋchakanyaah,,auto,
paiṋcatvamágatam,5,paiṋchatvamaagatam,,auto,
paiṋjá,5,paiṋjaa,,auto,
paiṋjáb,5,paiṋjaab,,auto,
paiṋjábii,5,paiṋjaabii,,auto,
Pakśabadha,5,Pakshaabadha,,auto,
pakvabimbádharaośt́ii,5,pakvabimbaadharaoshtii,,auto,
páli,5,paali,,auto,
paltá,5,paltaa,,auto,
paná,5,panaa,,auto,
páni,5,paani,,auto,
páńipádantad,5,paańipaadantad,,auto,
Paoráńic,5,Paoraańic,,auto,
páoyá,5,paaoyaa,,auto,
PÁPII,5,PaaPII,,auto,
páŕá,5,paaŕaa,,auto,
Parágati,5,Paraagati,,auto,
Parahitárthaḿ,5,Parahitaartham,,auto,
Paráinci,5,Paraainchi,,auto,
paramarthá,5,paramarthaa,,auto,
Paramátmánah,5,Paramaatmaanah,,auto,
parapiid́ańam,5,parapiidańam,,auto,
Paráun,5,Paraaun,,auto,
paricálanaḿ,5,parichaalanam,,auto,
parimáń,5,parimaań,,auto,
Páshabaddha,5,Paashabaddha,,auto,
pásháḿkush-sháracápa-,5,paashaamkush-shaarachaapa-,,auto,
pashyaddrshyamekarát́,5,pashyaddrshyamekaraat,,auto,
pashyaddrśt́amekarát,5,pashyaddrshtamekaraat,,auto,
Pataiṋjali,5,Pataiṋjali,,auto,
pátakam,5,paatakam,,auto,
Pát́aliputra,5,Paataliputra,,auto,
pat́ha,5,patha,,auto,
Pát́hato,5,Paathato,,auto,
Pat́ná,5,Patnaa,,auto,
Pát́ná,5,Paatnaa,,auto,
pátramurvii,5,paatramurvii,,auto,
Pátratat,5,Paatratat,,auto,
Pátratát,5,Paatrataat,,auto,
páyádapáyát,5,paayaadapaayaat,,auto,
páyala,5,paayala,,auto,
Pháguner,5,Phaaguner,,auto,
Pháguyá,5,Phaaguyaa,,auto,
Phálguńii,5,Phaalguńii,,auto,
phańii,5,phańii,,auto,
phiriyá,5,phiriyaa,,auto,
pluśińá,5,plushińaa,,auto,
Prajiṋápáramitá,5,Prajnyaaapaaramitaa,,auto,
prajiṋastadyacchejjiṋána,5,prajnyaastadyacchejjnyaaana,,auto,
pramáda,5,pramaada,,auto,
pramitáhárah,5,pramitaahaarah,,auto,
Prańásha,5,Prańaasha,,auto,
prańavaḿcottarárańim,5,prańavamchottaraarańim,,auto,
práńer,5,praańer,,auto,
prapaiṋca,5,prapaiṋcha,,auto,
Prapaiṋca,5,Prapaiṋcha,,auto,
pratibhá,5,pratibhaa,,auto,
Pratyagátmánamaekśad,5,Pratyagaatmaanamaekshaad,,auto,
praváha,5,pravaaha,,auto,
prayága,5,prayaaga,,auto,
preśt́hah,5,preshthah,,auto,
proktá-nyenaeva,5,proktaa-nyenaeva,,auto,
prśi,5,prshi,,auto,
PUŃYA,5,PUŃYA,,auto,
puruśebhyo,5,purushebhyo,,auto,
Rádhá-Krśńa,5,Raadhaa-Krshńa,,auto,
RÁDHIKÁ,5,RaaDHIKaa,,auto,
Rágánuga,5,Raagaanuga,,auto,
Rágas,5,Raagas,,auto,
Ráigaiṋja,5,Raaigaiṋja,,auto,
raiṋjaka,5,raiṋjaka,,auto,
rájamańih,5,raajamańih,,auto,
rakśati,5,rakshaati,,auto,
rakśitah,5,rakshaitah,,auto,
Raktotpaladhará,5,Raktotpaladharaa,,auto,
rám,5,raam,,auto,
rámáy,5,raamaay,,auto,
Ráme,5,Raame,,auto,
Rámenábhihatáh,5,Raamenaabhihataah,,auto,
rámeshaḿ,5,raamesham,,auto,
rámeshvarah,5,raameshvarah,,auto,
Ratnakalpojjvaláḿgaḿ,5,Ratnakalpojjvalaamgam,,auto,
Ratnákalpojjvaláḿgaḿ,5,Ratnaakalpojjvalaamgam,,auto,
ráuṋiye,5,raauṋiye,,auto,
rejái,5,rejaai,,auto,
ŕeŕi,5,ŕeŕi,,auto,
ŕha,5,ŕha,,auto,
ripúh,5,ripooh,,auto,
rkśa,5,rkshaa,,auto,
Rśipattana,5,Rshipattana,,auto,
rśirattá,5,rshirattaa,,auto,
ruńásamá-ujjvalá-ungábhá,5,ruńaasamaa-ujjvalaa-ungaabhaa,,auto,
rúpakathá,5,roopakathaa,,auto,
rupaḿ,5,rupam,,auto,
rúpavivarjitasya,5,roopavivarjitasya,,auto,
ruśt́e,5,rushte,,auto,
Sadá,5,Sadaa,,auto,
sadásiitadániiḿ,5,sadaasiitadaaniim,,auto,
sadásiittadániiḿ,5,sadaasiittadaaniim,,auto,
sadávanditá,5,sadaavanditaa,,auto,
sahasrákśa,5,sahasraakshaa,,auto,
sakhásmrtah,5,sakhaasmrtah,,auto,
sákśiicet,5,saakshaiichet,,auto,
sáksiirúpaḿ,5,saaksiiroopam,,auto,
sákśiirúpaḿ,5,saakshaiiroopam,,auto,
sál,5,saal,,auto,
sálám,5,saalaam,,auto,
samagraḿ,5,samagram,,auto,
samapráńáh,5,samapraańaah,,auto,
Sámarasya,5,Saamarasya,,auto,
Samarpańa,5,Samarpańa,,auto,
Saḿhartá,5,Samhartaa,,auto,
Samiikśa,5,Samiikshaa,,auto,
saḿsáramáyá,5,samsaaramaayaa,,auto,
Saḿsárasvapnaḿ,5,Samsaarasvapnam,,auto,
śańáḿ,5,shańaam,,auto,
Sáradámat́ha,5,Saaradaamatha,,auto,
saralatá,5,saralataa,,auto,
Sáraḿtu,5,Saaramtu,,auto,
Sarańii,5,Sarańii,,auto,
Sárauṋganáth,5,Saarauṋganaath,,auto,
sárdhatri,5,saardhatri,,auto,
sarpagandhá,5,sarpagandhaa,,auto,
Sárúpya,5,Saaroopya,,auto,
sarvabhuteśu,5,sarvabhuteshu,,auto,
sarvagátráńi,5,sarvagaatraańi,,auto,
sarvashástrán,5,sarvashaastraan,,auto,
sarvashástráńáḿ,5,sarvashaastraańaam,,auto,
sarvashástráni,5,sarvashaastraani,,auto,
Sarvendriyaguńábháśáḿ,5,Sarvendriyaguńaabhaashaam,,auto,
sáśt́áuṋga,5,saashtaauṋga,,auto,
Sattá,5,Sattaa,,auto,
Satyaváha,5,Satyavaaha,,auto,
savitá,5,savitaa,,auto,
Seráikelá,5,Seraaikelaa,,auto,
sevás,5,sevaas,,auto,
Shabdaguńánupatii,5,Shabdaguńaanupatii,,auto,
Shahjáhán,5,Shahjaahaan,,auto,
shakalaḿ,5,shakalam,,auto,
shaktiyogát,5,shaktiyogaat,,auto,
Shaktyátmakaḿ,5,Shaktyaatmakam,,auto,
shambhormukut́abhúśańam,5,shambhormukutabhooshańam,,auto,
Sháradotsava,5,Shaaradotsava,,auto,
shashinaḿ,5,shashinam,,auto,
shátaerapi,5,shaataerapi,,auto,
Shataḿ,5,Shatam,,auto,
Shiitkále,5,Shiitkaale,,auto,
shikharadashaná,5,shikharadashanaa,,auto,
shilá,5,shilaa,,auto,
shilát́an,5,shilaatan,,auto,
Shivashaktivibhágashah,5,Shivashaktivibhaagashah,,auto,
Shriibhúmi,5,Shriibhoomi,,auto,
shubhá,5,shubhaa,,auto,
Shubhauṋkarii,5,Shubhauṋkarii,,auto,
shubhravastrávrta,5,shubhravastraavrta,,auto,
shvásaprashvásayorgativicchedah,5,shvaasaprashvaasayorgativicchedah,,auto,
shvetapadmásańá,5,shvetapadmaasańaa,,auto,
Siddhártha,5,Siddhaartha,,auto,
smarettaḿ,5,smarettam,,auto,
somalatá,5,somalataa,,auto,
Somanathaiṋca,5,Somanathaiṋcha,,auto,
Somanáthaiṋca,5,Somanaathaiṋcha,,auto,
Stanayugashobhitamuktáháre,5,Stanayugashobhitamuktaahaare,,auto,
sthá,5,sthaa,,auto,
Sthavirváda,5,Sthavirvaada,,auto,
stutamamaragańae,5,stutamamaragańae,,auto,
stutamamaragańaervyághrakrttiḿ,5,stutamamaragańaervyaaghrakrttim,,auto,
Stutyá'nirvacaniyatá'khilaguro,5,Stutyaa'nirvachaniyataa'khilaguro,,auto,
sukśmáḿ,5,sukshamaam,,auto,
Súkśmayá,5,Sookshamayaa,,auto,
súktas,5,sooktas,,auto,
supári,5,supaari,,auto,
supárii,5,supaarii,,auto,
suśaptádrk,5,sushaptaadrk,,auto,
sutojáh,5,sutojaah,,auto,
Suvarńa,5,Suvarńa,,auto,
SVABHÁVA,5,SVABHaaVA,,auto,
Svábhávika,5,Svaabhaavika,,auto,
svaravijiṋána,5,svaravijnyaaana,,auto,
SVAYAMBHÚLIUNGA,5,SVAYAMBHooLIUNGA,,auto,
Svayambhústasmát,5,Svayambhoostasmaat,,auto,
tadvikalatádośatrayaḿ,5,tadvikalataadoshatrayam,,auto,
táikiyá,5,taaikiyaa,,auto,
támasik,5,taamasik,,auto,
Támiśt́a,5,Taamishta,,auto,
Támralipta,5,Taamralipta,,auto,
TÁŃD́AVA,5,TaaŃDAVA,,auto,
Tandrá,5,Tandraa,,auto,
táṋri,5,taaṋri,,auto,
tápii,5,taapii,,auto,
tat́a,5,tata,,auto,
tathya-anubhúti,5,tathya-anubhooti,,auto,
Tatpadaḿ,5,Tatpadam,,auto,
thákta,5,thaakta,,auto,
thámilei,5,thaamilei,,auto,
Tháná,5,Thaanaa,,auto,
t́heli,5,theli,,auto,
Tolá,5,Tolaa,,auto,
t́omt́om,5,tomtom,,auto,
Trishalá,5,Trishalaa,,auto,
triśt́up,5,trishtup,,auto,
triśt́upa,5,trishtupa,,auto,
t́um,5,tum,,auto,
tumhárá,5,tumhaaraa,,auto,
tuśáraháradhavalá,5,tushaarahaaradhavalaa,,auto,
tuśt́a,5,tushta,,auto,
tvádrun,5,tvaadrun,,auto,
Tvamiishvaráńam,5,Tvamiishvaraańam,,auto,
tyajamohanidrám,5,tyajamohanidraam,,auto,
uccára,5,ucchaara,,auto,
udgára,5,udgaara,,auto,
udyána,5,udyaana,,auto,
ujuvát́e,5,ujuvaate,,auto,
ukśa,5,ukshaa,,auto,
uń,5,uń,,auto,
uṋa,5,uṋa,,auto,
Upádána,5,Upaadaana,,auto,
upakathá,5,upakathaa,,auto,
upasampadá,5,upasampadaa,,auto,
Upasarańii,5,Upasarańii,,auto,
upekśá,5,upekshaaa,,auto,
uŕii,5,uŕii,,auto,
úśara,5,ooshara,,auto,
Utámrtasyesháno,5,Utaamrtasyeshaano,,auto,
uttána,5,uttaana,,auto,
vádhati,5,vaadhati,,auto,
vaerágyaiṋca,5,vaeraagyaiṋcha,,auto,
váeśa,5,vaaesha,,auto,
vaiṋcasi,5,vaiṋchasi,,auto,
vájába,5,vaajaaba,,auto,
Vákyaḿ,5,Vaakyam,,auto,
Váńa,5,Vaańa,,auto,
vápyajánatá,5,vaapyajaanataa,,auto,
Varábhayakrtahastaḿ,5,Varaabhayakrtahastam,,auto,
várańa,5,vaarańa,,auto,
varná,5,varnaa,,auto,
varńah,5,varńah,,auto,
varńanenekán,5,varńanenekaan,,auto,
varńitam,5,varńitam,,auto,
vártáku,5,vaartaaku,,auto,
váso,5,vaaso,,auto,
vastushúnyo,5,vastushoonyo,,auto,
vataḿsam,5,vatamsam,,auto,
váunmanaso,5,vaaunmanaso,,auto,
Vedáh,5,Vedaah,,auto,
Viińápustakarainjitahaste,5,Viińaapustakarainjitahaste,,auto,
viińávaradańd́ashobhitakará,5,viińaavaradańdashobhitakaraa,,auto,
viiryaḿca,5,viiryamcha,,auto,
vinayádyáti,5,vinayaadyaati,,auto,
vinayát,5,vinayaat,,auto,
Vipáka,5,Vipaaka,,auto,
viśáńa,5,vishaańa,,auto,
Vishvamáyánivrittih,5,Vishvamaayaanivrittih,,auto,
vishvarúpam,5,vishvaroopam,,auto,
viśyánandam,5,vishyaanandam,,auto,
Vitastá,5,Vitastaa,,auto,
Vrátyastvaḿ,5,Vraatyastvam,,auto,
vrkśaḿ,5,vrkshaam,,auto,
vrntáka,5,vrntaaka,,auto,
vrúmi,5,vroomi,,auto,
vyághrakrttiḿ,5,vyaaghrakrttim,,auto,
vyákarańam,5,vyaakarańam,,auto,
Vyámoha,5,Vyaamoha,,auto,
vyápine,5,vyaapine,,auto,
Vyápitvaḿ,5,Vyaapitvam,,auto,
Vyarthaḿ,5,Vyartham,,auto,
vyavasáya,5,vyavasaaya,,auto,
vyúd́ha,5,vyoodha,,auto,
yábu,5,yaabu,,auto,
Yacchedváuṋmanasi,5,Yacchedvaauṋmanasi,,auto,
yaddhyánena,5,yaddhyaanena,,auto,
Yájiṋavalkya,5,Yaajnyaavalkya,,auto,
Yáḿtvamápah,5,Yaamtvamaapah,,auto,
Yátrá,5,Yaatraa,,auto,
yattirthayátrádiná,5,yattirthayaatraadinaa,,auto,
Yávajjivaḿ,5,Yaavajjivam,,auto,
yavaniká,5,yavanikaa,,auto,
yogát,5,yogaat,,auto,
Yogaváshiśt́ha,5,Yogavaashishtha,,auto,
yogiináḿ,5,yogiinaam,,auto,
yudhártham,5,yudhaartham,,auto,
záio,5,zaaio,,auto,
-kára,4,-kaara,,auto,
'Bábá,4,'Baabaa,,auto,
'Bhagaván',4,'Bhagavaan',,auto,
'Iśt́a',4,'Ishta',,auto,
'Máyámetáḿ,4,'Maayaametaam,,auto,
'Párijáta',4,'Paarijaata',,auto,
'Prańipátena,4,'Prańipaatena,,auto,
'Shatáyurbhava',4,'Shataayurbhava',,auto,
á-á-á-á-á-á-á-á,4,aa-aa-aa-aa-aa-aa-aa-aa,,auto,
á's,4,aa's,,auto,
abák,4,abaak,,auto,
ábár,4,aabaar,,auto,
abasán,4,abasaan,,auto,
Abhává,4,Abhaavaa,,auto,
Abhávottaránanda,4,Abhaavottaraananda,,auto,
Abhávottaránandapratyayálambaniivrttirtasy,4,Abhaavottaraanandapratyayaalambaniivrttirtasy,,auto,
abhibhávaná,4,abhibhaavanaa,,auto,
Abhibhávańát,4,Abhibhaavańaat,,auto,
Ábhiiśt́a,4,aabhiishta,,auto,
abhimánam,4,abhimaanam,,auto,
Abhimánam,4,Abhimaanam,,auto,
Abhimáne,4,Abhimaane,,auto,
abhimánii,4,abhimaanii,,auto,
ácár,4,aachaar,,auto,
Ácára,4,aachaara,,auto,
Ácha,4,aacha,,auto,
acintyarupaḿ,4,achintyarupam,,auto,
Ádam,4,aadam,,auto,
ádána,4,aadaana,,auto,
ádar,4,aadar,,auto,
adbhyáḿ,4,adbhyaam,,auto,
ádesha,4,aadesha,,auto,
ádha,4,aadha,,auto,
Ádharamánandam,4,aadharamaanandam,,auto,
Adhashcordhvaiṋca,4,Adhashchordhvaiṋcha,,auto,
ádhek,4,aadhek,,auto,
Ádhek,4,aadhek,,auto,
adhyáná,4,adhyaanaa,,auto,
ádhyátmik,4,aadhyaatmik,,auto,
Ádi-anádika,4,aadi-anaadika,,auto,
Ádih,4,aadih,,auto,
ádikhyetá,4,aadikhyetaa,,auto,
ádmii,4,aadmii,,auto,
Advaetaváda's,4,Advaetavaada's,,auto,
Ádyáshakti,4,aadyaashakti,,auto,
Ádyátmayogádhigamema,4,aadyaatmayogaadhigamema,,auto,
aetihásik,4,aetihaasik,,auto,
ága,4,aaga,,auto,
Aghrána,4,Aghraana,,auto,
agnáyii,4,agnaayii,,auto,
Ágni,4,aagni,,auto,
Agrahána,4,Agrahaana,,auto,
Agráńete,4,Agraańete,,auto,
águna,4,aaguna,,auto,
ahalyás,4,ahalyaas,,auto,
ahaḿbháva,4,ahambhaava,,auto,
áhár,4,aahaar,,auto,
Áhára-nidrá-bhaya,4,aahaara-nidraa-bhaya,,auto,
Ahiḿsásatyásteyaḿ,4,Ahimsaasatyaasteyam,,auto,
ahlád,4,ahlaad,,auto,
áij,4,aaij,,auto,
Ajaḿ,4,Ajam,,auto,
Ajámekám,4,Ajaamekaam,,auto,
Ajapájapa,4,Ajapaajapa,,auto,
ájjá,4,aajjaa,,auto,
áju,4,aaju,,auto,
Akárańa,4,Akaarańa,,auto,
Akásh,4,Akaash,,auto,
ákásh,4,aakaash,,auto,
ákáshádváyuh,4,aakaashaadvaayuh,,auto,
ákáshah,4,aakaashah,,auto,
Akaśra,4,Akashra,,auto,
akhańd́abodhaḿ,4,akhańdabodham,,auto,
ákl,4,aakl,,auto,
akliśt́á,4,aklishtaa,,auto,
akliśtávrtti,4,aklishtaavrtti,,auto,
akśaohińii,4,akshaaohińii,,auto,
ákśara,4,aakshaara,,auto,
Akśara-Puruśa,4,Akshaara-Purusha,,auto,
akśaramálá,4,akshaaramaalaa,,auto,
Ál,4,aal,,auto,
Álambaná,4,aalambanaa,,auto,
alaḿkára,4,alamkaara,,auto,
Alankánanda,4,Alankaananda,,auto,
álgoch,4,aalgoch,,auto,
alikavádinam,4,alikavaadinam,,auto,
Aliuṋgat,4,Aliuṋgat,,auto,
áljihvá,4,aaljihvaa,,auto,
aloná,4,alonaa,,auto,
Aḿ,4,Am,,auto,
ámáder,4,aamaader,,auto,
ámáni,4,aamaani,,auto,
Ambabhúmi,4,Ambabhoomi,,auto,
Ámbe,4,aambe,,auto,
ámbhásii,4,aambhaasii,,auto,
Amitavyayitá,4,Amitavyayitaa,,auto,
Ámlá,4,aamlaa,,auto,
ámlii,4,aamlii,,auto,
Ámrái,4,aamraai,,auto,
amrtákśaram,4,amrtaakshaaram,,auto,
amrtákśaraḿ,4,amrtaakshaaram,,auto,
amrtaḿ,4,amrtam,,auto,
aḿushvar,4,amushvar,,auto,
Áṋ-ri-et,4,aaṋ-ri-et,,auto,
ánadamayo,4,aanadamayo,,auto,
Anádyananta,4,Anaadyananta,,auto,
ánágoná,4,aanaagonaa,,auto,
anáhára,4,anaahaara,,auto,
ánandabhogácca,4,aanandabhogaaccha,,auto,
ánandádheva,4,aanandaadheva,,auto,
Ánandadhyeva,4,aanandadhyeva,,auto,
Anandaḿ,4,Anandam,,auto,
Ánandamúrti's,4,aanandamoorti's,,auto,
Ánandanagar,4,aanandanagar,,auto,
Ánandarúpastiśt́hanti,4,aanandaroopastishthanti,,auto,
ánandáshru,4,aanandaashru,,auto,
Ánandáshru,4,aanandaashru,,auto,
anándika,4,anaandika,,auto,
anantá,4,anantaa,,auto,
anaśana,4,anashana,,auto,
anáthálaya,4,anaathaalaya,,auto,
Anávat́á,4,Anaavataa,,auto,
Anayamamatá,4,Anayamamataa,,auto,
Andhakárer,4,Andhakaarer,,auto,
Ándhár,4,aandhaar,,auto,
andhatamishrá,4,andhatamishraa,,auto,
Angiká,4,Angikaa,,auto,
anibár,4,anibaar,,auto,
anindyánanda,4,anindyaananda,,auto,
Anoraniiyánahameva,4,Anoraniiyaanahameva,,auto,
antahkarańika,4,antahkarańika,,auto,
Antarátmá,4,Antaraatmaa,,auto,
ántarika,4,aantarika,,auto,
antasthavarńa,4,antasthavarńa,,auto,
ántke,4,aantke,,auto,
Anubhutaviśayásampramośah,4,Anubhutavishayaasampramoshah,,auto,
Anubhútavisayásampramosah,4,Anubhootavisayaasampramosah,,auto,
Anubhútermáyá,4,Anubhootermaayaa,,auto,
anudhyánát,4,anudhyaanaat,,auto,
Anujiṋá,4,Anujnyaaa,,auto,
Anukhańa,4,Anukhańa,,auto,
anukúlavedaniiyam,4,anukoolavedaniiyam,,auto,
anumán,4,anumaan,,auto,
Anushásana,4,Anushaasana,,auto,
Anushásanam,4,Anushaasanam,,auto,
Anyadeváhurvidayányadáhuravidyayá,4,Anyadevaahurvidayaanyadaahuravidyayaa,,auto,
aoddálaka,4,aoddaalaka,,auto,
aod́rii,4,aodrii,,auto,
aodváhika,4,aodvaahika,,auto,
áoli,4,aaoli,,auto,
ÁPaA,4,aaPaA,,auto,
apadevatá,4,apadevataa,,auto,
Apáńipádo'hamacintyashaktih,4,Apaańipaado'hamachintyashaktih,,auto,
Apara-vidyá,4,Apara-vidyaa,,auto,
aparávrtti,4,aparaavrtti,,auto,
Aparińámii,4,Aparińaamii,,auto,
aparokśábhása,4,aparokshaaabhaasa,,auto,
aparokśanubhúti,4,aparokshaanubhooti,,auto,
apátah,4,apaatah,,auto,
Ápatah,4,aapatah,,auto,
ápko,4,aapko,,auto,
Áplutavedaniiyam,4,aaplutavedaniiyam,,auto,
Áppane,4,aappane,,auto,
apracakśate,4,aprachakshaate,,auto,
apramáńam,4,apramaańam,,auto,
Apramattastadá,4,Apramattastadaa,,auto,
Aprápya,4,Apraapya,,auto,
apratisaḿkramá,4,apratisamkramaa,,auto,
Apratisaḿkramá,4,Apratisamkramaa,,auto,
apratisḿkrama,4,apratismkrama,,auto,
áptiḿ,4,aaptim,,auto,
árá,4,aaraa,,auto,
árádhya,4,aaraadhya,,auto,
Árám,4,aaraam,,auto,
arcaná,4,archanaa,,auto,
ariśt́a,4,arishta,,auto,
áropya,4,aaropya,,auto,
árya,4,aarya,,auto,
Árya-Kśatriyas,4,aarya-kshaatriyas,,auto,
Árya-Vaeshyas,4,aarya-Vaeshyas,,auto,
Árya-Vipras,4,aarya-Vipras,,auto,
Áryańya,4,aaryańya,,auto,
ása,4,aasa,,auto,
asádhu,4,asaadhu,,auto,
asádhum,4,asaadhum,,auto,
asaḿkramsahah,4,asamkramsahah,,auto,
Asamprajiṋáta,4,Asamprajnyaaata,,auto,
asampraliináta,4,asampraliinaata,,auto,
asáram,4,asaaram,,auto,
áśáŕha,4,aashaaŕha,,auto,
asatsaungeśu,4,asatsaungeshu,,auto,
ásen,4,aasen,,auto,
Áshaya,4,aashaya,,auto,
Áshcarya,4,aashcharya,,auto,
áshraya,4,aashraya,,auto,
Ashutośa,4,Ashutosha,,auto,
ashvagandhá,4,ashvagandhaa,,auto,
Áshvin,4,aashvin,,auto,
Áshvine,4,aashvine,,auto,
ásiyá,4,aasiyaa,,auto,
ásphota,4,aasphota,,auto,
Aśt́a-Prakrti,4,Ashta-Prakrti,,auto,
Ast́ádasha,4,Astaadasha,,auto,
aśtapásha,4,ashtapaasha,,auto,
Astáuṋga,4,Astaauṋga,,auto,
aśt́auṋga,4,ashtauṋga,,auto,
aśt́áuṋga,4,ashtaauṋga,,auto,
Astiityevopalabdhavyastattvabhávena,4,Astiityevopalabdhavyastattvabhaavena,,auto,
Ástikanagar,4,aastikanagar,,auto,
Ástikasya,4,aastikasya,,auto,
ástitvika,4,aastitvika,,auto,
ástras,4,aastras,,auto,
ásvádana,4,aasvaadana,,auto,
Átamanaḿ,4,aatamanam,,auto,
at́ana,4,atana,,auto,
Átapa,4,aatapa,,auto,
Átaunkita,4,aataunkita,,auto,
at́avi,4,atavi,,auto,
ati-snáyukaośika,4,ati-snaayukaoshika,,auto,
Átma-jiṋána,4,aatma-jnyaaana,,auto,
átmakaḿ,4,aatmakam,,auto,
Átmakriid́a,4,aatmakriida,,auto,
Átmań,4,aatmań,,auto,
Átmaná,4,aatmanaa,,auto,
Átmánah,4,aatmaanah,,auto,
Átmánamarańim,4,aatmaanamarańim,,auto,
átmánátman,4,aatmaanaatman,,auto,
átmanyevá,4,aatmanyevaa,,auto,
Atmápyaniishah,4,Atmaapyaniishah,,auto,
átmaramanyáváco,4,aatmaramanyaavaacho,,auto,
átmárámo,4,aatmaaraamo,,auto,
átmaratih,4,aatmaratih,,auto,
átmatiirtha,4,aatmatiirtha,,auto,
Átmavidyátapomúlaḿ,4,aatmavidyaatapomoolam,,auto,
Átmemdriya,4,aatmemdriya,,auto,
Átmendriya,4,aatmendriya,,auto,
Atmendriyamanoyuktaḿ,4,Atmendriyamanoyuktam,,auto,
átmiká,4,aatmikaa,,auto,
Atrántaraḿ,4,Atraantaram,,auto,
at́t́a,4,atta,,auto,
at́t́ahásya,4,attahaasya,,auto,
attháya,4,atthaaya,,auto,
Atyágo,4,Atyaago,,auto,
átyantrkii,4,aatyantrkii,,auto,
Atyáshrambhiyah,4,Atyaashrambhiyah,,auto,
atyatiśt́haddashaungulum,4,atyatishthaddashaungulum,,auto,
auṋgára,4,auṋgaara,,auto,
Aungiká,4,Aungikaa,,auto,
Auṋgirasa,4,Auṋgirasa,,auto,
Áuṋgirasa,4,aauṋgirasa,,auto,
Aungulimál,4,Aungulimaal,,auto,
auṋkana,4,auṋkana,,auto,
ava-átmasthiikarań,4,ava-aatmasthiikarań,,auto,
ava-átmasthiiksárańa,4,ava-aatmasthiiksaarańa,,auto,
avadhútikárespectively,4,avadhootikaarespectively,,auto,
Avajiṋá,4,Avajnyaaa,,auto,
Ávaranátmaka,4,aavaranaatmaka,,auto,
avasáná,4,avasaanaa,,auto,
avátarah,4,avaatarah,,auto,
avatarańa,4,avatarańa,,auto,
Avatarańaḿ,4,Avatarańam,,auto,
aváuṋmanasogocara,4,avaauṋmanasogochara,,auto,
áveshii,4,aaveshii,,auto,
aviditádadhi,4,aviditaadadhi,,auto,
Avidyámayá,4,Avidyaamayaa,,auto,
Avidyás,4,Avidyaas,,auto,
Avidyáyámantare,4,Avidyaayaamantare,,auto,
Avijiṋátám,4,Avijnyaaataam,,auto,
ávirávih,4,aaviraavih,,auto,
aviśaya,4,avishaya,,auto,
Ávrttacakśuramrtatvamicchan,4,aavrttachakshauramrtatvamicchan,,auto,
avyaktát,4,avyaktaat,,auto,
Avyaktáttu,4,Avyaktaattu,,auto,
Ayaḿ,4,Ayam,,auto,
áyáma,4,aayaama,,auto,
ayamátmá,4,ayamaatmaa,,auto,
ayanáy,4,ayanaay,,auto,
áyatah,4,aayatah,,auto,
áyurvedácáryas,4,aayurvedaachaaryas,,auto,
babhúva,4,babhoova,,auto,
báchá,4,baachaa,,auto,
bádha,4,baadha,,auto,
bádhate,4,baadhate,,auto,
bádshábhog,4,baadshaabhog,,auto,
bágán,4,baagaan,,auto,
bághachála,4,baaghachaala,,auto,
Baguŕa,4,Baguŕa,,auto,
bahádur,4,bahaadur,,auto,
bahál,4,bahaal,,auto,
bahár,4,bahaar,,auto,
Bahatá,4,Bahataa,,auto,
baheŕár,4,baheŕaar,,auto,
Bahiyá,4,Bahiyaa,,auto,
bahńitamah,4,bahńitamah,,auto,
bahunám,4,bahunaam,,auto,
bahunáḿ,4,bahunaam,,auto,
bahúnám,4,bahoonaam,,auto,
bahúni,4,bahooni,,auto,
Bahuprajiṋána,4,Bahuprajnyaaana,,auto,
báhuruta,4,baahuruta,,auto,
báhuyáḿ,4,baahuyaam,,auto,
bahvaunkurá,4,bahvaunkuraa,,auto,
báhyah,4,baahyah,,auto,
báhyamábhyantarantatha,4,baahyamaabhyantarantatha,,auto,
báhyatah,4,baahyatah,,auto,
Bájárs,4,Baajaars,,auto,
bájáye,4,baajaaye,,auto,
bákii,4,baakii,,auto,
bálampramádyataḿ,4,baalampramaadyatam,,auto,
balaná,4,balanaa,,auto,
báláste,4,baalaaste,,auto,
Bálasubrahmańyam,4,Baalasubrahmańyam,,auto,
bale-t́ale,4,bale-tale,,auto,
baliḿ,4,balim,,auto,
bálti,4,baalti,,auto,
Bám,4,Baam,,auto,
báḿlá,4,baamlaa,,auto,
bán,4,baan,,auto,
bándh,4,baandh,,auto,
bándhákapi,4,baandhaakapi,,auto,
báṋká,4,baaṋkaa,,auto,
báoli,4,baaoli,,auto,
bápuŕi,4,baapuŕi,,auto,
Baŕá,4,Baŕaa,,auto,
Bára,4,Baara,,auto,
báŕá,4,baaŕaa,,auto,
baradán,4,baradaan,,auto,
Báráhii,4,Baaraahii,,auto,
báramásyá,4,baaramaasyaa,,auto,
bárań,4,baarań,,auto,
báŕanta,4,baaŕanta,,auto,
Barbat́i,4,Barbati,,auto,
báŕiir,4,baaŕiir,,auto,
bariśt́hah,4,barishthah,,auto,
bariśt́ham,4,barishtham,,auto,
Baŕo,4,Baŕo,,auto,
báro,4,baaro,,auto,
bároiyárii,4,baaroiyaarii,,auto,
Bároyárii,4,Baaroyaarii,,auto,
barśer,4,barsher,,auto,
Baŕua,4,Baŕua,,auto,
Baŕuá,4,Baŕuaa,,auto,
básá,4,baasaa,,auto,
báshiir,4,baashiir,,auto,
Básite,4,Baasite,,auto,
bat́abiija,4,batabiija,,auto,
bat́án,4,bataan,,auto,
bataviija-sámányavadanekabatashaktirekaeva,4,bataviija-saamaanyavadanekabatashaktirekaeva,,auto,
Bázár,4,Baazaar,,auto,
bekár,4,bekaar,,auto,
Berábe,4,Beraabe,,auto,
berái,4,beraai,,auto,
betár,4,betaar,,auto,
bhábhútamiidyam,4,bhaabhootamiidyam,,auto,
bhábiyá,4,bhaabiyaa,,auto,
Bhábt́i,4,Bhaabti,,auto,
bhadráni,4,bhadraani,,auto,
Bhádugán,4,Bhaadugaan,,auto,
BHÁGAVATA,4,BHaaGAVATA,,auto,
bhágavate,4,bhaagavate,,auto,
bhagcáśi,4,bhagchaashi,,auto,
Bhahameváhamiti,4,Bhahamevaahamiti,,auto,
bháilá,4,bhaailaa,,auto,
bhajabár,4,bhajabaar,,auto,
bhajámyahaḿ,4,bhajaamyaham,,auto,
bhakśayennityaḿ,4,bhakshaayennityam,,auto,
Bhaktiránandarúpa,4,Bhaktiraanandaroopa,,auto,
Bhaktiránandarupáca,4,Bhaktiraanandarupaacha,,auto,
Bhaktiránandarúpáca,4,Bhaktiraanandaroopaacha,,auto,
Bhaktirándarúpá,4,Bhaktiraandaroopaa,,auto,
Bhaktirbhagavatosevá,4,Bhaktirbhagavatosevaa,,auto,
bhániamanubháti,4,bhaaniamanubhaati,,auto,
bháńt́á,4,bhaańtaa,,auto,
bhántámanubháti,4,bhaantaamanubhaati,,auto,
bhańti,4,bhańti,,auto,
Bhará,4,Bharaa,,auto,
bhárańa,4,bhaarańa,,auto,
Bhárat,4,Bhaarat,,auto,
Bháratvarser,4,Bhaaratvarser,,auto,
bhárii,4,bhaarii,,auto,
Bhartá,4,Bhartaa,,auto,
Bhásayate,4,Bhaasayate,,auto,
bháśiye,4,bhaashiye,,auto,
bhasmabhúsańa,4,bhasmabhoosańa,,auto,
bhasmiibhúta,4,bhasmiibhoota,,auto,
Bhat́t́a,4,Bhatta,,auto,
Bhává,4,Bhaavaa,,auto,
Bhavábdhikarńadhárakam,4,Bhavaabdhikarńadhaarakam,,auto,
bhávábhávakaraḿ,4,bhaavaabhaavakaram,,auto,
bhavadbhaviśyaditi,4,bhavadbhavishyaditi,,auto,
Bhávagráhyamaniid́ákhyaḿ,4,Bhaavagraahyamaniidaakhyam,,auto,
Bhávakendrasthitah,4,Bhaavakendrasthitah,,auto,
bhavámbodhipotaḿ,4,bhavaambodhipotam,,auto,
Bhávana,4,Bhaavana,,auto,
bhávanátashcittapra-sádanam,4,bhaavanaatashchittapra-saadanam,,auto,
Bhávanátashcittaprasádanam,4,Bhaavanaatashchittaprasaadanam,,auto,
bhavanirváńá,4,bhavanirvaańaa,,auto,
Bhávasagar,4,Bhaavasagar,,auto,
bhavato'yaddhyánena,4,bhavato'yaddhyaanena,,auto,
bhavatyetávaddhyanushásanam,4,bhavatyetaavaddhyanushaasanam,,auto,
bháve,4,bhaave,,auto,
bhávet,4,bhaavet,,auto,
bhávo,4,bhaavo,,auto,
Bhayárttináshakárakam,4,Bhayaarttinaashakaarakam,,auto,
bheḿgechi,4,bhemgechi,,auto,
Bheuṋge,4,Bheuṋge,,auto,
Bhicákashiiti,4,Bhichaakashiiti,,auto,
Bhiisáhasmádagniscandrashca,4,Bhiisaahasmaadagnischandrashcha,,auto,
bhiisańa,4,bhiisańa,,auto,
bhiiśańam,4,bhiishańam,,auto,
bhiisáńamiti,4,bhiisaańamiti,,auto,
bhiiśanamiti,4,bhiishanamiti,,auto,
bhiiśasmádagnishcendrashca,4,bhiishasmaadagnishchendrashcha,,auto,
Bhiiśásmádváyupavate,4,Bhiishaasmaadvaayupavate,,auto,
bhiiśo'deti,4,bhiisho'deti,,auto,
bhiiśodetisúryah,4,bhiishodetisooryah,,auto,
bhiiśosmád,4,bhiishosmaad,,auto,
Bhikśu,4,Bhikshau,,auto,
bhishcá,4,bhishchaa,,auto,
Bhogyabháva,4,Bhogyabhaava,,auto,
bhokábhogashca,4,bhokaabhogashcha,,auto,
Bhoktábhava,4,Bhoktaabhava,,auto,
bhoktetyáhurmaniiśanah,4,bhoktetyaahurmaniishanah,,auto,
Bhoktrbháva,4,Bhoktrbhaava,,auto,
bhrájate,4,bhraajate,,auto,
Bhrámariitárá,4,Bhraamariitaaraa,,auto,
bhránti,4,bhraanti,,auto,
bhrántidarshana,4,bhraantidarshana,,auto,
bhuddhirtámitah,4,bhuddhirtaamitah,,auto,
bhúdhara,4,bhoodhara,,auto,
Bhúdhare,4,Bhoodhare,,auto,
Bhúh,4,Bhooh,,auto,
bhuiṋjiithámá,4,bhuiṋjiithaamaa,,auto,
Bhujauṋgásana,4,Bhujauṋgaasana,,auto,
bhuktabhogámajo'nyah,4,bhuktabhogaamajo'nyah,,auto,
Bhuktabhogámajo'nyah,4,Bhuktabhogaamajo'nyah,,auto,
bhúktvácchekya,4,bhooktvaacchekya,,auto,
bhúmadrśt́i,4,bhoomadrshti,,auto,
Bhúmámánas,4,Bhoomaamaanas,,auto,
Bhúmámánasa,4,Bhoomaamaanasa,,auto,
bhúmańd́ale,4,bhoomańdale,,auto,
bhumirápo,4,bhumiraapo,,auto,
bhúr-bhuvah-svah,4,bhoor-bhuvah-svah,,auto,
bhurvácak,4,bhurvaachak,,auto,
bhúśańa,4,bhooshańa,,auto,
Bhútam,4,Bhootam,,auto,
bhutánám,4,bhutaanaam,,auto,
Bhutáni,4,Bhutaani,,auto,
Bhútáni,4,Bhootaani,,auto,
bhútániátmaevábhúdvijánatah,4,bhootaaniaatmaevaabhoodvijaanatah,,auto,
bhútániindriyáni,4,bhootaaniindriyaani,,auto,
Bhútavidya,4,Bhootavidya,,auto,
bhútáymá,4,bhootaaymaa,,auto,
bhutesú,4,bhutesoo,,auto,
bhútesu,4,bhootesu,,auto,
Bhúteśu,4,Bhooteshu,,auto,
bhuvanamávivesha,4,bhuvanamaavivesha,,auto,
bhuvanasyásya,4,bhuvanasyaasya,,auto,
bhuvanásyásyá,4,bhuvanaasyaasyaa,,auto,
bhuvanasyáya,4,bhuvanasyaaya,,auto,
Bhúvar,4,Bhoovar,,auto,
bhuyáiva,4,bhuyaaiva,,auto,
bhuyánnaciketa,4,bhuyaannachiketa,,auto,
bhuyánnaciketah,4,bhuyaannachiketah,,auto,
Bhuyashánte,4,Bhuyashaante,,auto,
bhúyastattvasya,4,bhooyastattvasya,,auto,
biddyaláya,4,biddyalaaya,,auto,
Biijaḿ,4,Biijam,,auto,
biijatalá,4,biijatalaa,,auto,
biijátmaka,4,biijaatmaka,,auto,
Bilvapuśkarińii,4,Bilvapushkarińii,,auto,
bimbaḿ,4,bimbam,,auto,
bimuttamánáso,4,bimuttamaanaaso,,auto,
biphalá,4,biphalaa,,auto,
Biŕis,4,Biŕis,,auto,
Boddhámánas,4,Boddhaamaanas,,auto,
Bodhakriyá,4,Bodhakriyaa,,auto,
bodhasatthá,4,bodhasatthaa,,auto,
bojháno,4,bojhaano,,auto,
Bombái,4,Bombaai,,auto,
Boŕá,4,Boŕaa,,auto,
Brahamajiṋána,4,Brahamajnyaaana,,auto,
Brahmá-ic,4,Brahmaa-ic,,auto,
Brahma-Sádhaka,4,Brahma-Saadhaka,,auto,
Brahma-sádhaná,4,Brahma-saadhanaa,,auto,
Brahmábháva,4,Brahmaabhaava,,auto,
Brahmabhávaná,4,Brahmabhaavanaa,,auto,
brahmacaraḿ,4,brahmacharam,,auto,
Brahmacaryáparigraháh,4,Brahmacharyaaparigrahaah,,auto,
brahmacátmaná,4,brahmachaatmanaa,,auto,
Brahmakrpáhi,4,Brahmakrpaahi,,auto,
Brahmamúlam,4,Brahmamoolam,,auto,
Brahmańáhútam,4,Brahmańaahootam,,auto,
Brahmáńaḿ,4,Brahmaańam,,auto,
Bráhmańas,4,Braahmańas,,auto,
brahmańdekiikrtya,4,brahmańdekiikrtya,,auto,
brahmańi,4,brahmańi,,auto,
brahmaparaḿ,4,brahmaparam,,auto,
brahmaparamaḿyáti,4,brahmaparamamyaati,,auto,
Brahmasádhaná,4,Brahmasaadhanaa,,auto,
Brahmástra,4,Brahmaastra,,auto,
brahmatattvaḿ,4,brahmatattvam,,auto,
brahmátmánusandadhyát,4,brahmaatmaanusandadhyaat,,auto,
Brahmavaedamamrtaḿ,4,Brahmavaedamamrtam,,auto,
brahmavedaḿ,4,brahmavedam,,auto,
brahḿavidám,4,brahmavidaam,,auto,
brahmavidáḿstathá,4,brahmavidaamstathaa,,auto,
Brahmáviśńushivarúpińo,4,Brahmaavishńushivaroopińo,,auto,
bráhmii,4,braahmii,,auto,
Bráhmiidehe,4,Braahmiidehe,,auto,
brahmopaniśat,4,brahmopanishat,,auto,
Brajabhaśa,4,Brajabhasha,,auto,
Brajámah,4,Brajaamah,,auto,
Brátyastvaḿ,4,Braatyastvam,,auto,
brhantaḿ,4,brhantam,,auto,
Brkśa,4,Brkshaa,,auto,
brkśakalákrtibhi,4,brkshaakalaakrtibhi,,auto,
brḿhań,4,brmhań,,auto,
Brḿhań,4,Brmhań,,auto,
Brḿhanattvád,4,Brmhanattvaad,,auto,
brḿhańattvád,4,brmhańattvaad,,auto,
Buddhiḿ,4,Buddhim,,auto,
buddhirbuddheratmá,4,buddhirbuddheratmaa,,auto,
buddhitámitah,4,buddhitaamitah,,auto,
bujhdár,4,bujhdaar,,auto,
Buŕa,4,Buŕa,,auto,
byákul,4,byaakul,,auto,
byathá,4,byathaa,,auto,
cábhede,4,chaabhede,,auto,
cábhedo,4,chaabhedo,,auto,
cábi,4,chaabi,,auto,
cádhigacchati,4,chaadhigacchati,,auto,
caetanyadiiptá,4,chaetanyadiiptaa,,auto,
caetanyaḿ,4,chaetanyam,,auto,
caevátmaguńaeshca-súkśmaeh,4,chaevaatmaguńaeshcha-sookshamaeh,,auto,
caeváyaḿ,4,chaevaayam,,auto,
cáhibáre,4,chaahibaare,,auto,
Cáhite,4,Chaahite,,auto,
caiṋcal,4,chaiṋchal,,auto,
cáine,4,chaaine,,auto,
Cákái,4,Chaakaai,,auto,
Cakrásana,4,Chakraasana,,auto,
Cakráyúdha,4,Chakraayoodha,,auto,
cakśuḿśi,4,chakshaumshi,,auto,
cakśúḿsi,4,chakshaoomsi,,auto,
cakśurgacchati,4,chakshaurgacchati,,auto,
cakśurńa,4,chakshaurńa,,auto,
Cakśurunmiilitaḿ,4,Chakshaurunmiilitam,,auto,
cakśusá,4,chakshausaa,,auto,
cakśuśa,4,chakshausha,,auto,
cákśuśaerbáhya,4,chaakshaushaerbaahya,,auto,
Cakśuśashcakśuratimucya,4,Chakshaushashchakshauratimucya,,auto,
caksuśi,4,chaksushi,,auto,
calamánatá,4,chalamaanataa,,auto,
calaná,4,chalanaa,,auto,
cáláy,4,chaalaay,,auto,
caliyá,4,chaliyaa,,auto,
Campánagar,4,Champaanagar,,auto,
Campárań,4,Champaarań,,auto,
canakákararúpińii,4,chanakaakararoopińii,,auto,
Cándá,4,Chaandaa,,auto,
cańd́al,4,chańdal,,auto,
Cańd́al,4,Chańdal,,auto,
cańd́álas,4,chańdaalas,,auto,
Cańd́álii,4,Chańdaalii,,auto,
Candálopi,4,Chandaalopi,,auto,
cańd́áls,4,chańdaals,,auto,
Cańd́iká,4,Chańdikaa,,auto,
Candrabhágá,4,Chandrabhaagaa,,auto,
candrabhánu,4,chandrabhaanu,,auto,
Candramá,4,Chandramaa,,auto,
candramáh,4,chandramaah,,auto,
cántariikśamotaḿ,4,chaantariikshaamotam,,auto,
caoká,4,chaokaa,,auto,
caośat́t́i,4,chaoshatti,,auto,
caŕbe,4,chaŕbe,,auto,
carcá,4,charchaa,,auto,
cáridike,4,chaaridike,,auto,
carká,4,charkaa,,auto,
carmavadákáshaḿ,4,charmavadaakaasham,,auto,
cárya,4,chaarya,,auto,
Caryácaryavinishcaya,4,Charyaacharyavinishchaya,,auto,
cashamkhoŕ,4,chashamkhoŕ,,auto,
Casyávayavabhútaestu,4,Chasyaavayavabhootaestu,,auto,
cátḿánam,4,chaatmaanam,,auto,
cátmani,4,chaatmani,,auto,
cátmavivrddijama,4,chaatmavivrddijama,,auto,
Cat́t́agrám,4,Chattagraam,,auto,
Cat́t́al,4,Chattal,,auto,
cattváravedán,4,chattvaaravedaan,,auto,
caturánana,4,chaturaanana,,auto,
Caturásráḿ,4,Chaturaasraam,,auto,
caturthashcaturátmá,4,chaturthashchaturaatmaa,,auto,
cáturvarńa,4,chaaturvarńa,,auto,
catuspádah,4,chatuspaadah,,auto,
catuspáthiis,4,chatuspaathiis,,auto,
catuspát́hiis,4,chatuspaathiis,,auto,
Cátuti,4,Chaatuti,,auto,
catvárovedán,4,chatvaarovedaan,,auto,
Cáulo,4,Chaaulo,,auto,
cával,4,chaaval,,auto,
cávidyá,4,chaavidyaa,,auto,
cedihá,4,chedihaa,,auto,
cetanashcetanánámeko,4,chetanashchetanaanaameko,,auto,
cetanshcetanánáḿ,4,chetanshchetanaanaam,,auto,
Cetomukhashcaturátmá,4,Chetomukhashchaturaatmaa,,auto,
chágale,4,chaagale,,auto,
chalamá,4,chalamaa,,auto,
Cháná,4,Chaanaa,,auto,
chánd,4,chaand,,auto,
chánpá,4,chaanpaa,,auto,
Cháráte,4,Chaaraate,,auto,
charáye,4,charaaye,,auto,
cháráye,4,chaaraaye,,auto,
chaŕiye,4,chaŕiye,,auto,
chatmánam,4,chatmaanam,,auto,
cháyátapayoriva,4,chaayaatapayoriva,,auto,
cháyáy,4,chaayaay,,auto,
cheṋŕe,4,cheṋŕe,,auto,
Chetvá,4,Chetvaa,,auto,
chikaná,4,chikanaa,,auto,
chiná,4,chinaa,,auto,
Chiṋŕe,4,Chiṋŕe,,auto,
Chot́a,4,Chota,,auto,
Chut́e,4,Chute,,auto,
chúte,4,choote,,auto,
Ciaráa,4,Chiaraaa,,auto,
cikicchá,4,chikicchaa,,auto,
Cintámańi,4,Chintaamańi,,auto,
cintyáh,4,chintyaah,,auto,
cintyamánah,4,chintyamaanah,,auto,
citrá,4,chitraa,,auto,
citránkana,4,chitraankana,,auto,
cittabhúmi,4,chittabhoomi,,auto,
cittánáḿ,4,chittaanaam,,auto,
cittáńavika,4,chittaańavika,,auto,
cittáńus,4,chittaańus,,auto,
cittasyaekágiratáparińáma,4,chittasyaekaagirataaparińaama,,auto,
copá,4,chopaa,,auto,
cotuśppájjágaritasthánah,4,chotushppaajjaagaritasthaanah,,auto,
counter-pratisaiṋcara,4,chounter-pratisaiṋchara,,auto,
culhá,4,chulhaa,,auto,
cumá,4,chumaa,,auto,
cuncŕo,4,chuncŕo,,auto,
cúŕá,4,chooŕaa,,auto,
cyáḿ,4,cyaam,,auto,
cyán,4,cyaan,,auto,
dabramevápi,4,dabramevaapi,,auto,
dadhádbrahmápyayam,4,dadhaadbrahmaapyayam,,auto,
daevataḿ,4,daevatam,,auto,
dág,4,daag,,auto,
dagdhendhanamivánalam,4,dagdhendhanamivaanalam,,auto,
dáhin,4,daahin,,auto,
D́áká,4,Daakaa,,auto,
D́ákinii,4,Daakinii,,auto,
d́ákiniis,4,daakiniis,,auto,
d́akiniisamanvitá,4,dakiniisamanvitaa,,auto,
Dákśáyańii,4,Daakshaaayańii,,auto,
dakśińácára,4,dakshaińaachaara,,auto,
dakśińam,4,dakshaińam,,auto,
Dakśińaráya,4,Dakshaińaraaya,,auto,
dakśińatashcottareńa,4,dakshaińatashchottareńa,,auto,
Dakśini,4,Dakshaini,,auto,
Dakśińii,4,Dakshaińii,,auto,
Damdamá,4,Damdamaa,,auto,
dańd́a,4,dańda,,auto,
dańd́avat,4,dańdavat,,auto,
Dandramyamánáh,4,Dandramyamaanaah,,auto,
Dángáy,4,Daangaay,,auto,
Dápana,4,Daapana,,auto,
dápat,4,daapat,,auto,
Darpańa,4,Darpańa,,auto,
darpańábhávo,4,darpańaabhaavo,,auto,
darshayatisiddhatvá,4,darshayatisiddhatvaa,,auto,
darshayitvá,4,darshayitvaa,,auto,
Darshitaviśaya,4,Darshitavishaya,,auto,
darshitaviśayitva,4,darshitavishayitva,,auto,
dárvádi,4,daarvaadi,,auto,
dasháungulaḿ,4,dashaaungulam,,auto,
dastáná,4,dastaanaa,,auto,
dásyas,4,daasyas,,auto,
Dátmá,4,Daatmaa,,auto,
dehaparińámaváda,4,dehaparińaamavaada,,auto,
Deharakśá,4,Deharakshaaa,,auto,
dehátmaváda,4,dehaatmavaada,,auto,
dekhá,4,dekhaa,,auto,
Dekhá,4,Dekhaa,,auto,
DemiMágadhii,4,DemiMaagadhii,,auto,
desái,4,desaai,,auto,
deshalái,4,deshalaai,,auto,
deshlái,4,deshlaai,,auto,
devadásiis,4,devadaasiis,,auto,
devamijiṋáya,4,devamijnyaaaya,,auto,
devaḿmátvádhiiro,4,devammaatvaadhiiro,,auto,
devanáḿ,4,devanaam,,auto,
Devánámasi,4,Devaanaamasi,,auto,
devatáh,4,devataah,,auto,
Devatánáḿ,4,Devataanaam,,auto,
devatár,4,devataar,,auto,
devatáscha,4,devataascha,,auto,
devátmabuddhiprakáshaḿ,4,devaatmabuddhiprakaasham,,auto,
devátmashaktiḿ,4,devaatmashaktim,,auto,
deváya,4,devaaya,,auto,
devayána,4,devayaana,,auto,
Deviibhágavat,4,Deviibhaagavat,,auto,
deviimayaḿ,4,deviimayam,,auto,
deyaḿ,4,deyam,,auto,
dhác,4,dhaac,,auto,
d́hakká,4,dhakkaa,,auto,
dhalá,4,dhalaa,,auto,
dhámasu,4,dhaamasu,,auto,
dhanápaháh,4,dhanaapahaah,,auto,
dhanátmaka,4,dhanaatmaka,,auto,
Dhanátmaka,4,Dhanaatmaka,,auto,
dháner,4,dhaaner,,auto,
dhaolá,4,dhaolaa,,auto,
dharańiiḿ,4,dharańiim,,auto,
Dharátale,4,Dharaatale,,auto,
dharáy,4,dharaay,,auto,
dháráy,4,dhaaraay,,auto,
dháraya,4,dhaaraya,,auto,
dháráyám,4,dhaaraayaam,,auto,
Dharmábaham,4,Dharmaabaham,,auto,
dharmalakśańam,4,dharmalakshaańam,,auto,
Dharmárthakámamokśarthaḿ,4,Dharmaarthakaamamokshaartham,,auto,
Dharmárthakámamokśáthaḿ,4,Dharmaarthakaamamokshaaatham,,auto,
dharmashálas,4,dharmashaalas,,auto,
dharmashástra,4,dharmashaastra,,auto,
Dharmeńa,4,Dharmeńa,,auto,
dhármic,4,dhaarmic,,auto,
Dhátuh,4,Dhaatuh,,auto,
dhávita,4,dhaavita,,auto,
d́henki,4,dhenki,,auto,
dhiiráńaḿ,4,dhiiraańam,,auto,
dhiirástesáḿ,4,dhiiraastesaam,,auto,
dhiirásteśáḿ,4,dhiiraasteshaam,,auto,
dhiiráśtesyám,4,dhiiraashtesyaam,,auto,
Dhiirvidyá,4,Dhiirvidyaa,,auto,
dhonyá,4,dhonyaa,,auto,
dhrtaráśtra,4,dhrtaraashtra,,auto,
dhrtyádhiironaciketo'tysráksii,4,dhrtyaadhiironachiketo'tysraaksii,,auto,
dhruvá,4,dhruvaa,,auto,
dhruvamadhruveśviha,4,dhruvamadhruveshviha,,auto,
dhúper,4,dhooper,,auto,
Dhurjat́ii,4,Dhurjatii,,auto,
Dhyánanirmathanábhyásád,4,Dhyaananirmathanaabhyaasaad,,auto,
Dhyánásanas,4,Dhyaanaasanas,,auto,
dhyánayogánugatá,4,dhyaanayogaanugataa,,auto,
dhyánper,4,dhyaanper,,auto,
dhyánya,4,dhyaanya,,auto,
dhyáyamánah,4,dhyaayamaanah,,auto,
dhyáyatha,4,dhyaayatha,,auto,
d́ihá,4,dihaa,,auto,
Diipajiṋána,4,Diipajnyaaana,,auto,
diirghashvása,4,diirghashvaasa,,auto,
dilá,4,dilaa,,auto,
dildár,4,dildaar,,auto,
d́iḿlá,4,dimlaa,,auto,
dishehárá,4,dishehaaraa,,auto,
divá,4,divaa,,auto,
divyácárá,4,divyaachaaraa,,auto,
doánsh,4,doaansh,,auto,
dośaeh,4,doshaeh,,auto,
dośah,4,doshah,,auto,
dosaḿ,4,dosam,,auto,
dośatrayaḿ,4,doshatrayam,,auto,
drákśá,4,draakshaaa,,auto,
drávid́,4,draavid,,auto,
draviińaḿ,4,draviińam,,auto,
drst́ah,4,drstah,,auto,
drśt́ah,4,drshtah,,auto,
drśtaye,4,drshtaye,,auto,
drśte,4,drshte,,auto,
drśt́ibhrama,4,drshtibhrama,,auto,
drśtya,4,drshtya,,auto,
drumáyate,4,drumaayate,,auto,
duhkhamevápiyati,4,duhkhamevaapiyati,,auto,
duhkhasyánto,4,duhkhasyaanto,,auto,
duit́i,4,duiti,,auto,
dulál,4,dulaal,,auto,
Dumká,4,Dumkaa,,auto,
d́uḿri,4,dumri,,auto,
dúra,4,doora,,auto,
dúradrśt́i,4,dooradrshti,,auto,
Duragábhaktitaraunginii,4,Duragaabhaktitaraunginii,,auto,
Dúramete,4,Dooramete,,auto,
durbaláste,4,durbalaaste,,auto,
durgá,4,durgaa,,auto,
Durgásaptashatii,4,Durgaasaptashatii,,auto,
durjanasaḿsargam,4,durjanasamsargam,,auto,
Dúrma,4,Doorma,,auto,
Durvá,4,Durvaa,,auto,
duśt́áshváiva,4,dushtaashvaaiva,,auto,
duśt́er,4,dushter,,auto,
dvábhyám,4,dvaabhyaam,,auto,
Dvaepáyana,4,Dvaepaayana,,auto,
Dvaetádvaetaváda,4,Dvaetaadvaetavaada,,auto,
Dvaetaváda,4,Dvaetavaada,,auto,
dvaetavádii,4,dvaetavaadii,,auto,
dvárá,4,dvaaraa,,auto,
Dveśa,4,Dvesha,,auto,
dvidhábhinnáyadommukhii,4,dvidhaabhinnaayadommukhii,,auto,
dviśo,4,dvisho,,auto,
Dyotamaná,4,Dyotamanaa,,auto,
ekadá,4,ekadaa,,auto,
ekágrabhúmi,4,ekaagrabhoomi,,auto,
ekágratá,4,ekaagrataa,,auto,
ekákii,4,ekaakii,,auto,
ekaḿ,4,ekam,,auto,
Ekastáthá,4,Ekastaathaa,,auto,
Ekastathásarvabhútántarátmá,4,Ekastathaasarvabhootaantaraatmaa,,auto,
Ekastháh,4,Ekasthaah,,auto,
ekatánatá,4,ekataanataa,,auto,
Ekbár,4,Ekbaar,,auto,
ekiibhútah,4,ekiibhootah,,auto,
Ekonaviḿshatimukhah,4,Ekonavimshatimukhah,,auto,
eláca,4,elaacha,,auto,
eláchi,4,elaachi,,auto,
Eḿ,4,Em,,auto,
enamevaḿ,4,enamevam,,auto,
esá,4,esaa,,auto,
eśah,4,eshah,,auto,
eśaḿ,4,esham,,auto,
eśo'ntashcarate,4,esho'ntashcharate,,auto,
Eśo'ńurátmá,4,Esho'ńuraatmaa,,auto,
eśontaryámyeśa,4,eshontaryaamyesha,,auto,
Etadálambanam,4,Etadaalambanam,,auto,
etadevákśaraḿ,4,etadevaakshaaram,,auto,
Etadevákśaraḿ,4,Etadevaakshaaram,,auto,
etadviduramtáste,4,etadviduramtaaste,,auto,
Etajjiṋáyaḿ,4,Etajjnyaaayam,,auto,
etaḿ,4,etam,,auto,
Etasmád,4,Etasmaad,,auto,
Etasmádátmanah,4,Etasmaadaatmanah,,auto,
Etávupádhipara,4,Etaavupaadhipara,,auto,
evágnih,4,evaagnih,,auto,
Evám,4,Evaam,,auto,
evamevaeśá,4,evamevaeshaa,,auto,
eyá,4,eyaa,,auto,
gá-mochá,4,gaa-mochaa,,auto,
gábhii,4,gaabhii,,auto,
gacchathá,4,gacchathaa,,auto,
Gáchá,4,Gaachaa,,auto,
gáche,4,gaache,,auto,
gadá,4,gadaa,,auto,
gádá,4,gaadaa,,auto,
gahaná,4,gahanaa,,auto,
Gáikka,4,Gaaikka,,auto,
gailá,4,gailaa,,auto,
gájii,4,gaajii,,auto,
galashuńd́iká,4,galashuńdikaa,,auto,
gamká,4,gamkaa,,auto,
gańahanana,4,gańahanana,,auto,
Gánápatyácára,4,Gaanaapatyaachaara,,auto,
gańatanka,4,gańatanka,,auto,
gandhaceliká,4,gandhachelikaa,,auto,
gandhahárik,4,gandhahaarik,,auto,
gandhaháriká,4,gandhahaarikaa,,auto,
gandhahárin,4,gandhahaarin,,auto,
gandhapishácas,4,gandhapishaachas,,auto,
gándharva,4,gaandharva,,auto,
Gańd́oyána,4,Gańdoyaana,,auto,
Gańeśa,4,Gańesha,,auto,
Gańesher,4,Gańesher,,auto,
Gangá-Yamuna,4,Gangaa-Yamuna,,auto,
Gaorii-pat́t́a,4,Gaorii-patta,,auto,
Gaorii-piit́ha,4,Gaorii-piitha,,auto,
gaŕ,4,gaŕ,,auto,
garán,4,garaan,,auto,
gardabháh,4,gardabhaah,,auto,
gaŕechi,4,gaŕechi,,auto,
gaŕgaŕ,4,gaŕgaŕ,,auto,
Gariyáhát́á,4,Gariyaahaataa,,auto,
gaŕiye,4,gaŕiye,,auto,
Gaŕiye,4,Gaŕiye,,auto,
Gataiṋca,4,Gataiṋcha,,auto,
Gataḿ,4,Gatam,,auto,
gatiratranastyańiiyánhytarkyamańupramáńát,4,gatiratranastyańiiyaanhytarkyamańupramaańaat,,auto,
gavahvareśt́hampuranam,4,gavahvareshthampuranam,,auto,
Gayá,4,Gayaa,,auto,
Gáyantaḿ,4,Gaayantam,,auto,
Gáyattrii-mantra,4,Gaayattrii-mantra,,auto,
Ghaiṋ,4,Ghaiṋ,,auto,
ghaniibhúta,4,ghaniibhoota,,auto,
ghát́á,4,ghaataa,,auto,
ghátakáh,4,ghaatakaah,,auto,
ghátinii,4,ghaatinii,,auto,
Ghośa,4,Ghosha,,auto,
Ghrtát,4,Ghrtaat,,auto,
ghurábi,4,ghuraabi,,auto,
ghúrńana,4,ghoorńana,,auto,
giita-vádyá-nrtya,4,giita-vaadyaa-nrtya,,auto,
gocarán,4,gocharaan,,auto,
Gohiniinátha,4,Gohiniinaatha,,auto,
gokulapiit́há,4,gokulapiithaa,,auto,
Gopálapálaḿ,4,Gopaalapaalam,,auto,
gosalkháná,4,gosalkhaanaa,,auto,
gotratyága,4,gotratyaaga,,auto,
Gounáyalu,4,Gounaayalu,,auto,
Graha-tárá,4,Graha-taaraa,,auto,
grahaḿ,4,graham,,auto,
Granthimuktásana,4,Granthimuktaasana,,auto,
grás,4,graas,,auto,
gráse,4,graase,,auto,
Grdhrakút́,4,Grdhrakoot,,auto,
grhágata,4,grhaagata,,auto,
grhińiis,4,grhińiis,,auto,
gubák,4,gubaak,,auto,
gud́hátmá,4,gudhaatmaa,,auto,
gúd́hátmána,4,goodhaatmaana,,auto,
gúd́he,4,goodhe,,auto,
guhácarannáma,4,guhaacharannaama,,auto,
guháshyaḿ,4,guhaashyam,,auto,
gulistán,4,gulistaan,,auto,
guńabhásam,4,guńabhaasam,,auto,
guńábhasaḿ,4,guńaabhasam,,auto,
guńábhinna,4,guńaabhinna,,auto,
guńábhinnáuṋkureśvapi,4,guńaabhinnaauṋkureshvapi,,auto,
guńadharma,4,guńadharma,,auto,
Guńádhishá,4,Guńaadhishaa,,auto,
Gúńádiisha,4,Goońaadiisha,,auto,
guńahiinamaheshaganavaranám,4,guńahiinamaheshaganavaranaam,,auto,
guńáshrayii,4,guńaashrayii,,auto,
guńátmá,4,guńaatmaa,,auto,
Guńatrikona,4,Guńatrikona,,auto,
Gururvákyam,4,Gururvaakyam,,auto,
guváka,4,guvaaka,,auto,
hábelii,4,haabelii,,auto,
Hákinii,4,Haakinii,,auto,
halaná,4,halanaa,,auto,
Hamára,4,Hamaara,,auto,
hamlá,4,hamlaa,,auto,
hamlábar,4,hamlaabar,,auto,
Haḿsa,4,Hamsa,,auto,
Hánŕita,4,Haanŕita,,auto,
Háns,4,Haans,,auto,
hánsjáru,4,haansjaaru,,auto,
hár,4,haar,,auto,
Hár,4,Haar,,auto,
háráy,4,haaraay,,auto,
Haribhaktiparáyańa,4,Haribhaktiparaayańa,,auto,
hariháná,4,harihaanaa,,auto,
Harińghát́á,4,Harińghaataa,,auto,
hariparimańd́ala,4,hariparimańdala,,auto,
harśshokao,4,harshshokao,,auto,
hásche,4,haasche,,auto,
hásit́i,4,haasiti,,auto,
hásiyá,4,haasiyaa,,auto,
hastasthaḿ,4,hastastham,,auto,
hát́á,4,haataa,,auto,
hat́hatah,4,hathatah,,auto,
Háther,4,Haather,,auto,
hátishunŕá,4,haatishunŕaa,,auto,
Hat́t́amálá,4,Hattamaalaa,,auto,
Hatthiigrám,4,Hatthiigraam,,auto,
hávŕe,4,haavŕe,,auto,
Háy,4,Haay,,auto,
hayánáhurviśayamstesú,4,hayaanaahurvishayamstesoo,,auto,
hetubhútah,4,hetubhootah,,auto,
hetuná,4,hetunaa,,auto,
hikká,4,hikkaa,,auto,
Hirańmayena,4,Hirańmayena,,auto,
Hirańmayo'ham,4,Hirańmayo'ham,,auto,
Hiranyágarbha,4,Hiranyaagarbha,,auto,
hirańyagarbha,4,hirańyagarbha,,auto,
hirańyagarbhastrirúpa,4,hirańyagarbhastriroopa,,auto,
HLÁDINII,4,HLaaDINII,,auto,
hoggá,4,hoggaa,,auto,
Hrdáhrdisthaḿ,4,Hrdaahrdistham,,auto,
huḿ,4,hum,,auto,
huḿkára,4,humkaara,,auto,
hyáják,4,hyaajaak,,auto,
hyamrtaḿ,4,hyamrtam,,auto,
hyánandabhúk,4,hyaanandabhook,,auto,
hyarcayedbhútikamah,4,hyarchayedbhootikamah,,auto,
hyarthá,4,hyarthaa,,auto,
hyartháh,4,hyarthaah,,auto,
hyátatáyinah,4,hyaatataayinah,,auto,
hyathayamádesho,4,hyathayamaadesho,,auto,
hyauṋgabhútáni,4,hyauṋgabhootaani,,auto,
hyayamátmá,4,hyayamaatmaa,,auto,
iahán,4,iahaan,,auto,
Icchá,4,Icchaa,,auto,
Icchámatii,4,Icchaamatii,,auto,
iccháviná,4,icchaavinaa,,auto,
ichámatii,4,ichaamatii,,auto,
id́a,4,ida,,auto,
Idaḿtiirthamidaḿ,4,Idamtiirthamidam,,auto,
ihántike,4,ihaantike,,auto,
iikś,4,iiksha,,auto,
iikśańa-vidyá,4,iikshaańa-vidyaa,,auto,
Iikśye-shrńomi-jighrámi,4,Iikshaye-shrńomi-jighraami,,auto,
Iikśyes,4,Iikshayes,,auto,
Iishádya,4,Iishaadya,,auto,
Iishaḿ,4,Iisham,,auto,
Iishánambhútabhavyasya,4,Iishaanambhootabhavyasya,,auto,
iishanáya,4,iishanaaya,,auto,
iishasaḿstho,4,iishasamstho,,auto,
iishitá,4,iishitaa,,auto,
Iishvarabháva,4,Iishvarabhaava,,auto,
Iishvarakrśńa,4,Iishvarakrshńa,,auto,
iishvaraprańidhána,4,iishvaraprańidhaana,,auto,
iiśiká,4,iishikaa,,auto,
ikká,4,ikkaa,,auto,
ikś,4,iksha,,auto,
Ikśu,4,Ikshau,,auto,
Ilá,4,Ilaa,,auto,
Iláhábád,4,Ilaahaabaad,,auto,
Imaḿ,4,Imam,,auto,
imánnllokhániishata,4,imaannllokhaaniishata,,auto,
inárá,4,inaaraa,,auto,
incávidyá,4,inchaavidyaa,,auto,
indrajitá,4,indrajitaa,,auto,
Indráya,4,Indraaya,,auto,
Indriyáń,4,Indriyaań,,auto,
indriyánáḿ,4,indriyaanaam,,auto,
Indriyánáḿ,4,Indriyaanaam,,auto,
iśa,4,isha,,auto,
Ishá,4,Ishaa,,auto,
iśt́as,4,ishtas,,auto,
iśva,4,ishva,,auto,
ityáhursa,4,ityaahursa,,auto,
ivá,4,ivaa,,auto,
iyá,4,iyaa,,auto,
jáa,4,jaaa,,auto,
jadásphota,4,jadaasphota,,auto,
Jad́asphota,4,Jadasphota,,auto,
jad́aváda,4,jadavaada,,auto,
Jádrshosi,4,Jaadrshosi,,auto,
jád́yáta,4,jaadyaata,,auto,
jáe,4,jaae,,auto,
jagám,4,jagaam,,auto,
jágaritántaincobhao,4,jaagaritaantainchobhao,,auto,
jagatmithyá,4,jagatmithyaa,,auto,
jagatsáksiirúpaḿ,4,jagatsaaksiiroopam,,auto,
jagatyáḿ,4,jagatyaam,,auto,
Jágrat-svapna,4,Jaagrat-svapna,,auto,
Jágratsvapnasuśu,4,Jaagratsvapnasushu,,auto,
jáiphal,4,jaaiphal,,auto,
Jaiśt́ha,4,Jaishtha,,auto,
Jál,4,Jaal,,auto,
Jálavániishata,4,Jaalavaaniishata,,auto,
jalpaná,4,jalpanaa,,auto,
jámá-i,4,jaamaa-i,,auto,
jámbunada,4,jaambunada,,auto,
jamidár,4,jamidaar,,auto,
jánakiináthe,4,jaanakiinaathe,,auto,
janáḿstiśt́hati,4,janaamstishthati,,auto,
Jánámyahaḿ,4,Jaanaamyaham,,auto,
jánaná,4,jaananaa,,auto,
janáńam,4,janaańam,,auto,
jánánti,4,jaanaanti,,auto,
jánatáḿ,4,jaanataam,,auto,
jánatha,4,jaanatha,,auto,
janmántarakarmayogát,4,janmaantarakarmayogaat,,auto,
jantrańá,4,jantrańaa,,auto,
Jánushirásana,4,Jaanushiraasana,,auto,
jánusparsha,4,jaanusparsha,,auto,
japadhyán,4,japadhyaan,,auto,
járá,4,jaaraa,,auto,
jáŕa,4,jaaŕa,,auto,
Jarátkáru,4,Jaraatkaaru,,auto,
Jaratkárumuner,4,Jaratkaarumuner,,auto,
Jaráye,4,Jaraaye,,auto,
jásao,4,jaasao,,auto,
Jatáharagardabhá,4,Jataaharagardabhaa,,auto,
jataiṋca,4,jataiṋcha,,auto,
játani,4,jaatani,,auto,
Játashca,4,Jaatashcha,,auto,
játijaraḿ,4,jaatijaram,,auto,
jáuk,4,jaauk,,auto,
jávuni,4,jaavuni,,auto,
Jáyá,4,Jaayaa,,auto,
jayaḿ,4,jayam,,auto,
jáyamánah,4,jaayamaanah,,auto,
jayánte,4,jayaante,,auto,
Jáyante,4,Jaayante,,auto,
jáyphal,4,jaayphal,,auto,
jeorná,4,jeornaa,,auto,
jhád́o,4,jhaado,,auto,
jhán,4,jhaan,,auto,
Jharakhańd́a,4,Jharakhańda,,auto,
Jibháya,4,Jibhaaya,,auto,
Jighrámi,4,Jighraami,,auto,
jiiváh,4,jiivaah,,auto,
Jiivanasvarúpa,4,Jiivanasvaroopa,,auto,
Jiivapuruśa,4,Jiivapurusha,,auto,
jiivátmas,4,jiivaatmas,,auto,
jiiveshávábhásena,4,jiiveshaavaabhaasena,,auto,
Jiṋa-shakti,4,Jnyaa-shakti,,auto,
jiṋáh,4,jnyaaah,,auto,
Jiṋána-Kriyá,4,Jnyaaana-Kriyaa,,auto,
jiṋánabalakriyá,4,jnyaaanabalakriyaa,,auto,
Jiṋánaja,4,Jnyaaanaja,,auto,
jiṋánáni,4,jnyaaanaani,,auto,
Jiṋánanimarthanábhyását,4,Jnyaaananimarthanaabhyaasaat,,auto,
Jiṋánaprasádena,4,Jnyaaanaprasaadena,,auto,
Jiṋánayoga,4,Jnyaaanayoga,,auto,
Jiṋátabháva,4,Jnyaaatabhaava,,auto,
jiṋátvámrtá,4,jnyaaatvaamrtaa,,auto,
jiṋayaḿ,4,jnyaayam,,auto,
Jinist́á,4,Jinistaa,,auto,
jiniyá,4,jiniyaa,,auto,
jinnátvátmasthamamrtaḿ,4,jinnaatvaatmasthamamrtam,,auto,
jirńodańd́ena,4,jirńodańdena,,auto,
jo'nilakháni,4,jo'nilakhaani,,auto,
jrmbhańa,4,jrmbhańa,,auto,
júgupsá,4,joogupsaa,,auto,
juŕái,4,juŕaai,,auto,
Juŕáite,4,Juŕaaite,,auto,
Juśt́astataste,4,Jushtastataste,,auto,
Juśtastatastenámrtatvameti,4,Jushtastatastenaamrtatvameti,,auto,
Juśt́astatastenámrtatvámeti,4,Jushtastatastenaamrtatvaameti,,auto,
jyánta,4,jyaanta,,auto,
jyotimaiṋjari,4,jyotimaiṋjari,,auto,
jyotirápashca,4,jyotiraapashcha,,auto,
jyotiśa,4,jyotisha,,auto,
jyotiśaḿ,4,jyotisham,,auto,
jyotiśáḿ,4,jyotishaam,,auto,
Káa,4,Kaaa,,auto,
káca,4,kaacha,,auto,
kádambarii,4,kaadambarii,,auto,
Kádambarii,4,Kaadambarii,,auto,
kágad,4,kaagad,,auto,
káhan,4,kaahan,,auto,
kahániá,4,kahaaniaa,,auto,
kahlárińii,4,kahlaarińii,,auto,
káivám,4,kaaivaam,,auto,
kák,4,kaak,,auto,
kaká,4,kakaa,,auto,
kákabhúśańd́ii,4,kaakabhooshańdii,,auto,
Kákabhúśańd́ii,4,Kaakabhooshańdii,,auto,
kákatáliiya,4,kaakataaliiya,,auto,
Kákinii,4,Kaakinii,,auto,
káko,4,kaako,,auto,
Káko,4,Kaako,,auto,
Kálagata,4,Kaalagata,,auto,
Kálagni,4,Kaalagni,,auto,
kálakáro,4,kaalakaaro,,auto,
Kalásargakaraḿ,4,Kalaasargakaram,,auto,
kálasya,4,kaalasya,,auto,
kálátmayuktányadhi,4,kaalaatmayuktaanyadhi,,auto,
kalauṋka,4,kalauṋka,,auto,
kaláya,4,kalaaya,,auto,
kálena,4,kaalena,,auto,
Kálenálakśyavegena,4,Kaalenaalakshayavegena,,auto,
Kálikárúpińii,4,Kaalikaaroopińii,,auto,
kalirá,4,kaliraa,,auto,
Káliyághái,4,Kaaliyaaghaai,,auto,
kálkáro,4,kaalkaaro,,auto,
kalkátta,4,kalkaatta,,auto,
Kalpaná,4,Kalpanaa,,auto,
kalpanáhiimekam,4,kalpanaahiimekam,,auto,
kalyáńá-vahá,4,kalyaańaa-vahaa,,auto,
Kalyáńámastu,4,Kalyaańaamastu,,auto,
kámá,4,kaamaa,,auto,
Káma-Deha,4,Kaama-Deha,,auto,
Kámadhenu,4,Kaamadhenu,,auto,
kámaḿ,4,kaamam,,auto,
kámamokśarthaḿ,4,kaamamokshaartham,,auto,
kámáḿstasmádátmajiṋaḿ,4,kaamaamstasmaadaatmajnyaam,,auto,
Kámánabhidhyá,4,Kaamaanabhidhyaa,,auto,
kámánanuyanti,4,kaamaananuyanti,,auto,
Kámastadagre,4,Kaamastadagre,,auto,
Kámasy,4,Kaamasy,,auto,
Kamat́a,4,Kamata,,auto,
Kámato'kámato,4,Kaamato'kaamato,,auto,
kámáy,4,kaamaay,,auto,
kámayannaḿ,4,kaamayannam,,auto,
kámáyesya,4,kaamaayesya,,auto,
kámayte,4,kaamayte,,auto,
kambalaḿ,4,kambalam,,auto,
Kammaná,4,Kammanaa,,auto,
Kaḿsa's,4,Kamsa's,,auto,
kaḿsári,4,kamsaari,,auto,
Kámtapur,4,Kaamtapur,,auto,
Kámtápur,4,Kaamtaapur,,auto,
kámukha,4,kaamukha,,auto,
kań,4,kań,,auto,
kańá,4,kańaa,,auto,
Kanáda,4,Kanaada,,auto,
kańali,4,kańali,,auto,
Kánan,4,Kaanan,,auto,
Kánhá,4,Kaanhaa,,auto,
Kánháse,4,Kaanhaase,,auto,
káni,4,kaani,,auto,
Kaniśka,4,Kanishka,,auto,
kánkar,4,kaankar,,auto,
kántá,4,kaantaa,,auto,
káńt́á,4,kaańtaa,,auto,
kanthá,4,kanthaa,,auto,
kaṋthiká,4,kaṋthikaa,,auto,
kaośikii-bháva,4,kaoshikii-bhaava,,auto,
kapálii,4,kapaalii,,auto,
Kápil,4,Kaapil,,auto,
kápuruśah,4,kaapurushah,,auto,
Káraka,4,Kaaraka,,auto,
Karamchá,4,Karamchaa,,auto,
Kárana,4,Kaarana,,auto,
kárańabháva,4,kaarańabhaava,,auto,
Kárańabhávát,4,Kaarańabhaavaat,,auto,
karańádhipádhipo,4,karańaadhipaadhipo,,auto,
Karańádhipádhipo,4,Karańaadhipaadhipo,,auto,
kárańaiṋca,4,kaarańaiṋcha,,auto,
káránaḿ,4,kaaraanam,,auto,
kárańáni,4,kaarańaani,,auto,
Káranárńava,4,Kaaranaarńava,,auto,
kárańatraya,4,kaarańatraya,,auto,
kárbáŕi,4,kaarbaaŕi,,auto,
kaŕe,4,kaŕe,,auto,
kariśyati,4,karishyati,,auto,
karmá,4,karmaa,,auto,
Karma-Sadhaná,4,Karma-Sadhanaa,,auto,
karmabháva,4,karmabhaava,,auto,
Karmádhaksáh,4,Karmaadhaksaah,,auto,
Karmádyakśah,4,Karmaadyakshaah,,auto,
karmanásha,4,karmanaasha,,auto,
Karmánugányanukrameńa,4,Karmaanugaanyanukrameńa,,auto,
karmiń,4,karmiń,,auto,
Karńa,4,Karńa,,auto,
Karńa's,4,Karńa's,,auto,
káro,4,kaaro,,auto,
karomyahaḿ,4,karomyaham,,auto,
kartáramiiyaḿ,4,kartaaramiiyam,,auto,
karthá,4,karthaa,,auto,
kartrbháva,4,kartrbhaava,,auto,
Kárttika's,4,Kaarttika's,,auto,
Kárttikete,4,Kaarttikete,,auto,
Kárttikii,4,Kaarttikii,,auto,
karuńa,4,karuńa,,auto,
káryabháva,4,kaaryabhaava,,auto,
kashchidupádhireśah,4,kashchidupaadhireshah,,auto,
Kashcijjanitá,4,Kashchijjanitaa,,auto,
káshi,4,kaashi,,auto,
Káshyapagotra,4,Kaashyapagotra,,auto,
kaśt́a,4,kashta,,auto,
Kát́ál,4,Kaataal,,auto,
kát́are,4,kaatare,,auto,
kát́e,4,kaate,,auto,
Kat́ha,4,Katha,,auto,
kathájuktamitihás,4,kathaajuktamitihaas,,auto,
kát́hi,4,kaathi,,auto,
kat́hin,4,kathin,,auto,
kathitá,4,kathitaa,,auto,
Káthopaniśad,4,Kaathopanishad,,auto,
Kát́hopaniśada,4,Kaathopanishada,,auto,
kat́hore,4,kathore,,auto,
kat́utaela,4,katutaela,,auto,
káun,4,kaaun,,auto,
Kauṋkalamálinii,4,Kauṋkalamaalinii,,auto,
kavaśńa,4,kavashńa,,auto,
Kavirmaniiśii,4,Kavirmaniishii,,auto,
Káyá,4,Kaayaa,,auto,
káyakalpa,4,kaayakalpa,,auto,
káyavasáyitva,4,kaayavasaayitva,,auto,
Káyii,4,Kaayii,,auto,
Kázii,4,Kaazii,,auto,
Keleghái,4,Keleghaai,,auto,
Keneśitaḿ,4,Keneshitam,,auto,
Keneśitám,4,Keneshitaam,,auto,
keorá,4,keoraa,,auto,
kerá,4,keraa,,auto,
ketárii,4,ketaarii,,auto,
ketáŕii,4,ketaaŕii,,auto,
ket́e,4,kete,,auto,
ket́ho,4,ketho,,auto,
keyá,4,keyaa,,auto,
Khábár,4,Khaabaar,,auto,
khad́aja,4,khadaja,,auto,
khádya,4,khaadya,,auto,
Khaḿ,4,Kham,,auto,
khámálu,4,khaamaalu,,auto,
Khańd́,4,Khańd,,auto,
Kháoyár,4,Khaaoyaar,,auto,
khaŕ,4,khaŕ,,auto,
khás,4,khaas,,auto,
kháyche,4,khaayche,,auto,
Khelár,4,Khelaar,,auto,
kheláy,4,khelaay,,auto,
khosá,4,khosaa,,auto,
khoyá,4,khoyaa,,auto,
Khoyáyáhin,4,Khoyaayaahin,,auto,
khyátiravidyá,4,khyaatiravidyaa,,auto,
kiiṋca,4,kiiṋcha,,auto,
kiiṋcid,4,kiiṋchid,,auto,
kimásiidagahanaḿ,4,kimaasiidagahanam,,auto,
Kimpuruśa,4,Kimpurusha,,auto,
kimrcá,4,kimrchaa,,auto,
kirańe,4,kirańe,,auto,
Kiśkindhyá,4,Kishkindhyaa,,auto,
kiuṋkinii,4,kiuṋkinii,,auto,
Kivá,4,Kivaa,,auto,
kiyá,4,kiyaa,,auto,
Klesha-karma-vipákáshae,4,Klesha-karma-vipaakaashae,,auto,
Klrḿ,4,Klrm,,auto,
kohinúr,4,kohinoor,,auto,
kolákuli,4,kolaakuli,,auto,
Konkaná,4,Konkanaa,,auto,
Konkańii,4,Konkańii,,auto,
konŕakapi,4,konŕakapi,,auto,
Konuhása,4,Konuhaasa,,auto,
kośáḿshca,4,koshaamshcha,,auto,
kotháo,4,kothaao,,auto,
Krameńa,4,Krameńa,,auto,
kratorá,4,kratoraa,,auto,
kriiŕate,4,kriiŕate,,auto,
Kriyáguńaerátmaguńaeshcáteśáḿ,4,Kriyaaguńaeraatmaguńaeshchaateshaam,,auto,
kriyájiṋánátmá,4,kriyaajnyaaanaatmaa,,auto,
kriyáváneśa,4,kriyaavaanesha,,auto,
Krpáhi,4,Krpaahi,,auto,
krśaka,4,krshaka,,auto,
Krśaka,4,Krshaka,,auto,
krśi,4,krshi,,auto,
Krśibhúh,4,Krshibhooh,,auto,
Krśńadás,4,Krshńadaas,,auto,
Krśńah,4,Krshńah,,auto,
Krśnáḿ,4,Krshnaam,,auto,
Krśńár,4,Krshńaar,,auto,
Krśnendriya,4,Krshnendriya,,auto,
Kŕśnendriya,4,Kŕshnendriya,,auto,
krtátma,4,krtaatma,,auto,
krthártho,4,krthaartho,,auto,
krúr,4,kroor,,auto,
Kśańa,4,kshaańa,,auto,
Kśanikavádiis,4,kshaanikavaadiis,,auto,
Kśańikavádiis,4,kshaańikavaadiis,,auto,
kśara-akśara,4,kshaara-akshaara,,auto,
kśarátmaná,4,kshaaraatmanaa,,auto,
Ksárátmanávishate,4,Ksaaraatmanaavishate,,auto,
kśátra,4,kshaaatra,,auto,
kśatriya-predominant,4,kshaatriya-predominant,,auto,
Kśatriyas',4,kshaatriyas',,auto,
Ksátrocita,4,Ksaatrochita,,auto,
Kśayam,4,kshaayam,,auto,
Kśetradárápahárii,4,kshaetradaaraapahaarii,,auto,
kśetráńi,4,kshaetraańi,,auto,
kśiińadośáh,4,kshaiińadoshaah,,auto,
kśiire,4,kshaiire,,auto,
kśitibhaetik,4,kshaitibhaetik,,auto,
kuańdala,4,kuańdala,,auto,
kúl-kinárá,4,kool-kinaaraa,,auto,
kúlakuńd́alinii,4,koolakuńdalinii,,auto,
kúlakúńdalinii,4,koolakoońdalinii,,auto,
kulála,4,kulaala,,auto,
kumantrańá,4,kumantrańaa,,auto,
Kumillá,4,Kumillaa,,auto,
kuńd́as,4,kuńdas,,auto,
kunt́i,4,kunti,,auto,
Kurauṋga,4,Kurauṋga,,auto,
kúrmabháva,4,koormabhaava,,auto,
Kurmakásana,4,Kurmakaasana,,auto,
Kúrmakásana,4,Koormakaasana,,auto,
kúrmanád́ii,4,koormanaadii,,auto,
kurttá,4,kurttaa,,auto,
Kuśt́ha,4,Kushtha,,auto,
kút́ayonayoh,4,kootayonayoh,,auto,
kut́iilá,4,kutiilaa,,auto,
kut́ilá,4,kutilaa,,auto,
kúto'yamagnih,4,kooto'yamagnih,,auto,
kvácit,4,kvaachit,,auto,
Kvácit,4,Kvaachit,,auto,
lábho,4,laabho,,auto,
labhyastapasá,4,labhyastapasaa,,auto,
lacchaviḿ,4,lacchavim,,auto,
lágám,4,laagaam,,auto,
Lákinii,4,Laakinii,,auto,
lakśabim,4,lakshaabim,,auto,
laksańaeh,4,laksańaeh,,auto,
Lakśman's,4,Lakshaman's,,auto,
lakśmanbhag,4,lakshamanbhag,,auto,
lálásráva,4,laalaasraava,,auto,
lalitásana,4,lalitaasana,,auto,
Laḿ,4,Lam,,auto,
Lámávádii,4,Laamaavaadii,,auto,
lambiká,4,lambikaa,,auto,
Lanká,4,Lankaa,,auto,
laŕakpan,4,laŕakpan,,auto,
lasiká,4,lasikaa,,auto,
Láti,4,Laati,,auto,
Lauṋká,4,Lauṋkaa,,auto,
lauṋkámaric,4,lauṋkaamaric,,auto,
liilárúpa,4,liilaaroopa,,auto,
liiná,4,liinaa,,auto,
Liuṋga-Deha,4,Liuṋga-Deha,,auto,
Liuṋga-Puruśa,4,Liuṋga-Purusha,,auto,
lokaḿ,4,lokam,,auto,
Lokánukampáya,4,Lokaanukampaaya,,auto,
lokápekśá,4,lokaapekshaaa,,auto,
Lokátmaka,4,Lokaatmaka,,auto,
lokavyámohakárakáh,4,lokavyaamohakaarakaah,,auto,
lokdekháno,4,lokdekhaano,,auto,
lokt́á,4,loktaa,,auto,
lolupatá,4,lolupataa,,auto,
loná,4,lonaa,,auto,
lot́á,4,lotaa,,auto,
lútá,4,lootaa,,auto,
ḿa,4,ma,,auto,
Máari,4,Maaari,,auto,
mác,4,maac,,auto,
Madálasollapamuváca,4,Madaalasollapamuvaacha,,auto,
Madálasollápamuváca,4,Madaalasollaapamuvaacha,,auto,
Madhálasá,4,Madhaalasaa,,auto,
madhumá,4,madhumaa,,auto,
madhurá,4,madhuraa,,auto,
madhuraḿ,4,madhuram,,auto,
mádhuvidyá,4,maadhuvidyaa,,auto,
madhvadaḿ,4,madhvadam,,auto,
Madhvasyá,4,Madhvasyaa,,auto,
madhyakapála,4,madhyakapaala,,auto,
madhyamácára,4,madhyamaachaara,,auto,
Mádhyamik,4,Maadhyamik,,auto,
Madinápur,4,Madinaapur,,auto,
madinár,4,madinaar,,auto,
maenáka,4,maenaaka,,auto,
Maetrii-karuńá-mudito'pekśáńáḿ,4,Maetrii-karuńaa-mudito'pekshaaańaam,,auto,
Maetrii-karuńá-muditopekśáńáḿ-sukha-duhkha-puńyá,4,Maetrii-karuńaa-muditopekshaaańaam-sukha-duhkha-puńyaa,,auto,
Mágadhi,4,Maagadhi,,auto,
Mágga,4,Maagga,,auto,
Mághii,4,Maaghii,,auto,
mahá,4,mahaa,,auto,
Mahá-catuspáthii,4,Mahaa-chatuspaathii,,auto,
mahábhútas,4,mahaabhootas,,auto,
mahadádikárańam,4,mahadaadikaarańam,,auto,
Mahádevah,4,Mahaadevah,,auto,
mahákapála,4,mahaakapaala,,auto,
mahálauṋga,4,mahaalauṋga,,auto,
Mahámáyá's,4,Mahaamaayaa's,,auto,
mahánátmá,4,mahaanaatmaa,,auto,
máhantaḿ,4,maahantam,,auto,
mahapátaka,4,mahapaataka,,auto,
Mahápátaka,4,Mahaapaataka,,auto,
mahápatakanasanam,4,mahaapatakanasanam,,auto,
Maháráśt́re,4,Mahaaraashtre,,auto,
Mahásambhuti,4,Mahaasambhuti,,auto,
MAHÁSAMBHÚTI,4,MAHaaSAMBHooTI,,auto,
MaháSamudra,4,MahaaSamudra,,auto,
Maháshakti,4,Mahaashakti,,auto,
maháshaya,4,mahaashaya,,auto,
Mahásukha,4,Mahaasukha,,auto,
mahátántrikas,4,mahaataantrikas,,auto,
mahat́ma,4,mahatma,,auto,
Mahat́ma,4,Mahatma,,auto,
mahátmnah,4,mahaatmnah,,auto,
Máháto,4,Maahaato,,auto,
Mahátrikońa,4,Mahaatrikońa,,auto,
Maháviir,4,Mahaaviir,,auto,
Maháviir's,4,Mahaaviir's,,auto,
mahávishve,4,mahaavishve,,auto,
maháyogii,4,mahaayogii,,auto,
Maháyoginii,4,Mahaayoginii,,auto,
Maheshvaráńáḿ,4,Maheshvaraańaam,,auto,
mahiiyanatmá,4,mahiiyanatmaa,,auto,
Mainjulá's,4,Mainjulaa's,,auto,
majjhimá,4,majjhimaa,,auto,
mákháná,4,maakhaanaa,,auto,
mákhta,4,maakhta,,auto,
mákunda,4,maakunda,,auto,
Mála,4,Maala,,auto,
Málas,4,Maalas,,auto,
Mallikárjunam,4,Mallikaarjunam,,auto,
mamacidsadáham,4,mamachidsadaaham,,auto,
mámákah,4,maamaakah,,auto,
mámanyabhák,4,maamanyabhaak,,auto,
mamasá,4,mamasaa,,auto,
mámeva,4,maameva,,auto,
máḿsaratáh,4,maamsarataah,,auto,
mań,4,mań,,auto,
mánah,4,maanah,,auto,
manahshuddhistathántaram,4,manahshuddhistathaantaram,,auto,
mánamomiti,4,maanamomiti,,auto,
mánaśa,4,maanasha,,auto,
manaśabhiklrpto,4,manashabhiklrpto,,auto,
Manasaervedamáptavyaḿ,4,Manasaervedamaaptavyam,,auto,
mánasah,4,maanasah,,auto,
Manasákalpitámurtirnŕnám,4,Manasaakalpitaamurtirnŕnaam,,auto,
manasáyae,4,manasaayae,,auto,
mánash,4,maanash,,auto,
Mánav,4,Maanav,,auto,
mánaváh,4,maanavaah,,auto,
mańd́amivátiśukśam,4,mańdamivaatishukshaam,,auto,
mánii,4,maanii,,auto,
maniiśá-manasábhikirpto,4,maniishaa-manasaabhikirpto,,auto,
maniiśii,4,maniishii,,auto,
Mańipadma,4,Mańipadma,,auto,
mańipúra,4,mańipoora,,auto,
manomáya,4,manomaaya,,auto,
Manomaya-kośa,4,Manomaya-kosha,,auto,
Manoraiṋjan,4,Manoraiṋjan,,auto,
manovijiṋána,4,manovijnyaaana,,auto,
Mańprati,4,Mańprati,,auto,
mánuśam,4,maanusham,,auto,
mánusaḿsarveśáḿ,4,maanusamsarveshaam,,auto,
mánúśasya,4,maanooshasya,,auto,
manuśyáńám,4,manushyaańaam,,auto,
Márańa,4,Maarańa,,auto,
márańaḿ,4,maarańam,,auto,
márgashirśa,4,maargashirsha,,auto,
márgashirya,4,maargashirya,,auto,
marijáota,4,marijaaota,,auto,
márkáńd́á,4,maarkaańdaa,,auto,
Mármik,4,Maarmik,,auto,
Márutah,4,Maarutah,,auto,
máruya,4,maaruya,,auto,
maśa,4,masha,,auto,
másadgamaya,4,maasadgamaya,,auto,
másete,4,maasete,,auto,
Máshuca,4,Maashucha,,auto,
másmagam,4,maasmagam,,auto,
mataiṋca,4,mataiṋcha,,auto,
matamamrtatvaḿ,4,matamamrtatvam,,auto,
mataḿna,4,matamna,,auto,
Mátarishvá,4,Maatarishvaa,,auto,
Mátaungii,4,Maataungii,,auto,
Máteva,4,Maateva,,auto,
mátrka,4,maatrka,,auto,
Matrrúpeńa,4,Matrroopeńa,,auto,
Matsyásana,4,Matsyaasana,,auto,
Matsyendranátha,4,Matsyendranaatha,,auto,
Mauṋgalakavya,4,Mauṋgalakavya,,auto,
mauśya,4,maushya,,auto,
Máyá-like,4,Maayaa-like,,auto,
Máyaccháditátmánaḿ,4,Maayacchaaditaatmaanam,,auto,
Máyádhiiśa,4,Maayaadhiisha,,auto,
máyádhina,4,maayaadhina,,auto,
Máyádhiśha,4,Maayaadhishha,,auto,
Máyádiina,4,Maayaadiina,,auto,
máyámatram,4,maayaamatram,,auto,
máyámátraḿ,4,maayaamaatram,,auto,
Máyántu,4,Maayaantu,,auto,
Máyávádin,4,Maayaavaadin,,auto,
máyáy,4,maayaay,,auto,
máyáya,4,maayaaya,,auto,
máyayaeva,4,maayayaeva,,auto,
Mayurásana,4,Mayuraasana,,auto,
Mayyevaḿ,4,Mayyevam,,auto,
Meghavarná,4,Meghavarnaa,,auto,
meghavarńa,4,meghavarńa,,auto,
Meghavarńávigatavasaná,4,Meghavarńaavigatavasanaa,,auto,
mekarát́,4,mekaraat,,auto,
meoyá,4,meoyaa,,auto,
Meśa,4,Mesha,,auto,
Michá,4,Michaa,,auto,
miláy,4,milaay,,auto,
minár,4,minaar,,auto,
mitá,4,mitaa,,auto,
Mithiláyám,4,Mithilaayaam,,auto,
mithyájiṋánamatadrupo,4,mithyaajnyaaanamatadrupo,,auto,
Mleccháh,4,Mlecchaah,,auto,
moallá,4,moallaa,,auto,
mohándha,4,mohaandha,,auto,
mohátmakamanantaḿ,4,mohaatmakamanantam,,auto,
mokśayo,4,mokshaayo,,auto,
moyá,4,moyaa,,auto,
moyájjiner,4,moyaajjiner,,auto,
Mrchiládhatu,4,Mrchilaadhatu,,auto,
Mrchiládhátudárvadi,4,Mrchilaadhaatudaarvadi,,auto,
mrdayopaliptaḿ,4,mrdayopaliptam,,auto,
Mrgadáva,4,Mrgadaava,,auto,
Mrgánkashekhara,4,Mrgaankashekhara,,auto,
Mrgaśhira,4,Mrgashhira,,auto,
Mrjjalábhyaḿ,4,Mrjjalaabhyam,,auto,
mrńál,4,mrńaal,,auto,
mrtyaḿ,4,mrtyam,,auto,
Mrtyormá,4,Mrtyormaa,,auto,
Mrtyormámrtorgamaya,4,Mrtyormaamrtorgamaya,,auto,
mrtyoryánti,4,mrtyoryaanti,,auto,
mrtyupásha,4,mrtyupaasha,,auto,
mrtyupáshaḿ,4,mrtyupaasham,,auto,
Mrtyurmá,4,Mrtyurmaa,,auto,
mrtyuuṋgacchati,4,mrtyuuṋgacchati,,auto,
múdhá,4,moodhaa,,auto,
Mudhabhútni,4,Mudhabhootni,,auto,
múd́haerátmaeva,4,moodhaeraatmaeva,,auto,
múd́háh,4,moodhaah,,auto,
múdham,4,moodham,,auto,
muditá,4,muditaa,,auto,
mudrá-dominant,4,mudraa-dominant,,auto,
mudrá-oriented,4,mudraa-oriented,,auto,
mudrá's,4,mudraa's,,auto,
mudrańaḿ,4,mudrańam,,auto,
mudrápradhána,4,mudraapradhaana,,auto,
muhyamánah,4,muhyamaanah,,auto,
muhyamánam,4,muhyamaanam,,auto,
mukapuruśa,4,mukapurusha,,auto,
mukhamárjanii,4,mukhamaarjanii,,auto,
Mulá,4,Mulaa,,auto,
múla,4,moola,,auto,
muladhára,4,muladhaara,,auto,
Muládhára,4,Mulaadhaara,,auto,
mulákát,4,mulaakaat,,auto,
múlam,4,moolam,,auto,
mumukśurvae,4,mumukshaurvae,,auto,
munermátá,4,munermaataa,,auto,
mupásate,4,mupaasate,,auto,
muracháy,4,murachaay,,auto,
murcchá,4,murcchaa,,auto,
Murgiihát́á,4,Murgiihaataa,,auto,
múŕhá,4,mooŕhaa,,auto,
muŕho,4,muŕho,,auto,
muŕi,4,muŕi,,auto,
Múrkha,4,Moorkha,,auto,
murtáviishvarabaddhaya,4,murtaaviishvarabaddhaya,,auto,
murtipújá,4,murtipoojaa,,auto,
murtrirnrńám,4,murtrirnrńaam,,auto,
Murúgam,4,Muroogam,,auto,
musáphir,4,musaaphir,,auto,
mutirtapanáddhomádupavásashataerapi,4,mutirtapanaaddhomaadupavaasashataerapi,,auto,
myány,4,myaany,,auto,
Ńa,4,Ńa,,auto,
ná-válig,4,naa-vaalig,,auto,
nábálak,4,naabaalak,,auto,
nábhávo,4,naabhaavo,,auto,
nacámbaraiṋca,4,nachaambaraiṋcha,,auto,
nacánilo'me'sti,4,nachaanilo'me'sti,,auto,
nácanti,4,naachanti,,auto,
nacástivettá,4,nachaastivettaa,,auto,
naciketashcitágniranitaerdravaeh,4,nachiketashchitaagniranitaerdravaeh,,auto,
nácni,4,naacni,,auto,
Nád́ii,4,Naadii,,auto,
nádiis,4,naadiis,,auto,
nádvaetam,4,naadvaetam,,auto,
nád́yh,4,naadyh,,auto,
Naenaddevá,4,Naenaddevaa,,auto,
Naenamúrdhvaḿ,4,Naenamoordhvam,,auto,
Naeraiṋjaná,4,Naeraiṋjanaa,,auto,
Naeśae,4,Naeshae,,auto,
Naeśátarkeńa,4,Naeshaatarkeńa,,auto,
naeśt́hika,4,naeshthika,,auto,
Naetáḿ,4,Naetaam,,auto,
nágarauṋga,4,naagarauṋga,,auto,
nágavallarii,4,naagavallarii,,auto,
nál,4,naal,,auto,
Nálpe,4,Naalpe,,auto,
namámyahaḿ,4,namaamyaham,,auto,
Namastraelokyanátháya,4,Namastraelokyanaathaaya,,auto,
namastubhyaḿ,4,namastubhyam,,auto,
námilala,4,naamilala,,auto,
nánásti,4,naanaasti,,auto,
nándanika,4,naandanika,,auto,
nánena,4,naanena,,auto,
nánrtaḿsatyena,4,naanrtamsatyena,,auto,
nányaerdevaestapasá,4,naanyaerdevaestapasaa,,auto,
Nányathe,4,Naanyathe,,auto,
nányo,4,naanyo,,auto,
náparasmati,4,naaparasmati,,auto,
nápi,4,naapi,,auto,
náprjiṋam,4,naaprjnyaam,,auto,
napuḿsakh,4,napumsakh,,auto,
Náradah,4,Naaradah,,auto,
narakavása,4,narakavaasa,,auto,
Narashriḿghakhad́gavarábhayashobhaná,4,Narashrimghakhadgavaraabhayashobhanaa,,auto,
Nárasya,4,Naarasya,,auto,
Náráyána,4,Naaraayaana,,auto,
Náráyańahood,4,Naaraayańahood,,auto,
nareńavarena,4,nareńavarena,,auto,
nárkát́ia,4,naarkaatia,,auto,
násáshula,4,naasaashula,,auto,
Násato,4,Naasato,,auto,
nastadvicacakśire,4,nastadvichachakshaire,,auto,
Nástiká,4,Naastikaa,,auto,
Nástikyaváda,4,Naastikyavaada,,auto,
nástinásho,4,naastinaasho,,auto,
Nátah,4,Naatah,,auto,
Nát́áyana,4,Naataayana,,auto,
Náthastu,4,Naathastu,,auto,
nátivádii,4,naativaadii,,auto,
Navapatriká,4,Navapatrikaa,,auto,
naviikarańa,4,naviikarańa,,auto,
nemá,4,nemaa,,auto,
Nemávidyutobhánti,4,Nemaavidyutobhaanti,,auto,
netaraśam,4,netarasham,,auto,
netareśáḿ,4,netareshaam,,auto,
nibbańaḿehisi,4,nibbańamehisi,,auto,
nidrám,4,nidraam,,auto,
nihitá,4,nihitaa,,auto,
Nihitaḿ,4,Nihitam,,auto,
nihitártha,4,nihitaartha,,auto,
niilimá,4,niilimaa,,auto,
niiraḿ,4,niiram,,auto,
niitinipuńah,4,niitinipuńah,,auto,
niitivákya,4,niitivaakya,,auto,
niitivákyasamánvitam,4,niitivaakyasamaanvitam,,auto,
niiyamáná,4,niiyamaanaa,,auto,
nijá,4,nijaa,,auto,
Nijashirachinditá,4,Nijashirachinditaa,,auto,
Nikaśá,4,Nikashaa,,auto,
nikháda,4,nikhaada,,auto,
nikhláni,4,nikhlaani,,auto,
nioŕi,4,nioŕi,,auto,
niraiṋjanah,4,niraiṋjanah,,auto,
nirákára,4,niraakaara,,auto,
Nirákára,4,Niraakaara,,auto,
Nirákárá,4,Niraakaaraa,,auto,
nirakśara,4,nirakshaara,,auto,
Nirálamba,4,Niraalamba,,auto,
Nirapekśavedaniiyaḿ,4,Nirapekshaavedaniiyam,,auto,
niravadyaḿ,4,niravadyam,,auto,
nirgranthaváda,4,nirgranthavaada,,auto,
Nirguńá,4,Nirguńaa,,auto,
Nirguńásthiti,4,Nirguńaasthiti,,auto,
nirgunásthitih,4,nirgunaasthitih,,auto,
Nirguńáya,4,Nirguńaaya,,auto,
nirkriyánáḿ,4,nirkriyaanaam,,auto,
nirúpama,4,niroopama,,auto,
nisáda,4,nisaada,,auto,
niśeduh,4,nisheduh,,auto,
niśkala,4,nishkala,,auto,
Niśkalaḿ,4,Nishkalam,,auto,
niśkriyam,4,nishkriyam,,auto,
Nityá,4,Nityaa,,auto,
Nityadá,4,Nityadaa,,auto,
nityamevátmasaḿsthaḿ,4,nityamevaatmasamstham,,auto,
nityamidaḿ,4,nityamidam,,auto,
nityaḿtattvameva,4,nityamtattvameva,,auto,
nityánáḿ,4,nityaanaam,,auto,
Nityanityá,4,Nityanityaa,,auto,
nityanivrttápi,4,nityanivrttaapi,,auto,
nityashucisukhátma,4,nityashuchisukhaatma,,auto,
Nityo'nityánám,4,Nityo'nityaanaam,,auto,
Nivedayámicátmanaḿ,4,Nivedayaamichaatmanam,,auto,
niyantrtvanekaḿ,4,niyantrtvanekam,,auto,
noŕwester,4,noŕwester,,auto,
notsáhii,4,notsaahii,,auto,
Noyákháli,4,Noyaakhaali,,auto,
Nrisḿha,4,Nrismha,,auto,
Nŕsiḿha,4,Nŕsimha,,auto,
nrtyashátástha,4,nrtyashaataastha,,auto,
númaḿ,4,noomam,,auto,
núpura,4,noopura,,auto,
nyákŕá,4,nyaakŕaa,,auto,
od́rii,4,odrii,,auto,
Oṋmityevaḿ,4,ommityevam,,auto,
oṋḿkárá,4,ommkaaraa,,auto,
Oṋḿkára-sound,4,ommkaara-sound,,auto,
Oṋḿkárnáth,4,ommkaarnaath,,auto,
oooṋm,4,ooomm,,auto,
oŕandá,4,oŕandaa,,auto,
Oráno,4,Oraano,,auto,
ośadhiiśu,4,oshadhiishu,,auto,
padánte,4,padaante,,auto,
Padmásana,4,Padmaasana,,auto,
Páhári,4,Paahaari,,auto,
Páháŕii-speaking,4,Paahaaŕii-speaking,,auto,
Paiṋcabhaotika,4,Paiṋchabhaotika,,auto,
paiṋcadhá,4,paiṋchadhaa,,auto,
paiṋcágnii,4,paiṋchaagnii,,auto,
Paiṋcashare,4,Paiṋchashare,,auto,
paiṋcavaktram,4,paiṋchavaktram,,auto,
paiṋcavati,4,paiṋchavati,,auto,
paiṋcavatiśt́hante,4,paiṋchavatishthante,,auto,
Paiṋcavyuhátmaka,4,Paiṋchavyuhaatmaka,,auto,
pákhańd́ii,4,paakhańdii,,auto,
pakśiiyáh,4,pakshaiiyaah,,auto,
Paláite,4,Palaaite,,auto,
palŕá,4,palŕaa,,auto,
pamáneśa,4,pamaanesha,,auto,
páń,4,paań,,auto,
páncálii,4,paanchaalii,,auto,
Páńd́á,4,Paańdaa,,auto,
Páńd́avá,4,Paańdavaa,,auto,
pándavashcaeva,4,paandavashchaeva,,auto,
Páńd́itah,4,Paańditah,,auto,
panditammanyamánáh,4,panditammanyamaanaah,,auto,
pańd́its,4,pańdits,,auto,
pańd́u,4,pańdu,,auto,
Pánigráhii,4,Paanigraahii,,auto,
pańipá,4,pańipaa,,auto,
panthávitato,4,panthaavitato,,auto,
Páońd́ravardhana,4,Paaońdravardhana,,auto,
paoruśa,4,paorusha,,auto,
pápákśayam,4,paapaakshaayam,,auto,
pápakśayaḿtatah,4,paapakshaayamtatah,,auto,
pápán,4,paapaan,,auto,
pápanudam,4,paapanudam,,auto,
Pápasya,4,Paapasya,,auto,
pápe,4,paape,,auto,
Pápo'pi,4,Paapo'pi,,auto,
pápohate,4,paapohate,,auto,
pápopahatátmá,4,paapopahataatmaa,,auto,
párá,4,paaraa,,auto,
Pará-vdyá,4,Paraa-vdyaa,,auto,
parábhaktiryathá,4,paraabhaktiryathaa,,auto,
parábhyudaya,4,paraabhyudaya,,auto,
páragú,4,paaragoo,,auto,
Páragú,4,Paaragoo,,auto,
Parájiṋána,4,Paraajnyaaana,,auto,
Paraḿ,4,Param,,auto,
páram,4,paaram,,auto,
paramá'si,4,paramaa'si,,auto,
paramáḿ,4,paramaam,,auto,
paramáḿpadam,4,paramaampadam,,auto,
páramáńavik,4,paaramaańavik,,auto,
paramáosi,4,paramaaosi,,auto,
páramápnoti,4,paaramaapnoti,,auto,
paramárthah,4,paramaarthah,,auto,
paramáshrayah,4,paramaashrayah,,auto,
paramátmáeva,4,paramaatmaaeva,,auto,
Paramátmane,4,Paramaatmane,,auto,
paramátmani,4,paramaatmani,,auto,
paramatmarúpaḿ,4,paramatmaroopam,,auto,
paramátmarúpam,4,paramaatmaroopam,,auto,
Parámáyá,4,Paraamaayaa,,auto,
paraḿmano,4,parammano,,auto,
Paranaḿca,4,Paranamcha,,auto,
paranindá,4,paranindaa,,auto,
paránurakti,4,paraanurakti,,auto,
Paránuraktiriishvare,4,Paraanuraktiriishvare,,auto,
parapiid́ánam,4,parapiidaanam,,auto,
parárasa,4,paraarasa,,auto,
Parárasa,4,Paraarasa,,auto,
parárasah,4,paraarasah,,auto,
pararasátmaka,4,pararasaatmaka,,auto,
parasanná,4,parasannaa,,auto,
Párasaráthi,4,Paarasaraathi,,auto,
Parastád,4,Parastaad,,auto,
parastrikála,4,parastrikaala,,auto,
Parásya,4,Paraasya,,auto,
Páratra,4,Paaratra,,auto,
parávara,4,paraavara,,auto,
párávára,4,paaraavaara,,auto,
parávrtti,4,paraavrtti,,auto,
paráya,4,paraaya,,auto,
paŕbo,4,paŕbo,,auto,
paribhúh,4,paribhooh,,auto,
párii,4,paarii,,auto,
párijata,4,paarijata,,auto,
parimańd́ala,4,parimańdala,,auto,
parimohitátmá,4,parimohitaatmaa,,auto,
parimuhyamána,4,parimuhyamaana,,auto,
parinirvańa,4,parinirvańa,,auto,
paripúrnáńi,4,paripoornaańi,,auto,
parisaḿsthitá,4,parisamsthitaa,,auto,
parisasvajáte,4,parisasvajaate,,auto,
pariśasvajate,4,parishasvajate,,auto,
parityájya,4,parityaajya,,auto,
pariveśt́itáram,4,pariveshtitaaram,,auto,
pariveśt́itárani,4,pariveshtitaarani,,auto,
parivyatháh,4,parivyathaah,,auto,
paŕńa,4,paŕńa,,auto,
Paropakára,4,Paropakaara,,auto,
párthiv,4,paarthiv,,auto,
Partná,4,Partnaa,,auto,
parvatásana,4,parvataasana,,auto,
Parvatásana,4,Parvataasana,,auto,
párvatasya,4,paarvatasya,,auto,
paryagácchukramakáyamavraḿamasúviraḿ,4,paryagaacchukramakaayamavramamasooviram,,auto,
pásán,4,paasaan,,auto,
páśańd́a,4,paashańda,,auto,
paschát,4,paschaat,,auto,
pascháttápa,4,paschaattaapa,,auto,
pashyaddrst́amekarát́,4,pashyaddrstamekaraat,,auto,
pashyaddrśt́mekrát́,4,pashyaddrshtmekraat,,auto,
pashyámyacakśue,4,pashyaamyachakshaue,,auto,
pashyatyacakśuh,4,pashyatyachakshauh,,auto,
pashyennigúrhavat,4,pashyennigoorhavat,,auto,
pátále,4,paataale,,auto,
Pát́ali,4,Paatali,,auto,
pat́ámbara,4,pataambara,,auto,
pátháre,4,paathaare,,auto,
Pathshála,4,Pathshaala,,auto,
Páthureghát́á,4,Paathureghaataa,,auto,
pát́i,4,paati,,auto,
patirúpo,4,patiroopo,,auto,
patramúrvii,4,patramoorvii,,auto,
Pátratiita,4,Paatratiita,,auto,
pátreńa,4,paatreńa,,auto,
pauṋgaḿ,4,pauṋgam,,auto,
pavanaḿ,4,pavanam,,auto,
Pávanaḿ,4,Paavanam,,auto,
pavitraḿ,4,pavitram,,auto,
páykháná,4,paaykhaanaa,,auto,
paysá,4,paysaa,,auto,
Páyu,4,Paayu,,auto,
peŕa,4,peŕa,,auto,
Phalasákśiibhúta,4,Phalasaakshaiibhoota,,auto,
phańá,4,phańaa,,auto,
phánde,4,phaande,,auto,
Phat́,4,Phat,,auto,
pheláiya,4,phelaaiya,,auto,
phut́e,4,phute,,auto,
pihitaḿ,4,pihitam,,auto,
pináka,4,pinaaka,,auto,
Pińd́a,4,Pińda,,auto,
Piráli,4,Piraali,,auto,
pitátvaḿ,4,pitaatvam,,auto,
pit́há,4,pithaa,,auto,
pitrńaḿ,4,pitrńam,,auto,
plusiná,4,plusinaa,,auto,
poká,4,pokaa,,auto,
poláo,4,polaao,,auto,
potaḿsharańaḿ,4,potamsharańam,,auto,
prabaliikrtá,4,prabaliikrtaa,,auto,
Prabhá,4,Prabhaa,,auto,
prabhásvara,4,prabhaasvara,,auto,
prabháte,4,prabhaate,,auto,
prabháter,4,prabhaater,,auto,
prabhavá,4,prabhavaa,,auto,
prabhavápyayao,4,prabhavaapyayao,,auto,
Prabhumiishamaniishamasheśaguńam,4,Prabhumiishamaniishamasheshaguńam,,auto,
prabhumiishánaḿ,4,prabhumiishaanam,,auto,
Prabhumishamaniishamasheságuńam,4,Prabhumishamaniishamashesaaguńam,,auto,
practisaiṋcara,4,practisaiṋchara,,auto,
pradagdháyám,4,pradagdhaayaam,,auto,
Pradháńa,4,Pradhaańa,,auto,
pradhánajaeh,4,pradhaanajaeh,,auto,
Pradhánam,4,Pradhaanam,,auto,
pradhánamamrtákśaram,4,pradhaanamamrtaakshaaram,,auto,
pradisho'nusarvá,4,pradisho'nusarvaa,,auto,
pragrahavánnarah,4,pragrahavaannarah,,auto,
prahińoti,4,prahińoti,,auto,
Prajá,4,Prajaa,,auto,
Prajápatishcarasi,4,Prajaapatishcharasi,,auto,
prajástiimá,4,prajaastiimaa,,auto,
prajayá,4,prajayaa,,auto,
Prajiinánaghana,4,Prajiinaanaghana,,auto,
prajiṋá-bháva,4,prajnyaaa-bhaava,,auto,
Prájiṋa-Sádhaka,4,Praajnyaa-Saadhaka,,auto,
Prájiṋabháva,4,Praajnyaabhaava,,auto,
prajiṋáca,4,prajnyaaacha,,auto,
prajiṋáiṋca,4,prajnyaaaiṋcha,,auto,
prajiṋam,4,prajnyaam,,auto,
prajiṋaḿ,4,prajnyaam,,auto,
prajiṋánaghanamadrśt́amavyavahar-,4,prajnyaaanaghanamadrshtamavyavahar-,,auto,
prajiṋáshakti,4,prajnyaaashakti,,auto,
Prájiṋastad,4,Praajnyaastad,,auto,
prájine,4,praajine,,auto,
prák,4,praak,,auto,
prakámya-siddhi,4,prakaamya-siddhi,,auto,
Prakáras,4,Prakaaras,,auto,
prakáshante,4,prakaashante,,auto,
prakáshitá,4,prakaashitaa,,auto,
prákrtam,4,praakrtam,,auto,
Prákrtas,4,Praakrtas,,auto,
prakrtiḿ,4,prakrtim,,auto,
praktá,4,praktaa,,auto,
pralayaḿgatá,4,pralayamgataa,,auto,
pramádagrasta,4,pramaadagrasta,,auto,
práńa-kendra,4,praańa-kendra,,auto,
práńa-rasa,4,praańa-rasa,,auto,
práńaeh,4,praańaeh,,auto,
Práńaeka,4,Praańaeka,,auto,
práńaeshca,4,praańaeshcha,,auto,
Práńaeshcittaḿ,4,Praańaeshchittam,,auto,
práńakriyá,4,praańakriyaa,,auto,
Prańálii,4,Prańaalii,,auto,
prańámii,4,prańaamii,,auto,
práńannimiśacca,4,praańannimishaccha,,auto,
práńashakti,4,praańashakti,,auto,
Pránáshcakśuśashcakśuratimucyadhiirah,4,Praanaashchakshaushashchakshauratimucyadhiirah,,auto,
Práńasyedaḿ,4,Praańasyedam,,auto,
Prańava-like,4,Prańava-like,,auto,
prańavaincottarárańim,4,prańavainchottaraarańim,,auto,
prańávaiṋcottarárańim,4,prańaavaiṋchottaraarańim,,auto,
prańay,4,prańay,,auto,
prańáyama,4,prańaayama,,auto,
Pránáyáma,4,Praanaayaama,,auto,
práńáyámas,4,praańaayaamas,,auto,
práńena,4,praańena,,auto,
PRAŃIDHÁNA,4,PRAŃIDHaaNA,,auto,
prańidhánát,4,prańidhaanaat,,auto,
prańiiyate,4,prańiiyate,,auto,
práńinám,4,praańinaam,,auto,
práńinatá,4,praańinataa,,auto,
pranipátena,4,pranipaatena,,auto,
prańipatena,4,prańipatena,,auto,
Pránipátena,4,Praanipaatena,,auto,
práńiti,4,praańiti,,auto,
práńo,4,praańo,,auto,
Práńo,4,Praańo,,auto,
prapaiṋcaḿ,4,prapaiṋcham,,auto,
prapaiṋcám,4,prapaiṋchaam,,auto,
práptavánasminityam,4,praaptavaanasminityam,,auto,
práptih,4,praaptih,,auto,
práputuḿ,4,praaputum,,auto,
prápyate,4,praapyate,,auto,
prasanná,4,prasannaa,,auto,
Prasanná,4,Prasannaa,,auto,
prasannábhúvi,4,prasannaabhoovi,,auto,
prasrtá,4,prasrtaa,,auto,
praśtá,4,prashtaa,,auto,
praśt́á,4,prashtaa,,auto,
prastraḿ,4,prastram,,auto,
prátah,4,praatah,,auto,
Prátap,4,Praatap,,auto,
prathamaḿ,4,prathamam,,auto,
prati-namaskára,4,prati-namaskaara,,auto,
Prati-Saiṋcara,4,Prati-Saiṋchara,,auto,
prati-saiṋcarah,4,prati-saiṋcharah,,auto,
práti-saḿvedana,4,praati-samvedana,,auto,
pratibáti,4,pratibaati,,auto,
pratihańyamánáh,4,pratihańyamaanaah,,auto,
pratiikiikarańa,4,pratiikiikarańa,,auto,
pratijáyase,4,pratijaayase,,auto,
pratirúpa,4,pratiroopa,,auto,
pratirúpam,4,pratiroopam,,auto,
Pratirúpo,4,Pratiroopo,,auto,
Pratisáiṋcara,4,Pratisaaiṋchara,,auto,
pratisaiṋcara's,4,pratisaiṋchara's,,auto,
pratiśt́a,4,pratishta,,auto,
pratiśt́ha,4,pratishtha,,auto,
pratiśt́háḿ,4,pratishthaam,,auto,
pratiśt́háta,4,pratishthaata,,auto,
pratiśt́hitá,4,pratishthitaa,,auto,
pratitiśt́hasi,4,pratitishthasi,,auto,
Prativimbitashákhágraphalasvádanamodavat,4,Prativimbitashaakhaagraphalasvaadanamodavat,,auto,
pratyauṋ,4,pratyauṋ,,auto,
Pratyauṋ,4,Pratyauṋ,,auto,
Pratyaunjanáḿstiśt́ate,4,Pratyaunjanaamstishtate,,auto,
pratyáváya,4,pratyaavaaya,,auto,
pratyáyálambanavrttinidrá,4,pratyaayaalambanavrttinidraa,,auto,
pravishyámúdho,4,pravishyaamoodho,,auto,
práyashcitta,4,praayashchitta,,auto,
prayátishuddham,4,prayaatishuddham,,auto,
preasmiikśya,4,preasmiikshaya,,auto,
premarupá,4,premarupaa,,auto,
premasaḿgatáh,4,premasamgataah,,auto,
Premasauṋgatá,4,Premasauṋgataa,,auto,
premasvarúpińiih,4,premasvaroopińiih,,auto,
Prerayitrbháva,4,Prerayitrbhaava,,auto,
preritáraḿca,4,preritaaramcha,,auto,
preśitaḿ,4,preshitam,,auto,
preśt́ha,4,preshtha,,auto,
pretátman,4,pretaatman,,auto,
pretyásmállonkádamrtáh,4,pretyaasmaallonkaadamrtaah,,auto,
pretyásmanllokádamrtá,4,pretyaasmanllokaadamrtaa,,auto,
Pretyaśmánllokádamrtáh,4,Pretyashmaanllokaadamrtaah,,auto,
preya-sádhaka,4,preya-saadhaka,,auto,
preya-sádhaná,4,preya-saadhanaa,,auto,
priiti-iccá,4,priiti-icchaa,,auto,
Priiti-iccá,4,Priiti-icchaa,,auto,
priyán,4,priyaan,,auto,
priyarúpa,4,priyaroopa,,auto,
priyarúpámshca,4,priyaroopaamshcha,,auto,
proktányenaeva,4,proktaanyenaeva,,auto,
prováca,4,provaacha,,auto,
prsadánmahimánamiisham,4,prsadaanmahimaanamiisham,,auto,
prthagabhávamudayástamayao,4,prthagabhaavamudayaastamayao,,auto,
prthagátmánaḿ,4,prthagaatmaanam,,auto,
Prthvyápyate,4,Prthvyaapyate,,auto,
pshyatitatsusuptaḿsuśuptasthánah,4,pshyatitatsusuptamsushuptasthaanah,,auto,
ptyádi,4,ptyaadi,,auto,
pújár,4,poojaar,,auto,
pújáy,4,poojaay,,auto,
pumán,4,pumaan,,auto,
punarpunarvashamápadyante,4,punarpunarvashamaapadyante,,auto,
Punjáb,4,Punjaab,,auto,
puńya',4,puńya',,auto,
Puńyapápe,4,Puńyapaape,,auto,
púnyápápe,4,poonyaapaape,,auto,
punyátmá,4,punyaatmaa,,auto,
Puńyaviśayánáḿ,4,Puńyavishayaanaam,,auto,
puńyopahatátmá,4,puńyopahataatmaa,,auto,
púraka,4,pooraka,,auto,
puráńaḿ,4,puraańam,,auto,
puráńii,4,puraańii,,auto,
puráńiká,4,puraańikaa,,auto,
purastád,4,purastaad,,auto,
purátan,4,puraatan,,auto,
Purátano'haḿ,4,Puraatano'ham,,auto,
puratrayaiṋca,4,puratrayaiṋcha,,auto,
Purávritta,4,Puraavritta,,auto,
Purávrttakathayuktam,4,Puraavrttakathayuktam,,auto,
puŕe,4,puŕe,,auto,
Púrńam,4,Poorńam,,auto,
Púrńávatára,4,Poorńaavataara,,auto,
Puruśa-Entity,4,Purusha-Entity,,auto,
Puruśa-like,4,Purusha-like,,auto,
Puruśahood,4,Purushahood,,auto,
Puruśakhyáti,4,Purushakhyaati,,auto,
purúśaḿ,4,puroosham,,auto,
Puruśasiḿhamupaeti,4,Purushasimhamupaeti,,auto,
puruśeńa,4,purusheńa,,auto,
Puruśo'hamiisho,4,Purusho'hamiisho,,auto,
Puruśottamabháva,4,Purushottamabhaava,,auto,
púrvam,4,poorvam,,auto,
púrvaḿ,4,poorvam,,auto,
púrveśám,4,poorveshaam,,auto,
Púrvvoha,4,Poorvvoha,,auto,
púśannapávrńu,4,pooshannapaavrńu,,auto,
pustakaḿ,4,pustakam,,auto,
puśt́imárga,4,pushtimaarga,,auto,
puśt́imárgii,4,pushtimaargii,,auto,
Pútaná,4,Pootanaa,,auto,
Puttrádicchet,4,Puttraadicchet,,auto,
puttráń,4,puttraań,,auto,
Puttrárthe,4,Puttraarthe,,auto,
puttrasyakámáya,4,puttrasyakaamaaya,,auto,
pyavisayajiṋátvájjánaneve,4,pyavisayajnyaaatvaajjaananeve,,auto,
ŕa,4,ŕa,,auto,
ra-biijátmak,4,ra-biijaatmak,,auto,
rádh,4,raadh,,auto,
rágaḿ,4,raagam,,auto,
rágamárge,4,raagamaarge,,auto,
rágánúgá,4,raagaanoogaa,,auto,
Rágátmikáḿ,4,Raagaatmikaam,,auto,
Ráginiis,4,Raaginiis,,auto,
Ragoguńa,4,Ragoguńa,,auto,
raiṋjana,4,raiṋjana,,auto,
rájabhoga,4,raajabhoga,,auto,
Rájagira,4,Raajagira,,auto,
rájagrha,4,raajagrha,,auto,
Rájár,4,Raajaar,,auto,
rájarśi,4,raajarshi,,auto,
rájasiḿha,4,raajasimha,,auto,
Rájataraunginii,4,Raajataraunginii,,auto,
Rájayaogika,4,Raajayaogika,,auto,
RAJOGUŃA,4,RAJOGUŃA,,auto,
Rájsáhi,4,Raajsaahi,,auto,
Rájyavardhana,4,Raajyavardhana,,auto,
Rákinii,4,Raakinii,,auto,
Rakśákáli,4,Rakshaaakaali,,auto,
Rakśakaḿ,4,Rakshaakam,,auto,
rakśákavaca,4,rakshaaakavacha,,auto,
Rakśasa,4,Rakshaasa,,auto,
rakśasva,4,rakshaasva,,auto,
rakśate,4,rakshaate,,auto,
Rámacandra,4,Raamachandra,,auto,
Rámaliilá,4,Raamaliilaa,,auto,
Rámánnásti,4,Raamaannaasti,,auto,
Ramáyańa,4,Ramaayańa,,auto,
RÁMÁYAŃA,4,RaaMaaYAŃA,,auto,
Rámka,4,Raamka,,auto,
Rámkeli,4,Raamkeli,,auto,
rámphal,4,raamphal,,auto,
Raḿpur,4,Rampur,,auto,
Rańamukhii,4,Rańamukhii,,auto,
rańaniiti,4,rańaniiti,,auto,
rápah,4,raapah,,auto,
Rápam,4,Raapam,,auto,
raparámrśt́ah,4,raparaamrshtah,,auto,
rasogollás,4,rasogollaas,,auto,
Ráśt́ra,4,Raashtra,,auto,
ratiratá,4,ratirataa,,auto,
Ratnákara,4,Ratnaakara,,auto,
Ratnákarastavagrhaḿ,4,Ratnaakarastavagrham,,auto,
rávan,4,raavan,,auto,
Rid́i,4,Ridi,,auto,
rńaḿ,4,rńam,,auto,
rohińii,4,rohińii,,auto,
Rojhá,4,Rojhaa,,auto,
rot́ikáḿ,4,rotikaam,,auto,
rśi's,4,rshi's,,auto,
Rśiińáiṋcaritaḿ,4,Rshiińaaiṋcharitam,,auto,
rśiratta,4,rshiratta,,auto,
Ŕsis,4,Ŕsis,,auto,
rśisauńghajuśt́am,4,rshisauńghajushtam,,auto,
rudhirapánaratá,4,rudhirapaanarataa,,auto,
rudrákśa,4,rudraakshaa,,auto,
Rudráyatte,4,Rudraayatte,,auto,
Rukhá-shukhá,4,Rukhaa-shukhaa,,auto,
rukmavańaḿ,4,rukmavańam,,auto,
Rukmińii,4,Rukmińii,,auto,
rukśa,4,rukshaa,,auto,
rumál,4,rumaal,,auto,
rúpáca,4,roopaacha,,auto,
Rupaḿ,4,Rupam,,auto,
Rúpaḿpratirúpo,4,Roopampratiroopo,,auto,
rúpańi,4,roopańi,,auto,
rúpáńyabhisamprapadyate,4,roopaańyabhisamprapadyate,,auto,
rúpavivarjiitasya,4,roopavivarjiitasya,,auto,
rúpavivarjj,4,roopavivarjj,,auto,
rúpena,4,roopena,,auto,
sabhyátá,4,sabhyaataa,,auto,
sabhytá,4,sabhytaa,,auto,
sád,4,saad,,auto,
sadácárii,4,sadaachaarii,,auto,
śad́adarshana,4,shadadarshana,,auto,
sadadośáh,4,sadadoshaah,,auto,
Sadákárya,4,Sadaakaarya,,auto,
śad́aráh,4,shadaraah,,auto,
sadasadvareńyaḿ,4,sadasadvareńyam,,auto,
sadasadvihiinaḿ,4,sadasadvihiinam,,auto,
śadete,4,shadete,,auto,
sádh,4,saadh,,auto,
sádháka,4,saadhaaka,,auto,
śadhaka,4,shadhaka,,auto,
Sádhakas',4,Saadhakas',,auto,
sádhaná-acquired,4,saadhanaa-acquired,,auto,
sádhaná-earned,4,saadhanaa-earned,,auto,
sádhanágni,4,saadhanaagni,,auto,
sádhuńa,4,saadhuńa,,auto,
sádhunám,4,saadhunaam,,auto,
Sádhur,4,Saadhur,,auto,
sadrúpáya,4,sadroopaaya,,auto,
saeśá,4,saeshaa,,auto,
saesavidyá,4,saesavidyaa,,auto,
ságara,4,saagara,,auto,
Ságara,4,Saagara,,auto,
Ságaralaharii,4,Saagaralaharii,,auto,
ságare,4,saagare,,auto,
ságartiire,4,saagartiire,,auto,
Saguń,4,Saguń,,auto,
saguńabháva,4,saguńabhaava,,auto,
Saguńarasátmaka,4,Saguńarasaatmaka,,auto,
sáh,4,saah,,auto,
Sahábe,4,Sahaabe,,auto,
sahadharmińii,4,sahadharmińii,,auto,
Sahajávasthá,4,Sahajaavasthaa,,auto,
Sahasneváhu,4,Sahasnevaahu,,auto,
sahásrára,4,sahaasraara,,auto,
sahiśńnuná,4,sahishńnunaa,,auto,
sahiśńuńá,4,sahishńuńaa,,auto,
saincukopantakále,4,sainchukopantakaale,,auto,
saincukopántakále,4,sainchukopaantakaale,,auto,
sajáru,4,sajaaru,,auto,
sajujá,4,sajujaa,,auto,
Sakál,4,Sakaal,,auto,
sáksiicinmátro'ham,4,saaksiichinmaatro'ham,,auto,
sákśirúpaḿ,4,saakshairoopam,,auto,
sáláńd́ár,4,saalaańdaar,,auto,
saldhaná,4,saldhanaa,,auto,
samábhyah,4,samaabhyah,,auto,
samáe,4,samaae,,auto,
Samáh,4,Samaah,,auto,
samáil,4,samaail,,auto,
samáilá,4,samaailaa,,auto,
samajhdár,4,samajhdaar,,auto,
Samánáhrdayánivah,4,Samaanaahrdayaanivah,,auto,
samánam,4,samaanam,,auto,
saḿanaḿ,4,samanam,,auto,
Samanvitaḿ,4,Samanvitam,,auto,
sámányamekamaneká,4,saamaanyamekamanekaa,,auto,
samáota,4,samaaota,,auto,
Samapluśińa,4,Samaplushińa,,auto,
samapráńah,4,samapraańah,,auto,
Samapráńah,4,Samapraańah,,auto,
samarpitaḿ,4,samarpitam,,auto,
samásate,4,samaasate,,auto,
Samastaśakśiḿ,4,Samastashakshaim,,auto,
samavartatádhi,4,samavartataadhi,,auto,
Sámavedic,4,Saamavedic,,auto,
samávetá,4,samaavetaa,,auto,
sambhúta,4,sambhoota,,auto,
Sambhutiiṋca,4,Sambhutiiṋcha,,auto,
sambhútimupásate,4,sambhootimupaasate,,auto,
sambhútyaḿ,4,sambhootyam,,auto,
sambhútyámrtamashnute,4,sambhootyaamrtamashnute,,auto,
saḿgacchadhvaḿ,4,samgacchadhvam,,auto,
Saḿghe,4,Samghe,,auto,
saḿgrahena,4,samgrahena,,auto,
saḿhará,4,samharaa,,auto,
saḿharedomiti,4,samharedomiti,,auto,
Samhitá,4,Samhitaa,,auto,
Sámkalpa,4,Saamkalpa,,auto,
Saḿkalpa-Vikalpa,4,Samkalpa-Vikalpa,,auto,
Saḿkalpanasparshanadrśtimohaergrásámbuvrśt́á,4,Samkalpanasparshanadrshtimohaergraasaambuvrshtaa,,auto,
saḿkaras,4,samkaras,,auto,
saḿkhya,4,samkhya,,auto,
Sámkhya,4,Saamkhya,,auto,
sámparáyah,4,saamparaayah,,auto,
sampatatraedyávábhúmi,4,sampatatraedyaavaabhoomi,,auto,
samprajińata,4,samprajińata,,auto,
sampúrńaḿ,4,sampoorńam,,auto,
saḿsár,4,samsaar,,auto,
saḿsáram,4,samsaaram,,auto,
Saḿsáramáyá,4,Samsaaramaayaa,,auto,
Saḿsárasvapnaiḿ,4,Samsaarasvapnaim,,auto,
saḿsáro'yamatiivavicitrah,4,samsaaro'yamatiivavichitrah,,auto,
Saḿskára-bound,4,Samskaara-bound,,auto,
saḿskára-determined,4,samskaara-determined,,auto,
Saḿskáraja,4,Samskaaraja,,auto,
Samskáras,4,Samskaaras,,auto,
samśkaras,4,samshkaras,,auto,
samśkáras,4,samshkaaras,,auto,
samskárik,4,samskaarik,,auto,
Saḿskrta-derived,4,Samskrta-derived,,auto,
Saḿskrtá-knowing,4,Samskrtaa-knowing,,auto,
Saḿskt,4,Samskt,,auto,
saḿsthápanártháya,4,samsthaapanaarthaaya,,auto,
Saḿváda,4,Samvaada,,auto,
Saḿvadadhvam,4,Samvadadhvam,,auto,
saḿvarań,4,samvarań,,auto,
Saḿvat,4,Samvat,,auto,
saḿveda,4,samveda,,auto,
saḿvedanátmaka,4,samvedanaatmaka,,auto,
saḿvega,4,samvega,,auto,
saḿvibháti,4,samvibhaati,,auto,
saḿvidhámaḿ,4,samvidhaamam,,auto,
Saḿvit,4,Samvit,,auto,
saḿvivesha,4,samvivesha,,auto,
Saḿvomanáḿsi,4,Samvomanaamsi,,auto,
samyagjiṋánena,4,samyagjnyaaanena,,auto,
samyak-átmasthiikárańa,4,samyak-aatmasthiikaarańa,,auto,
saḿyama,4,samyama,,auto,
sámyamupaeti,4,saamyamupaeti,,auto,
saḿyogaheturaparo'pi,4,samyogaheturaparo'pi,,auto,
saḿyoganimittahetuh,4,samyoganimittahetuh,,auto,
Sanátamaḿ,4,Sanaatamam,,auto,
Sanátan,4,Sanaatan,,auto,
Sanátaniis,4,Sanaataniis,,auto,
Sanmohitaḿ,4,Sanmohitam,,auto,
sannihitaḿ,4,sannihitam,,auto,
sanniviśtah,4,sannivishtah,,auto,
sanniviśt́ah,4,sannivishtah,,auto,
Sannyásii,4,Sannyaasii,,auto,
sannyásiis',4,sannyaasiis',,auto,
sannyástaḿ,4,sannyaastam,,auto,
santamevátmánam,4,santamevaatmaanam,,auto,
santamuvátmánam,4,santamuvaatmaanam,,auto,
Sántarágáchi,4,Saantaraagaachi,,auto,
santiśt́hati,4,santishthati,,auto,
sántláno,4,saantlaano,,auto,
saodá,4,saodaa,,auto,
saodáminiibhásaḿ,4,saodaaminiibhaasam,,auto,
Saotántrik,4,Saotaantrik,,auto,
sápt́á,4,saaptaa,,auto,
saptámga,4,saptaamga,,auto,
saptáḿga,4,saptaamga,,auto,
sára,4,saara,,auto,
Sárátsára,4,Saaraatsaara,,auto,
Sargujá,4,Sargujaa,,auto,
sári,4,saari,,auto,
Sári,4,Saari,,auto,
Sarpáh,4,Sarpaah,,auto,
sarpirivárpitam,4,sarpirivaarpitam,,auto,
sarśt́hi,4,sarshthi,,auto,
sarúpám,4,saroopaam,,auto,
Sarvá,4,Sarvaa,,auto,
Sarvabhúta,4,Sarvabhoota,,auto,
Sarvabhútádhivása,4,Sarvabhootaadhivaasa,,auto,
sarvabhutadhivásah,4,sarvabhutadhivaasah,,auto,
Sarvabhutádhivásah,4,Sarvabhutaadhivaasah,,auto,
sarvabhútadhivasah,4,sarvabhootadhivasah,,auto,
sarvabhútánatrátmá,4,sarvabhootaanatraatmaa,,auto,
sarvabhútáni,4,sarvabhootaani,,auto,
sarvabhútántara,4,sarvabhootaantara,,auto,
sarvabhútántarámá,4,sarvabhootaantaraamaa,,auto,
Sarvabhútántarátma,4,Sarvabhootaantaraatma,,auto,
Sarvabhútashamátmánaḿ,4,Sarvabhootashamaatmaanam,,auto,
sarvabhutátantaratmá,4,sarvabhutaatantaratmaa,,auto,
Sarvadhiisákśiibhútam,4,Sarvadhiisaakshaiibhootam,,auto,
sarváh,4,sarvaah,,auto,
sarváhammánii,4,sarvaahammaanii,,auto,
sarvaloká,4,sarvalokaa,,auto,
sarvalokśi,4,sarvalokshai,,auto,
sarvamayáh,4,sarvamayaah,,auto,
Sarvaḿhyetad,4,Sarvamhyetad,,auto,
sarvamotaḿ,4,sarvamotam,,auto,
sarvamouṋkára,4,sarvamouṋkaara,,auto,
sarvaḿsahá,4,sarvamsahaa,,auto,
Sarvaḿsarvamayaḿ,4,Sarvamsarvamayam,,auto,
Sarvánalokániishata,4,Sarvaanalokaaniishata,,auto,
Sarváni,4,Sarvaani,,auto,
Sarváńi,4,Sarvaańi,,auto,
Sarvánloká,4,Sarvaanlokaa,,auto,
sarvánlokániishata,4,sarvaanlokaaniishata,,auto,
sarvánusruta,4,sarvaanusruta,,auto,
sarvapáshae,4,sarvapaashae,,auto,
sarvapáshael,4,sarvapaashael,,auto,
Sarvasaḿshyáh,4,Sarvasamshyaah,,auto,
sarvashasiráni,4,sarvashasiraani,,auto,
sarvashástrani,4,sarvashaastrani,,auto,
sarvatattvaervishuddhaḿ,4,sarvatattvaervishuddham,,auto,
sarvátmá,4,sarvaatmaa,,auto,
sarvátmaka,4,sarvaatmaka,,auto,
sarvátmánam,4,sarvaatmaanam,,auto,
Sarvato'kśi,4,Sarvato'kshai,,auto,
Sarvatosáksii,4,Sarvatosaaksii,,auto,
Sarvávasthásu,4,Sarvaavasthaasu,,auto,
Sarvavyápinamátmánaḿ,4,Sarvavyaapinamaatmaanam,,auto,
sarvbhútaervibháti,4,sarvbhootaervibhaati,,auto,
sarvendriyá,4,sarvendriyaa,,auto,
Sarvendriyágamya,4,Sarvendriyaagamya,,auto,
Sarvesáḿ,4,Sarvesaam,,auto,
sarveśám,4,sarveshaam,,auto,
Sarveśám,4,Sarveshaam,,auto,
Śashtii,4,Śashtii,,auto,
sásmita,4,saasmita,,auto,
Sastáuṋga,4,Sastaauṋga,,auto,
saśt́auṋga,4,sashtauṋga,,auto,
Sáśt́áuṋga,4,Saashtaauṋga,,auto,
śaśt́haiṋca,4,shashthaiṋcha,,auto,
Saśt́hi,4,Sashthi,,auto,
satataḿ,4,satatam,,auto,
Satii-Má,4,Satii-Maa,,auto,
śat́karma,4,shatkarma,,auto,
Sátsaungena,4,Saatsaungena,,auto,
Sattvájjághrańaḿ,4,Sattvaajjaaghrańam,,auto,
sattvamasattvaiṋca,4,sattvamasattvaiṋcha,,auto,
satyadharamáya,4,satyadharamaaya,,auto,
satyadhritirbatásitvádrunno,4,satyadhritirbataasitvaadrunno,,auto,
Satyadraśt́á,4,Satyadrashtaa,,auto,
satyamatharváungirasámasi,4,satyamatharvaaungirasaamasi,,auto,
satyasyá,4,satyasyaa,,auto,
Satyávaha,4,Satyaavaha,,auto,
Setuḿ,4,Setum,,auto,
Sevayá',4,Sevayaa',,auto,
shabdát,4,shabdaat,,auto,
sháda,4,shaada,,auto,
sháhá,4,shaahaa,,auto,
Shákinii,4,Shaakinii,,auto,
shaktiranataviiroyá,4,shaktiranataviiroyaa,,auto,
Shaktyátmakam,4,Shaktyaatmakam,,auto,
Shakuntalá,4,Shakuntalaa,,auto,
sháli,4,shaali,,auto,
shambhúliuṋga,4,shambhooliuṋga,,auto,
shambú,4,shamboo,,auto,
Shántaditao,4,Shaantaditao,,auto,
shantamivatmánam,4,shantamivatmaanam,,auto,
shántátmá,4,shaantaatmaa,,auto,
shánti-matyantameti,4,shaanti-matyantameti,,auto,
Shántikriyá,4,Shaantikriyaa,,auto,
sháplá,4,shaaplaa,,auto,
Sháradá,4,Shaaradaa,,auto,
Sharańaḿ,4,Sharańam,,auto,
sharańamahaḿ,4,sharańamaham,,auto,
Shárdá,4,Shaardaa,,auto,
Shariiraḿ,4,Shariiram,,auto,
Shariirmástháya,4,Shariirmaasthaaya,,auto,
sharohyámá,4,sharohyaamaa,,auto,
Shárśa,4,Shaarsha,,auto,
sháśana,4,shaashana,,auto,
Shasháuṋgásana,4,Shashaauṋgaasana,,auto,
shastradhárii,4,shastradhaarii,,auto,
Shatáyurbhava,4,Shataayurbhava,,auto,
shat́h,4,shath,,auto,
Shauṋkaramaolinivásini,4,Shauṋkaramaolinivaasini,,auto,
shavashivárúd́há,4,shavashivaaroodhaa,,auto,
Shaytán,4,Shaytaan,,auto,
Sheś,4,Shesh,,auto,
sheśa,4,shesha,,auto,
shesaguńam,4,shesaguńam,,auto,
shevadhirityanityaḿ,4,shevadhirityanityam,,auto,
Shiás,4,Shiaas,,auto,
shiirńa,4,shiirńa,,auto,
shimúla,4,shimoola,,auto,
shishirt́ukure,4,shishirtukure,,auto,
Shishupálapálaḿ,4,Shishupaalapaalam,,auto,
Shiśyádicchet,4,Shishyaadicchet,,auto,
Shiva-Liuṋga,4,Shiva-Liuṋga,,auto,
Shivarúpamasmi,4,Shivaroopamasmi,,auto,
Shivashaktivibhágena,4,Shivashaktivibhaagena,,auto,
Shivt́hákurer,4,Shivthaakurer,,auto,
shobhá,4,shobhaa,,auto,
Shokáshru,4,Shokaashru,,auto,
Shoń,4,Shoń,,auto,
shośa,4,shosha,,auto,
shparshiká,4,shparshikaa,,auto,
Shráddha,4,Shraaddha,,auto,
Shráddhakriyá,4,Shraaddhakriyaa,,auto,
Shrávana,4,Shraavana,,auto,
shrayáya,4,shrayaaya,,auto,
Shreet́hametadálambanaḿ,4,Shreethametadaalambanam,,auto,
shreśt́ametadálarnvaḿan,4,shreshtametadaalarnvaman,,auto,
Shreśt́ha,4,Shreshtha,,auto,
shreśt́hii,4,shreshthii,,auto,
shreya-sádhaka,4,shreya-saadhaka,,auto,
Shriikrśńa,4,Shriikrshńa,,auto,
Shriikrśńacandraḿ,4,Shriikrshńachandram,,auto,
Shriikrśńakiirtana,4,Shriikrshńakiirtana,,auto,
Shriinivásah,4,Shriinivaasah,,auto,
shriirádha,4,shriiraadha,,auto,
shritáh,4,shritaah,,auto,
shrńomyakarnah,4,shrńomyakarnah,,auto,
shrńoti,4,shrńoti,,auto,
shrnotyakarńah,4,shrnotyakarńah,,auto,
shrottramidaḿ,4,shrottramidam,,auto,
shrśáh,4,shrshaah,,auto,
shrutimúdrańi,4,shrutimoodrańi,,auto,
shrúyate,4,shrooyate,,auto,
shubbháshubham,4,shubbhaashubham,,auto,
shubhaḿ,4,shubham,,auto,
shubhaḿcáshubhamevaca,4,shubhamchaashubhamevacha,,auto,
Shubhauṋkara,4,Shubhauṋkara,,auto,
Shuddá,4,Shuddaa,,auto,
Shuddhá,4,Shuddhaa,,auto,
shuddhampápaviddham,4,shuddhampaapaviddham,,auto,
shudhái,4,shudhaai,,auto,
shúkariiviśt́ha,4,shookariivishtha,,auto,
shukrśńám,4,shukrshńaam,,auto,
Shuńaha,4,Shuńaha,,auto,
Shuńyaváda,4,Shuńyavaada,,auto,
Shúńyavádiis,4,Shoońyavaadiis,,auto,
shúnyavádinaḿ,4,shoonyavaadinam,,auto,
Shuśkae,4,Shushkae,,auto,
shvás-prashvásayorgatibicchedah,4,shvaas-prashvaasayorgatibicchedah,,auto,
Shvetámbara,4,Shvetaambara,,auto,
shvetáshvetaro'tha,4,shvetaashvetaro'tha,,auto,
Shyámpur,4,Shyaampur,,auto,
Siddánta,4,Siddaanta,,auto,
siddhatvábhyaḿ,4,siddhatvaabhyam,,auto,
sidhá,4,sidhaa,,auto,
siisá,4,siisaa,,auto,
Siitár,4,Siitaar,,auto,
siḿha-váhinii,4,simha-vaahinii,,auto,
Siḿhal,4,Simhal,,auto,
Siḿhala,4,Simhala,,auto,
Siḿhalapát́an,4,Simhalapaatan,,auto,
siḿhásane,4,simhaasane,,auto,
sittáte,4,sittaate,,auto,
Siuṋgur,4,Siuṋgur,,auto,
smarámastavamekaḿ,4,smaraamastavamekam,,auto,
smártta,4,smaartta,,auto,
smrtaḿ,4,smrtam,,auto,
smrtishástra,4,smrtishaastra,,auto,
snáner,4,snaaner,,auto,
so'uṋga,4,so'uṋga,,auto,
so'yamátmá,4,so'yamaatmaa,,auto,
Somanátha,4,Somanaatha,,auto,
Somatát,4,Somataat,,auto,
Śoŕaśa,4,Śoŕasha,,auto,
śoŕashakalá,4,shoŕashakalaa,,auto,
śośitah,4,shoshitah,,auto,
Souṋari,4,Souṋari,,auto,
sound-tanmátras,4,sound-tanmaatras,,auto,
Sprshámyaham,4,Sprshaamyaham,,auto,
srastáramanekarúpam,4,srastaaramanekaroopam,,auto,
Sraśtáramkanewaru,4,Srashtaaramkanewaru,,auto,
sraśt́ramanekarúpaḿ,4,srashtramanekaroopam,,auto,
Srivástava,4,Srivaastava,,auto,
srjamáḿáḿ,4,srjamaamaam,,auto,
srotahsvarańisú,4,srotahsvarańisoo,,auto,
srśt́a,4,srshta,,auto,
Srśt́i,4,Srshti,,auto,
srśtikalpaná,4,srshtikalpanaa,,auto,
srśt́vá,4,srshtvaa,,auto,
srunkáḿvittamayiimavápto,4,srunkaamvittamayiimavaapto,,auto,
Stenedaḿ,4,Stenedam,,auto,
sthánam,4,sthaanam,,auto,
sthirámindriya,4,sthiraamindriya,,auto,
Sthúla,4,Sthoola,,auto,
sthúlabhúk,4,sthoolabhook,,auto,
sthúlabhuktvácca,4,sthoolabhuktvaaccha,,auto,
Sthuláni,4,Sthulaani,,auto,
Sthulaparájiṋa,4,Sthulaparaajnyaa,,auto,
sthulaprajiṋam,4,sthulaprajnyaam,,auto,
Sthúlatvat,4,Sthoolatvat,,auto,
sthúloprajiṋa,4,sthooloprajnyaa,,auto,
Stomamahadurugáyaḿ,4,Stomamahadurugaayam,,auto,
Striyannapánádivicitrabhogaeh,4,Striyannapaanaadivichitrabhogaeh,,auto,
strńaervanagajáh,4,strńaervanagajaah,,auto,
stutirnárchaná,4,stutirnaarchanaa,,auto,
Stutyá'nirvacaniiyatá'khiloguro,4,Stutyaa'nirvachaniiyataa'khiloguro,,auto,
subhayá,4,subhayaa,,auto,
sudhántam,4,sudhaantam,,auto,
sudrd́há,4,sudrdhaa,,auto,
sudurácáriis,4,suduraachaariis,,auto,
sudúrácáro,4,sudooraachaaro,,auto,
Sukeshá,4,Sukeshaa,,auto,
sukha-bainchá,4,sukha-bainchaa,,auto,
sukha-bánchá,4,sukha-baanchaa,,auto,
Sukháduhkha-puńyápuńyaviśayánáḿ,4,Sukhaaduhkha-puńyaapuńyavishayaanaam,,auto,
sukhadukha-bhoktá,4,sukhadukha-bhoktaa,,auto,
Sukharaḿ,4,Sukharam,,auto,
Sukrát,4,Sukraat,,auto,
sukśma,4,sukshama,,auto,
súkśmabhúkcaturátma,4,sookshamabhookchaturaatma,,auto,
súkśmáccatat,4,sookshamaacchatat,,auto,
sukśmáni,4,sukshamaani,,auto,
súkśmaprajiṋah,4,sookshamaprajnyaah,,auto,
sukśmaprájiṋaḿnobhayatah,4,sukshamapraajnyaamnobhayatah,,auto,
Sukśmát,4,Sukshamaat,,auto,
súkśmataraḿvivhati,4,sookshamataramvivhati,,auto,
Súkśmátisukśmam,4,Sookshamaatisukshamam,,auto,
súkśmatvát,4,sookshamatvaat,,auto,
súkśmatváttanna,4,sookshamatvaattanna,,auto,
súkśmayá,4,sookshamayaa,,auto,
Súkta,4,Sookta,,auto,
sumanohará,4,sumanoharaa,,auto,
Suparńá,4,Suparńaa,,auto,
supiitábhám,4,supiitaabhaam,,auto,
supratiś,4,supratish,,auto,
surálayaḿ,4,suraalayam,,auto,
Surataruvarashákha,4,Surataruvarashaakha,,auto,
súrje,4,soorje,,auto,
survamátamá,4,survamaatamaa,,auto,
suŕye,4,suŕye,,auto,
Súryo,4,Sooryo,,auto,
susumná,4,susumnaa,,auto,
susuptaḿ,4,susuptam,,auto,
Susuptikálesakalevliine,4,Susuptikaalesakalevliine,,auto,
sútras,4,sootras,,auto,
sútre,4,sootre,,auto,
suvidhá,4,suvidhaa,,auto,
Svábhábikii,4,Svaabhaabikii,,auto,
svabhává,4,svabhaavaa,,auto,
Svabhávameka,4,Svabhaavameka,,auto,
Svabhávato,4,Svabhaavato,,auto,
svabiijánutpádya,4,svabiijaanutpaadya,,auto,
svacittasthamupásya,4,svachittasthamupaasya,,auto,
Svádayámi,4,Svaadayaami,,auto,
Svadehaḿ,4,Svadeham,,auto,
Svadiśthána,4,Svadishthaana,,auto,
svádvattyanashnannanye,4,svaadvattyanashnannanye,,auto,
svaguńaernigúd́hám,4,svaguńaernigoodhaam,,auto,
svaguńaervrńoti,4,svaguńaervrńoti,,auto,
svamábrńot,4,svamaabrńot,,auto,
svamáyayá,4,svamaayayaa,,auto,
Svámii,4,Svaamii,,auto,
Svámiisthána,4,Svaamiisthaana,,auto,
Svapnaḿ,4,Svapnam,,auto,
svapnamádidesha,4,svapnamaadidesha,,auto,
Svapnántaḿ,4,Svapnaantam,,auto,
Svapnasthánah,4,Svapnasthaanah,,auto,
Svaprakásho,4,Svaprakaasho,,auto,
Svarája,4,Svaraaja,,auto,
svarasátmaka,4,svarasaatmaka,,auto,
Svarasobáhii,4,Svarasobaahii,,auto,
svarúpám,4,svaroopaam,,auto,
svarúpemátma,4,svaroopemaatma,,auto,
svarupeo'hamátmá,4,svarupeo'hamaatmaa,,auto,
svarvakálaḿ,4,svarvakaalam,,auto,
svatantrá,4,svatantraa,,auto,
Svávyatiriktán,4,Svaavyatiriktaan,,auto,
svávyatiriktáni,4,svaavyatiriktaani,,auto,
Svayambhúliuṋgavesthitám,4,Svayambhooliuṋgavesthitaam,,auto,
svayambhúryáthá,4,svayambhooryaathaa,,auto,
svayandhiiráh,4,svayandhiiraah,,auto,
Svyambhú,4,Svyambhoo,,auto,
syotánujiṋátranujiṋá,4,syotaanujnyaaatranujnyaaa,,auto,
Tacchubharaḿ,4,Tacchubharam,,auto,
tadádraśt́á,4,tadaadrashtaa,,auto,
Tadakśaraḿ,4,Tadakshaaram,,auto,
tadamshán,4,tadamshaan,,auto,
tadapyouṋkára,4,tadapyouṋkaara,,auto,
tadbrahmalakśaeńaeh,4,tadbrahmalakshaaeńaeh,,auto,
taddivyamacintyarupaḿ,4,taddivyamachintyarupam,,auto,
taddivyamacintyarúpaḿsukśmácca,4,taddivyamachintyaroopamsukshamaaccha,,auto,
tadekamajaranamrtamabhamomityanubhúya,4,tadekamajaranamrtamabhamomityanubhooya,,auto,
Tadevágnistadá,4,Tadevaagnistadaa,,auto,
Tadihántike,4,Tadihaantike,,auto,
tadrúpamaná,4,tadroopamanaa,,auto,
tadvanmahánaḿ,4,tadvanmahaanam,,auto,
Tadvátmatattvám,4,Tadvaatmatattvaam,,auto,
tadviditádatho,4,tadviditaadatho,,auto,
Tadvijijiṋásasva,4,Tadvijijnyaaasasva,,auto,
tadvikalatá,4,tadvikalataa,,auto,
tadviśńoh,4,tadvishńoh,,auto,
Tádyathá,4,Taadyathaa,,auto,
táhár,4,taahaar,,auto,
Táhirpur,4,Taahirpur,,auto,
Tái,4,Taai,,auto,
T́álata,4,Taalata,,auto,
tálavya,4,taalavya,,auto,
tálbelim,4,taalbelim,,auto,
Táldiighi,4,Taaldiighi,,auto,
tálib-e-ilm,4,taalib-e-ilm,,auto,
Tám,4,Taam,,auto,
Táḿ,4,Taam,,auto,
támádi,4,taamaadi,,auto,
tamáhuragryaḿ,4,tamaahuragryam,,auto,
Tamakratuḿpashyati,4,Tamakratumpashyati,,auto,
támásáh,4,taamaasaah,,auto,
tamasomá,4,tamasomaa,,auto,
Taḿatmasthaḿ,4,Tamatmastham,,auto,
tametamát,4,tametamaat,,auto,
Tamevaḿ,4,Tamevam,,auto,
Taḿha,4,Tamha,,auto,
Tamiishvaráńaḿ,4,Tamiishvaraańam,,auto,
tamorúpánubhútesttade'tajjádaḿ,4,tamoroopaanubhootesttade'tajjaadam,,auto,
táḿshca,4,taamshcha,,auto,
Taḿvishvarúpam,4,Tamvishvaroopam,,auto,
tańd́ava,4,tańdava,,auto,
táńdáva,4,taańdaava,,auto,
t́ankashálá,4,tankashaalaa,,auto,
tanmátrádhára,4,tanmaatraadhaara,,auto,
tanḿatric,4,tanmatric,,auto,
tanmayaḿhi,4,tanmayamhi,,auto,
tanmudrá,4,tanmudraa,,auto,
tánŕ,4,taanŕ,,auto,
táṋr,4,taaṋr,,auto,
táṋt,4,taaṋt,,auto,
Tántrikam,4,Taantrikam,,auto,
tántrikii,4,taantrikii,,auto,
Tántriks,4,Taantriks,,auto,
tanumot́ana,4,tanumotana,,auto,
Tanurdarshamgúŕajmanupraviśt́aḿguháhitaḿ,4,Tanurdarshamgooŕajmanupravishtamguhaahitam,,auto,
tanúrváci,4,tanoorvaachi,,auto,
tápa,4,taapa,,auto,
Tapámsi,4,Tapaamsi,,auto,
Táponiiya,4,Taaponiiya,,auto,
Tapoprabháváddevaprasádácca,4,Tapoprabhaavaaddevaprasaadaaccha,,auto,
T́ápur,4,Taapur,,auto,
Tár-i,4,Taar-i,,auto,
Tárádás,4,Taaraadaas,,auto,
Tárádevii,4,Taaraadevii,,auto,
tarakśu,4,tarakshau,,auto,
tárańa,4,taarańa,,auto,
tárańa-bhára,4,taarańa-bhaara,,auto,
Táráprasáda,4,Taaraaprasaada,,auto,
tárayeh,4,taarayeh,,auto,
Tároriva,4,Taaroriva,,auto,
Tasmádátmána,4,Tasmaadaatmaana,,auto,
Tasmiḿstrayaḿ,4,Tasmimstrayam,,auto,
tasminnidaḿ,4,tasminnidam,,auto,
Tasyávidhyánad,4,Tasyaavidhyaanad,,auto,
Tasyendriyáni,4,Tasyendriyaani,,auto,
Tasyendriyányavashyáni,4,Tasyendriyaanyavashyaani,,auto,
tát,4,taat,,auto,
tathágandharvaloke,4,tathaagandharvaloke,,auto,
tathánye,4,tathaanye,,auto,
tathápyalpáh,4,tathaapyalpaah,,auto,
tathárúŕhá'bhiniveshah,4,tathaarooŕhaa'bhiniveshah,,auto,
tathátmáni,4,tathaatmaani,,auto,
tathyánubhútisvapne,4,tathyaanubhootisvapne,,auto,
Tathyánubhútisvapne,4,Tathyaanubhootisvapne,,auto,
Tatkárańan,4,Tatkaarańan,,auto,
Tatomayá,4,Tatomayaa,,auto,
tatpará,4,tatparaa,,auto,
tatsamashcá,4,tatsamashchaa,,auto,
Tatsarvaḿ,4,Tatsarvam,,auto,
Tatsaviturvareńyaḿ,4,Tatsaviturvareńyam,,auto,
tattsúkśmataraḿ,4,tattsookshamataram,,auto,
tattvabhávah,4,tattvabhaavah,,auto,
Tattvaḿ,4,Tattvam,,auto,
tattvasabhá,4,tattvasabhaa,,auto,
tatyato'rthán,4,tatyato'rthaan,,auto,
Távannajáyate,4,Taavannajaayate,,auto,
távat,4,taavat,,auto,
Tayorańyah,4,Tayorańyah,,auto,
Tayorvirodho'yaḿ,4,Tayorvirodho'yam,,auto,
Tejomayaḿ,4,Tejomayam,,auto,
Teoyárii,4,Teoyaarii,,auto,
Teśaḿ,4,Tesham,,auto,
thábá,4,thaabaa,,auto,
thábená,4,thaabenaa,,auto,
t́hak-t́hak,4,thak-thak,,auto,
T́hakam-t́hakam,4,Thakam-thakam,,auto,
T́hákare,4,Thaakare,,auto,
thákbo,4,thaakbo,,auto,
tháki,4,thaaki,,auto,
thákibek,4,thaakibek,,auto,
T́hákre,4,Thaakre,,auto,
thákśaraiṋca,4,thaakshaaraiṋcha,,auto,
t́hákur,4,thaakur,,auto,
T́hákura,4,Thaakura,,auto,
tháneśu,4,thaaneshu,,auto,
t́háni,4,thaani,,auto,
t́hávii,4,thaavii,,auto,
timirándhasya,4,timiraandhasya,,auto,
tiriktabhogasádhanásviikaro'parigraha,4,tiriktabhogasaadhanaasviikaro'parigraha,,auto,
tiryaiṋca,4,tiryaiṋcha,,auto,
t́ishatyekah,4,tishatyekah,,auto,
tiśt́ha,4,tishtha,,auto,
tiśt́hatyeka,4,tishthatyeka,,auto,
tohára,4,tohaara,,auto,
Tomárei,4,Tomaarei,,auto,
t́oŕi,4,toŕi,,auto,
Tośa,4,Tosha,,auto,
traevidhyaḿ,4,traevidhyam,,auto,
tretá,4,tretaa,,auto,
tribhiraśtavirbhá,4,tribhirashtavirbhaa,,auto,
Tridháma,4,Tridhaama,,auto,
triguńarahitam,4,triguńarahitam,,auto,
trikáladarshii-sarvajiṋa,4,trikaaladarshii-sarvajnyaa,,auto,
Trilokanáth,4,Trilokanaath,,auto,
Trilokanátha,4,Trilokanaatha,,auto,
trińáciketa,4,trińaachiketa,,auto,
Tripáda-Bibhúti-Náráyańa,4,Tripaada-Bibhooti-Naaraayańa,,auto,
triphalá,4,triphalaa,,auto,
trisámsár,4,trisaamsaar,,auto,
trishariiramát́mánaḿ,4,trishariiramaatmaanam,,auto,
trń,4,trń,,auto,
trńadapi,4,trńadapi,,auto,
trtiiyá,4,trtiiyaa,,auto,
Tubhyaḿ,4,Tubhyam,,auto,
tucchamidaḿ,4,tucchamidam,,auto,
Turiiyabháva,4,Turiiyabhaava,,auto,
turiiyávasitatvadekaeka,4,turiiyaavasitatvadekaeka,,auto,
t́ut́e,4,tute,,auto,
Tuyá,4,Tuyaa,,auto,
tvá,4,tvaa,,auto,
Tvamekodvitvaḿpanno,4,Tvamekodvitvampanno,,auto,
tvaḿjáto,4,tvamjaato,,auto,
Tvaḿstrii,4,Tvamstrii,,auto,
tvátmabhavát,4,tvaatmabhavaat,,auto,
tvavidyá,4,tvavidyaa,,auto,
Tyajá,4,Tyajaa,,auto,
tyáktvá,4,tyaaktvaa,,auto,
tyasráksiih,4,tyasraaksiih,,auto,
Ucát́ana,4,Uchaatana,,auto,
úccala,4,oocchala,,auto,
Ucchúnyá,4,Ucchoonyaa,,auto,
udakaḿ,4,udakam,,auto,
úd́ha,4,oodha,,auto,
Udyoginaḿ,4,Udyoginam,,auto,
úlúka,4,oolooka,,auto,
umá,4,umaa,,auto,
uńa,4,uńa,,auto,
Uṋa,4,Uṋa,,auto,
uṋiiś,4,uṋiish,,auto,
upa-átmasthiikarańa,4,upa-aatmasthiikarańa,,auto,
upa-átmasthiikarańá,4,upa-aatmasthiikarańaa,,auto,
Upabháś,4,Upabhaash,,auto,
Upabháśa,4,Upabhaasha,,auto,
upádana,4,upaadana,,auto,
Upádana,4,Upaadana,,auto,
Upádhiváda,4,Upaadhivaada,,auto,
upamána,4,upamaana,,auto,
Upáḿshu,4,Upaamshu,,auto,
Upaniśadik,4,Upanishadik,,auto,
upásana,4,upaasana,,auto,
Upekśa,4,Upekshaa,,auto,
Upekśá,4,Upekshaaa,,auto,
uŕki,4,uŕki,,auto,
Uś,4,Ush,,auto,
úśańa,4,ooshańa,,auto,
ushrnotyakarńah,4,ushrnotyakarńah,,auto,
uśniiśa,4,ushniisha,,auto,
Utámrtatvasyeshána,4,Utaamrtatvasyeshaana,,auto,
Utámrttvasyesháno,4,Utaamrttvasyeshaano,,auto,
ut́hbe,4,uthbe,,auto,
uttamaguńo,4,uttamaguńo,,auto,
Vácakah,4,Vaachakah,,auto,
vácálaḿ,4,vaachaalam,,auto,
vácam,4,vaacham,,auto,
vácamimáḿ,4,vaachamimaam,,auto,
vácanádvayam,4,vaachanaadvayam,,auto,
vácanik,4,vaachanik,,auto,
vácy,4,vaacy,,auto,
Vaekuńt́hae,4,Vaekuńthae,,auto,
vaerágii,4,vaeraagii,,auto,
Vaerágiis,4,Vaeraagiis,,auto,
vaerágyam,4,vaeraagyam,,auto,
vaeshavánarah,4,vaeshavaanarah,,auto,
vaeśńava,4,vaeshńava,,auto,
Vaesńavii,4,Vaesńavii,,auto,
vaevahárika,4,vaevahaarika,,auto,
vággachanti,4,vaaggachanti,,auto,
Váhátu,4,Vaahaatu,,auto,
vahihkarańa,4,vahihkarańa,,auto,
vahńirasti,4,vahńirasti,,auto,
váhuŕai,4,vaahuŕai,,auto,
váhuŕii,4,vaahuŕii,,auto,
váhyika,4,vaahyika,,auto,
Váiṋchati,4,Vaaiṋchati,,auto,
Vaiśńavas,4,Vaishńavas,,auto,
Vájashravas,4,Vaajashravas,,auto,
Vajradharákáráh,4,Vajradharaakaaraah,,auto,
Vajradhátviishvarii,4,Vajradhaatviishvarii,,auto,
Vajráńii,4,Vajraańii,,auto,
vajrásana,4,vajraasana,,auto,
Vajrayośitah,4,Vajrayoshitah,,auto,
vákcia,4,vaakchia,,auto,
vakśer,4,vakshaer,,auto,
vaktebhyaḿ,4,vaktebhyam,,auto,
vákyam,4,vaakyam,,auto,
Vákyam,4,Vaakyam,,auto,
vákyaḿrasátmakaḿ,4,vaakyamrasaatmakam,,auto,
vámácára,4,vaamaachaara,,auto,
VÁMÁCÁRA,4,VaaMaaCaaRA,,auto,
vámácáriis,4,vaamaachaariis,,auto,
Vána,4,Vaana,,auto,
Váńaliuṋga,4,Vaańaliuṋga,,auto,
vanapatiśu,4,vanapatishu,,auto,
vánchati,4,vaanchati,,auto,
vanyá,4,vanyaa,,auto,
vápiyat,4,vaapiyat,,auto,
Varábhaya,4,Varaabhaya,,auto,
várań,4,vaarań,,auto,
varáńane,4,varaańane,,auto,
Váráńasi,4,Vaaraańasi,,auto,
varddhamáner,4,varddhamaaner,,auto,
Vardhamán,4,Vardhamaan,,auto,
Varjyabhúmi,4,Varjyabhoomi,,auto,
varńaḿ,4,varńam,,auto,
varnánaneká,4,varnaananekaa,,auto,
Varńánekán,4,Varńaanekaan,,auto,
varśe,4,varshe,,auto,
vartamána,4,vartamaana,,auto,
Varuńáya,4,Varuńaaya,,auto,
vasá,4,vasaa,,auto,
vasánaḿ,4,vasaanam,,auto,
vaśat,4,vashat,,auto,
vashiikára-siddhi,4,vashiikaara-siddhi,,auto,
Vashiikára-siddhi,4,Vashiikaara-siddhi,,auto,
váshiikárańa,4,vaashiikaarańa,,auto,
vashyáni,4,vashyaani,,auto,
Vastrekaḿ,4,Vastrekam,,auto,
vástvah,4,vaastvah,,auto,
vásudesvaya,4,vaasudesvaya,,auto,
Vásukiibhaginii,4,Vaasukiibhaginii,,auto,
vásysamidaḿ,4,vaasysamidam,,auto,
vát́a,4,vaata,,auto,
vattá,4,vattaa,,auto,
vattamánáh,4,vattamaanaah,,auto,
Vauṋge,4,Vauṋge,,auto,
váunmanoso,4,vaaunmanoso,,auto,
Váyeragniragnerápah,4,Vaayeragniragneraapah,,auto,
Váyuryathaeko,4,Vaayuryathaeko,,auto,
Vedáhametamajaraḿ,4,Vedaahametamajaram,,auto,
vedajiṋána,4,vedajnyaaana,,auto,
Vedaḿshca,4,Vedamshcha,,auto,
Vedańta,4,Vedańta,,auto,
vedántakrt,4,vedaantakrt,,auto,
vedavidevacá'ham,4,vedavidevachaa'ham,,auto,
vedhavyaḿ,4,vedhavyam,,auto,
veditavyaḿ,4,veditavyam,,auto,
Vedojjvalá,4,Vedojjvalaa,,auto,
vedyaḿna,4,vedyamna,,auto,
veshitá,4,veshitaa,,auto,
veśt́ayiśyanti,4,veshtayishyanti,,auto,
vibhavatyeśa,4,vibhavatyesha,,auto,
Vibhumátmanaḿ,4,Vibhumaatmanam,,auto,
Vibhútibhúśańa,4,Vibhootibhooshańa,,auto,
Vibhútinátha,4,Vibhootinaatha,,auto,
viceśt́atitámáhuh,4,vicheshtatitaamaahuh,,auto,
vid́ambaná,4,vidambanaa,,auto,
Vidhadháti,4,Vidhadhaati,,auto,
Vidhátá,4,Vidhaataa,,auto,
vidhipújane,4,vidhipoojane,,auto,
viditaḿ,4,viditam,,auto,
viditváti,4,viditvaati,,auto,
viduramrtáste,4,viduramrtaaste,,auto,
viduśopi,4,vidushopi,,auto,
Vidyábhiipsinannaciketasammanye,4,Vidyaabhiipsinannachiketasammanye,,auto,
vidyádharas,4,vidyaadharas,,auto,
vidyádrajasá,4,vidyaadrajasaa,,auto,
Vidyamáyá,4,Vidyamaayaa,,auto,
VIDYÁMÁYÁ,4,VIDYaaMaaYaa,,auto,
vidyánmáyinantu,4,vidyaanmaayinantu,,auto,
vidyápati,4,vidyaapati,,auto,
vidyás,4,vidyaas,,auto,
vidyáshca,4,vidyaashcha,,auto,
Vidyateyanáya,4,Vidyateyanaaya,,auto,
vidyáyá,4,vidyaayaa,,auto,
vidyáyáḿratáh,4,vidyaayaamrataah,,auto,
Vighnavihitá,4,Vighnavihitaa,,auto,
viirácárii,4,viiraachaarii,,auto,
viiryaḿ,4,viiryam,,auto,
vijánámi,4,vijaanaami,,auto,
vijánan,4,vijaanan,,auto,
vijánati,4,vijaanati,,auto,
vijániimo,4,vijaaniimo,,auto,
vijiṋáná,4,vijnyaaanaa,,auto,
vijiṋánád,4,vijnyaaanaad,,auto,
vijiṋánam,4,vijnyaaanam,,auto,
Vijiṋánasárarathiryastu,4,Vijnyaaanasaararathiryastu,,auto,
vijiṋátamavijánatám,4,vijnyaaatamavijaanataam,,auto,
vikalatáh,4,vikalataah,,auto,
Vikśepátmaka,4,Vikshaepaatmaka,,auto,
Vikśubdha,4,Vikshaubdha,,auto,
viluńt́hana,4,viluńthana,,auto,
vimarśa,4,vimarsha,,auto,
vimuiṋcathámrtasyaeśa,4,vimuiṋchathaamrtasyaesha,,auto,
vimukhatá,4,vimukhataa,,auto,
vinaśt́ih,4,vinashtih,,auto,
Virajaḿ,4,Virajam,,auto,
virájaḿ,4,viraajam,,auto,
Viŕáta,4,Viŕaata,,auto,
viŕi,4,viŕi,,auto,
virúp,4,viroop,,auto,
virúpatá,4,viroopataa,,auto,
viś,4,vish,,auto,
Viśayarasa,4,Vishayarasa,,auto,
viśayásaungimuktonirviśayaḿ,4,vishayaasaungimuktonirvishayam,,auto,
viśayásaúngimuktonirviśayaḿ,4,vishayaasaoongimuktonirvishayam,,auto,
vishála-very,4,vishaala-very,,auto,
vishayá,4,vishayaa,,auto,
Vishayá,4,Vishayaa,,auto,
vishvábhuvanáni,4,vishvaabhuvanaani,,auto,
vishvadháma,4,vishvadhaama,,auto,
Vishvádhipah,4,Vishvaadhipah,,auto,
vishvakarmá,4,vishvakarmaa,,auto,
vishvamádau,4,vishvamaadau,,auto,
vishvamahaḿ,4,vishvamaham,,auto,
Vishvamáyámivittih,4,Vishvamaayaamivittih,,auto,
vishvamáyánivrtiih,4,vishvamaayaanivrtiih,,auto,
Vishvamidaḿ,4,Vishvamidam,,auto,
vishvarupáḿ,4,vishvarupaam,,auto,
Vishváse,4,Vishvaase,,auto,
Vishvashravá,4,Vishvashravaa,,auto,
vishvasyá,4,vishvasyaa,,auto,
Vishvasyaekaḿpariveśt́itáraḿ,4,Vishvasyaekampariveshtitaaram,,auto,
vishvasyáyatanaḿ,4,vishvasyaayatanam,,auto,
Vishvatashcakśuruta,4,Vishvatashchakshauruta,,auto,
Vishvataspát,4,Vishvataspaat,,auto,
vishvátiitam,4,vishvaatiitam,,auto,
Vishvatováhu,4,Vishvatovaahu,,auto,
viśńoramatá,4,vishńoramataa,,auto,
Visńu,4,Visńu,,auto,
Viśńu-ic,4,Vishńu-ic,,auto,
Viśnumáyá,4,Vishnumaayaa,,auto,
visrśt́iryata,4,visrshtiryata,,auto,
vistáreńa,4,vistaareńa,,auto,
viśucci,4,vishucchi,,auto,
vitańda,4,vitańda,,auto,
vitańdá,4,vitańdaa,,auto,
vivekakhyáti,4,vivekakhyaati,,auto,
viviktarúpo,4,viviktaroopo,,auto,
vivinaktidhiiráh,4,vivinaktidhiiraah,,auto,
viyátii,4,viyaatii,,auto,
vrkśah,4,vrkshaah,,auto,
vrkśaḿse,4,vrkshaamse,,auto,
Vrndábane,4,Vrndaabane,,auto,
vyácacakśire,4,vyaachachakshaire,,auto,
vyadadháccháshvatiibhayah,4,vyadadhaacchaashvatiibhayah,,auto,
vyághra-krttiḿ,4,vyaaghra-krttim,,auto,
vyaiṋjanátmaka,4,vyaiṋjanaatmaka,,auto,
vyainjiká,4,vyainjikaa,,auto,
vyákhyáne,4,vyaakhyaane,,auto,
vyaktacaetanyáh,4,vyaktachaetanyaah,,auto,
vyaktiikarańa,4,vyaktiikarańa,,auto,
vyápáliuṋga,4,vyaapaaliuṋga,,auto,
Vyápitvaḿcr,4,Vyaapitvamcr,,auto,
vyaśt́i,4,vyashti,,auto,
vyathá,4,vyathaa,,auto,
Vyáun,4,Vyaaun,,auto,
vyauṋgana,4,vyauṋgana,,auto,
vyavaharannáste,4,vyavaharannaaste,,auto,
vyávasthá,4,vyaavasthaa,,auto,
vyomnát,4,vyomnaat,,auto,
yá-icche-tái,4,yaa-icche-taai,,auto,
yábo,4,yaabo,,auto,
Yaccakśusá,4,Yacchakshausaa,,auto,
Yaccakśuśá,4,Yacchakshaushaa,,auto,
Yaccányattrikálátiitaḿ,4,Yacchaanyattrikaalaatiitam,,auto,
yacchecchánta,4,yacchecchaanta,,auto,
Yacchedváun,4,Yacchedvaaun,,auto,
yácchetái,4,yaacchetaai,,auto,
Yacchroteńa,4,Yacchroteńa,,auto,
Yad́a,4,Yada,,auto,
yadanenátisoham,4,yadanenaatisoham,,auto,
yadańubho'ńu,4,yadańubho'ńu,,auto,
yadanyenádhirohati,4,yadanyenaadhirohati,,auto,
yadásiit,4,yadaasiit,,auto,
Yadátamastanna,4,Yadaatamastanna,,auto,
Yadátmatattvena,4,Yadaatmatattvena,,auto,
yadátmavidorviduh,4,yadaatmavidorviduh,,auto,
Yadátvamabhivarasasyathemá,4,Yadaatvamabhivarasasyathemaa,,auto,
yadbhogyaḿ,4,yadbhogyam,,auto,
yadbhútam,4,yadbhootam,,auto,
Yadbhútam,4,Yadbhootam,,auto,
yáder,4,yaader,,auto,
yadetajjánatha,4,yadetajjaanatha,,auto,
yadidumupásate,4,yadidumupaasate,,auto,
yadpadamá,4,yadpadamaa,,auto,
yaduttarat́araḿ,4,yaduttarataram,,auto,
Yaduvaḿsher,4,Yaduvamsher,,auto,
yadváco,4,yadvaacho,,auto,
yadvariśt́haḿ,4,yadvarishtham,,auto,
Yadyacchariiramádatte,4,Yadyacchariiramaadatte,,auto,
yahán,4,yahaan,,auto,
yáhár,4,yaahaar,,auto,
yáio,4,yaaio,,auto,
yajiṋa-d́umur,4,yajnyaa-dumur,,auto,
Yajjiṋánannáparaḿjiṋánaḿ,4,Yajjnyaaanannaaparamjnyaaanam,,auto,
Yallabdhvá,4,Yallabdhvaa,,auto,
Yallabhánnáparo,4,Yallabhaannaaparo,,auto,
yamayatyeśa,4,yamayatyesha,,auto,
yammayá,4,yammayaa,,auto,
yaḿshca,4,yamshcha,,auto,
Yaḿyaḿlokaḿ,4,Yamyamlokam,,auto,
yanáya,4,yanaaya,,auto,
Yanmanasá,4,Yanmanasaa,,auto,
Yanmanasána,4,Yanmanasaana,,auto,
Yántvamápah,4,Yaantvamaapah,,auto,
yáore,4,yaaore,,auto,
Yasmánnáńiiyo,4,Yasmaannaańiiyo,,auto,
Yasmát,4,Yasmaat,,auto,
yaśt́avyamiti,4,yashtavyamiti,,auto,
Yastúrńanábha,4,Yastoorńanaabha,,auto,
yasyá,4,yasyaa,,auto,
Yasyámatam,4,Yasyaamatam,,auto,
yasyámmajjanti,4,yasyaammajjanti,,auto,
Yátha,4,Yaatha,,auto,
Yathádarshe,4,Yathaadarshe,,auto,
yathaetadanushiśyát,4,yathaetadanushishyaat,,auto,
yathándháh,4,yathaandhaah,,auto,
Yathánikáyam,4,Yathaanikaayam,,auto,
Yathápsu,4,Yathaapsu,,auto,
yathárthatvam,4,yathaarthatvam,,auto,
yatheśt́ham,4,yatheshtham,,auto,
yatno'bhyásah,4,yatno'bhyaasah,,auto,
Yatprayantyabhisaḿvishanti,4,Yatprayantyabhisamvishanti,,auto,
yátrádiná,4,yaatraadinaa,,auto,
yátrii,4,yaatrii,,auto,
yatsukhánnáparaḿ,4,yatsukhaannaaparam,,auto,
Yávajjivet,4,Yaavajjivet,,auto,
Yávannakśiiyate,4,Yaavannakshaiiyate,,auto,
yáyánnaciketo,4,yaayaannachiketo,,auto,
yáyante,4,yaayante,,auto,
yenajátaiṋca,4,yenajaataiṋcha,,auto,
Yenákramantrśayo,4,Yenaakramantrshayo,,auto,
Yenánupashyati,4,Yenaanupashyati,,auto,
Yenávrtaḿ,4,Yenaavrtam,,auto,
yenedaḿ,4,yenedam,,auto,
yogádhigamyaḿ,4,yogaadhigamyam,,auto,
yogárúd́hartha,4,yogaaroodhartha,,auto,
yogárúd́hártha,4,yogaaroodhaartha,,auto,
Yoginám,4,Yoginaam,,auto,
yonimadhitiśt́hatyeko,4,yonimadhitishthatyeko,,auto,
yonimuktáh,4,yonimuktaah,,auto,
yonitvamapyabhimantá,4,yonitvamapyabhimantaa,,auto,
Yuddhárthaḿ,4,Yuddhaartham,,auto,
yuktábrahmarśayo,4,yuktaabrahmarshayo,,auto,
zilá,4,zilaa,,auto,
'Rám,3,'Raam,,auto,
á-dekhle,3,aa-dekhle,,auto,
Ábháśa,3,aabhaasha,,auto,
Abhedajiṋána,3,Abhedajnyaaana,,auto,
Ácarańát,3,aacharańaat,,auto,
ácáryah,3,aachaaryah,,auto,
Acáryas,3,Achaaryas,,auto,
ádab-káydá,3,aadab-kaaydaa,,auto,
adálat,3,adaalat,,auto,
ádamsumárii,3,aadamsumaarii,,auto,
ád́d́á,3,aaddaa,,auto,
ád́d́i,3,aaddi,,auto,
ádhárádhikarańa,3,aadhaaraadhikarańa,,auto,
Ádhibhaotika,3,aadhibhaotika,,auto,
ádhidaevik,3,aadhidaevik,,auto,
adhikarańa,3,adhikarańa,,auto,
adhogámii,3,adhogaamii,,auto,
Ádhrta,3,aadhrta,,auto,
Ád́hya,3,aadhya,,auto,
ádhyátmá,3,aadhyaatmaa,,auto,
ádibhúta,3,aadibhoota,,auto,
Ádigauṋgá,3,aadigauṋgaa,,auto,
Ádikárańa,3,aadikaarańa,,auto,
Adrśt́a,3,Adrshta,,auto,
advaetadvaetádvaetaváda,3,advaetadvaetaadvaetavaada,,auto,
Aerávata,3,Aeraavata,,auto,
aetihásika,3,aetihaasika,,auto,
ágatam,3,aagatam,,auto,
ághana,3,aaghana,,auto,
Ahaḿttatva,3,Ahamttatva,,auto,
ahimsá,3,ahimsaa,,auto,
ahiḿsá-influenced,3,ahimsaa-influenched,,auto,
áhmi,3,aahmi,,auto,
ái,3,aai,,auto,
áibuŕo,3,aaibuŕo,,auto,
aiṋjana,3,aiṋjana,,auto,
Aiṋjana,3,Aiṋjana,,auto,
aiṋjaná,3,aiṋjanaa,,auto,
ajiṋa,3,ajnyaa,,auto,
ajiṋána,3,ajnyaaana,,auto,
Ajiṋánabodhini,3,Ajnyaaanabodhini,,auto,
Ajiṋánabodhinii,3,Ajnyaaanabodhinii,,auto,
Ajn̄átakulashīlasya,3,Ajnaatakulasheelasya,,auto,
akalyáńa,3,akalyaańa,,auto,
ákkel,3,aakkel,,auto,
akliśt́avrtti,3,aklishtavrtti,,auto,
akśáḿsha,3,akshaaamsha,,auto,
álamba,3,aalamba,,auto,
alaḿkarańa,3,alamkarańa,,auto,
álif,3,aalif,,auto,
álocaná,3,aalochanaa,,auto,
ámarula,3,aamarula,,auto,
ámba,3,aamba,,auto,
Ambaśt́ha,3,Ambashtha,,auto,
Ambiká-Kalna,3,Ambikaa-Kalna,,auto,
Aḿshuk-sama,3,Amshuk-sama,,auto,
anabhijiṋa,3,anabhijnyaa,,auto,
anantamúla,3,anantamoola,,auto,
Ananyormamatá,3,Ananyormamataa,,auto,
anáthinii,3,anaathinii,,auto,
anavadhána,3,anavadhaana,,auto,
anavadhánatá,3,anavadhaanataa,,auto,
ándáj,3,aandaaj,,auto,
áńd́i,3,aańdi,,auto,
ánilá,3,aanilaa,,auto,
ánttá,3,aanttaa,,auto,
aokśaka,3,aokshaaka,,auto,
Aorńa,3,Aorńa,,auto,
ápa,3,aapa,,auto,
Ápah,3,aapah,,auto,
ápana,3,aapana,,auto,
apára,3,apaara,,auto,
aparágati,3,aparaagati,,auto,
ápekśikam,3,aapekshaikam,,auto,
apratyakśa,3,apratyakshaa,,auto,
Árádhaná,3,aaraadhanaa,,auto,
áŕambara,3,aaŕambara,,auto,
árańyak,3,aarańyak,,auto,
árańyaka,3,aarańyaka,,auto,
árcaná,3,aarchanaa,,auto,
árśa,3,aarsha,,auto,
árshii,3,aarshii,,auto,
Áryańyavraja,3,aaryańyavraja,,auto,
ásal,3,aasal,,auto,
áśáŕe,3,aashaaŕe,,auto,
áshávádii,3,aashaavaadii,,auto,
ashokakśiira,3,ashokakshaiira,,auto,
áshramii,3,aashramii,,auto,
áshvina,3,aashvina,,auto,
Aśt́apásha,3,Ashtapaasha,,auto,
Aśt́háná,3,Ashthaanaa,,auto,
át́á,3,aataa,,auto,
átas,3,aatas,,auto,
áte,3,aate,,auto,
at́ha,3,atha,,auto,
át́hi,3,aathi,,auto,
Átimánas,3,aatimaanas,,auto,
Atipátála,3,Atipaataala,,auto,
Atisukaváda,3,Atisukavaada,,auto,
Át́ká,3,aatkaa,,auto,
át́káno,3,aatkaano,,auto,
átmakáni,3,aatmakaani,,auto,
átmanedpadii,3,aatmanedpadii,,auto,
attá,3,attaa,,auto,
At́t́a,3,Atta,,auto,
attánaḿ,3,attaanam,,auto,
áttis,3,aattis,,auto,
atyatiśt́ha,3,atyatishtha,,auto,
atyatist́haddasháḿgulam,3,atyatisthaddashaamgulam,,auto,
Atyatiśt́haddasháḿgulam,3,Atyatishthaddashaamgulam,,auto,
Aungirá,3,Aungiraa,,auto,
auṋkashástra,3,auṋkashaastra,,auto,
avajiṋáta,3,avajnyaaata,,auto,
avakśaya,3,avakshaaya,,auto,
avamánaná,3,avamaananaa,,auto,
Avasthá,3,Avasthaa,,auto,
áviir,3,aaviir,,auto,
Ávrttih,3,aavrttih,,auto,
áyátah,3,aayaatah,,auto,
bábu,3,baabu,,auto,
bádár,3,baadaar,,auto,
bádhati,3,baadhati,,auto,
Bágdiis,3,Baagdiis,,auto,
Bágŕi,3,Baagŕi,,auto,
bahed́a,3,baheda,,auto,
Bahudhá,3,Bahudhaa,,auto,
Bákhelkhańd́a,3,Baakhelkhańda,,auto,
bakśer,3,bakshaer,,auto,
Bálá,3,Baalaa,,auto,
Báḿáliir,3,Baamaaliir,,auto,
Baḿga-Dabák,3,Bamga-Dabaak,,auto,
banáot́i,3,banaaoti,,auto,
Bandyopádhyáya,3,Bandyopaadhyaaya,,auto,
báni,3,baani,,auto,
bańii,3,bańii,,auto,
Barábar,3,Baraabar,,auto,
báŕi,3,baaŕi,,auto,
Báripadá,3,Baaripadaa,,auto,
báŕiyá,3,baaŕiyaa,,auto,
baŕuá,3,baŕuaa,,auto,
bat́akaraka,3,batakaraka,,auto,
bat́ásá,3,bataasaa,,auto,
Báthán,3,Baathaan,,auto,
bátulatá,3,baatulataa,,auto,
Bauṋgál,3,Bauṋgaal,,auto,
bedáná's,3,bedaanaa's,,auto,
belá,3,belaa,,auto,
Belgáchiyá,3,Belgaachiyaa,,auto,
Bhágirathi,3,Bhaagirathi,,auto,
bhállá,3,bhaallaa,,auto,
Bharadváj,3,Bharadvaaj,,auto,
Bharatá,3,Bharataa,,auto,
Bháratvarsa,3,Bhaaratvarsa,,auto,
bhás,3,bhaas,,auto,
Bhát,3,Bhaat,,auto,
bhátke,3,bhaatke,,auto,
Bhat́t́anagar,3,Bhattanagar,,auto,
bhávádhikarańa,3,bhaavaadhikarańa,,auto,
bhávajad́atá,3,bhaavajadataa,,auto,
Bhávárúrhártha,3,Bhaavaaroorhaartha,,auto,
Bháver,3,Bhaaver,,auto,
bhereńd́a,3,bhereńda,,auto,
bhrátar,3,bhraatar,,auto,
bhunjiithá,3,bhunjiithaa,,auto,
bhúra,3,bhoora,,auto,
bhúrbhuvah-svah,3,bhoorbhuvah-svah,,auto,
bhútáńi,3,bhootaańi,,auto,
Biirhoŕas,3,Biirhoŕas,,auto,
biláti,3,bilaati,,auto,
Bimbisára,3,Bimbisaara,,auto,
Biná,3,Binaa,,auto,
Boŕokáliitalá,3,Boŕokaaliitalaa,,auto,
Brahma-sútra,3,Brahma-sootra,,auto,
Brahmajiṋáni,3,Brahmajnyaaani,,auto,
Brahmáńdá,3,Brahmaańdaa,,auto,
Brahmarśidesh,3,Brahmarshidesh,,auto,
brahmástra,3,brahmaastra,,auto,
Bráhminic,3,Braahminic,,auto,
Brajabhásá,3,Brajabhaasaa,,auto,
Bunddkháńd́ii,3,Bunddkhaańdii,,auto,
Bundelkhańd́a,3,Bundelkhańda,,auto,
buŕá,3,buŕaa,,auto,
Buŕigańdaka,3,Buŕigańdaka,,auto,
cá-t́á,3,chaa-taa,,auto,
cáhiye,3,chaahiye,,auto,
cáite,3,chaaite,,auto,
Cákma's,3,Chaakma's,,auto,
Cákmas,3,Chaakmas,,auto,
cakśe,3,chakshae,,auto,
cákśuśa,3,chaakshausha,,auto,
cákśuśii,3,chaakshaushii,,auto,
caltá,3,chaltaa,,auto,
caltiiyá,3,chaltiiyaa,,auto,
cámár,3,chaamaar,,auto,
Camparań,3,Camparań,,auto,
Campárańya,3,Champaarańya,,auto,
cánd,3,chaand,,auto,
Cańd́a,3,Chańda,,auto,
cańd́iipáth,3,chańdiipaath,,auto,
cánpá,3,chaanpaa,,auto,
Cáoná,3,Chaaonaa,,auto,
caŕaka,3,chaŕaka,,auto,
cári,3,chaari,,auto,
Caritámrta,3,Charitaamrta,,auto,
Caryápadas,3,Charyaapadas,,auto,
cáśá,3,chaashaa,,auto,
cat́i,3,chati,,auto,
caturbhujá,3,chaturbhujaa,,auto,
cáur,3,chaaur,,auto,
chámal,3,chaamal,,auto,
cháni,3,chaani,,auto,
Charmánvatii,3,Charmaanvatii,,auto,
cháser,3,chaaser,,auto,
Chattrisgaŕhii,3,Chattrisgaŕhii,,auto,
chúŕá,3,chooŕaa,,auto,
churiká,3,churikaa,,auto,
Ciruńii,3,Ciruńii,,auto,
cittáńvika,3,chittaańvika,,auto,
cittát,3,chittaat,,auto,
Cokht́á,3,Chokhtaa,,auto,
cokśe,3,chokshae,,auto,
colá,3,cholaa,,auto,
cuhá,3,chuhaa,,auto,
cuncuŕá,3,chunchuŕaa,,auto,
d́áb,3,daab,,auto,
dác,3,daac,,auto,
DÁDÁ,3,DaaDaa,,auto,
dádá's,3,daadaa's,,auto,
D́áhá,3,Daahaa,,auto,
d́áktár,3,daaktaar,,auto,
dálán,3,daalaan,,auto,
d́álpurii,3,daalpurii,,auto,
d́ambaru,3,dambaru,,auto,
damo'steyaḿ,3,damo'steyam,,auto,
Dánam,3,Daanam,,auto,
dánaḿ,3,daanam,,auto,
dańd́apalguli,3,dańdapalguli,,auto,
dápańa,3,daapańa,,auto,
daráj,3,daraaj,,auto,
darájdast,3,daraajdast,,auto,
darájdasta,3,daraajdasta,,auto,
dardálán,3,dardaalaan,,auto,
darkár,3,darkaar,,auto,
dáru,3,daaru,,auto,
dásohasmyaham,3,daasohasmyaham,,auto,
dastábej,3,dastaabej,,auto,
dastidár,3,dastidaar,,auto,
Dattadeŕet́an,3,Dattadeŕetan,,auto,
D́áuṋgálpáŕá,3,Daauṋgaalpaaŕaa,,auto,
Dayá,3,Dayaa,,auto,
d́ekci,3,dekchi,,auto,
Devásuraeryuddhakále,3,Devaasuraeryuddhakaale,,auto,
Dhá,3,Dhaa,,auto,
Dhamá,3,Dhamaa,,auto,
dhámas,3,dhaamas,,auto,
Dhanekháli,3,Dhanekhaali,,auto,
Dharmamauṋgal,3,Dharmamauṋgal,,auto,
Dharmarája,3,Dharmaraaja,,auto,
Dharmarájtalá,3,Dharmaraajtalaa,,auto,
Dharmat́hákur,3,Dharmathaakur,,auto,
DHÁRMIKA,3,DHaaRMIKA,,auto,
Dhátu,3,Dhaatu,,auto,
d́hibi,3,dhibi,,auto,
d́holak,3,dholak,,auto,
dhúli,3,dhooli,,auto,
Dhyánakriyá,3,Dhyaanakriyaa,,auto,
Digvásá,3,Digvaasaa,,auto,
d́ihi-d́ihá,3,dihi-dihaa,,auto,
diikśádána,3,diikshaaadaana,,auto,
diipajiṋánam,3,diipajnyaaanam,,auto,
Diipávalii,3,Diipaavalii,,auto,
Diipiká,3,Diipikaa,,auto,
diḿle,3,dimle,,auto,
dinán,3,dinaan,,auto,
dirá,3,diraa,,auto,
Divyácára,3,Divyaachaara,,auto,
D́oman's,3,Doman's,,auto,
drámil,3,draamil,,auto,
dravyaguńa,3,dravyaguńa,,auto,
d́rń,3,drń,,auto,
Duhitá,3,Duhitaa,,auto,
Duhshásana,3,Duhshaasana,,auto,
duniyáká,3,duniyaakaa,,auto,
Durácárii,3,Duraachaarii,,auto,
durjanasauṋga,3,durjanasauṋga,,auto,
duyár,3,duyaar,,auto,
Dvarabhauṋga,3,Dvarabhauṋga,,auto,
Dvárakeshvara,3,Dvaarakeshvara,,auto,
dvidhádvandva,3,dvidhaadvandva,,auto,
ed́invará,3,edinvaraa,,auto,
ekánkiká,3,ekaankikaa,,auto,
ekasharańa,3,ekasharańa,,auto,
ekatá,3,ekataa,,auto,
ekatárá,3,ekataaraa,,auto,
ekvár,3,ekvaar,,auto,
enŕi,3,enŕi,,auto,
eŕi,3,eŕi,,auto,
gáchiyá,3,gaachiyaa,,auto,
gáchmaric,3,gaachmaric,,auto,
gahapuruśas,3,gahapurushas,,auto,
gáhe,3,gaahe,,auto,
galagańd́a,3,galagańda,,auto,
gálicá,3,gaalichaa,,auto,
Gańdákii,3,Gańdaakii,,auto,
Gandhápakarśaka,3,Gandhaapakarshaka,,auto,
gandhapisháca,3,gandhapishaacha,,auto,
Ganges-Náráyańii,3,Ganges-Naaraayańii,,auto,
ganná,3,gannaa,,auto,
gáo,3,gaao,,auto,
Gaod́a,3,Gaoda,,auto,
Garánhát́á,3,Garaanhaataa,,auto,
Gáŕhowalii,3,Gaaŕhowalii,,auto,
Gárjana,3,Gaarjana,,auto,
Garvitádánavagarvakharvákrti,3,Garvitaadaanavagarvakharvaakrti,,auto,
gátra,3,gaatra,,auto,
Gáunguŕa,3,Gaaunguŕa,,auto,
gavakśa,3,gavakshaa,,auto,
gayá,3,gayaa,,auto,
gáyaka,3,gaayaka,,auto,
gáyakii,3,gaayakii,,auto,
Gáyante,3,Gaayante,,auto,
Gayásura's,3,Gayaasura's,,auto,
geláh,3,gelaah,,auto,
ghá,3,ghaa,,auto,
ghańt́áy,3,ghańtaay,,auto,
ghát́e,3,ghaate,,auto,
ghat́i,3,ghati,,auto,
Ghurńii,3,Ghurńii,,auto,
gimá,3,gimaa,,auto,
ginán,3,ginaan,,auto,
girimáti,3,girimaati,,auto,
Godávarii,3,Godaavarii,,auto,
godhá,3,godhaa,,auto,
godhiká,3,godhikaa,,auto,
Golábáŕi,3,Golaabaaŕi,,auto,
grámya,3,graamya,,auto,
gud́a,3,guda,,auto,
Guiṋjari,3,Guiṋjari,,auto,
Gujárati,3,Gujaarati,,auto,
gulábi,3,gulaabi,,auto,
guńam,3,guńam,,auto,
Guńaranjiṋa,3,Guńaranjnyaa,,auto,
Guńayantraka,3,Guńayantraka,,auto,
Guŕ,3,Guŕ,,auto,
guŕi,3,guŕi,,auto,
Guŕotpanna,3,Guŕotpanna,,auto,
Gurusharańa,3,Gurusharańa,,auto,
Gurusmarańa,3,Gurusmarańa,,auto,
gyán,3,gyaan,,auto,
hábá,3,haabaa,,auto,
Hábebhábe,3,Haabebhaabe,,auto,
Háma,3,Haama,,auto,
hamráhii,3,hamraahii,,auto,
Haḿso,3,Hamso,,auto,
háṋi,3,haaṋi,,auto,
hánsche,3,haansche,,auto,
Hanumán,3,Hanumaan,,auto,
Hari-Harátmaka,3,Hari-Haraatmaka,,auto,
Hariharkśetra,3,Hariharkshaetra,,auto,
Haritdhánya,3,Haritdhaanya,,auto,
Hariyáná,3,Hariyaanaa,,auto,
hásati,3,haasati,,auto,
Hastiigráma,3,Hastiigraama,,auto,
Hat́hena,3,Hathena,,auto,
Hát́kholá,3,Haatkholaa,,auto,
házif,3,haazif,,auto,
hentál,3,hentaal,,auto,
Hentálii,3,Hentaalii,,auto,
hiinapráń,3,hiinapraań,,auto,
Hiḿlo,3,Himlo,,auto,
Hiuṋgulá,3,Hiuṋgulaa,,auto,
homá,3,homaa,,auto,
Hotá,3,Hotaa,,auto,
Hrdayákásha,3,Hrdayaakaasha,,auto,
Hyáy,3,Hyaay,,auto,
Iikś,3,Iiksha,,auto,
Iikśańa,3,Iikshaańa,,auto,
Iikśańaka,3,Iikshaańaka,,auto,
iikśańiká,3,iikshaańikaa,,auto,
iká,3,ikaa,,auto,
ikái,3,ikaai,,auto,
Ikśváku's,3,Ikshavaaku's,,auto,
ilá,3,ilaa,,auto,
ilábilá,3,ilaabilaa,,auto,
Indrahása,3,Indrahaasa,,auto,
indrakúpam,3,indrakoopam,,auto,
Iráńaveja,3,Iraańaveja,,auto,
Irávat,3,Iraavat,,auto,
Ishán,3,Ishaan,,auto,
Iśva,3,Ishva,,auto,
itarámi,3,itaraami,,auto,
Itihásati,3,Itihaasati,,auto,
iuṋg,3,iuṋg,,auto,
iyár,3,iyaar,,auto,
jába,3,jaaba,,auto,
jacchámi,3,jacchaami,,auto,
jádá,3,jaadaa,,auto,
jad́ábuddi,3,jadaabuddi,,auto,
jádugarer,3,jaadugarer,,auto,
jagatkarttr-pátr,3,jagatkarttr-paatr,,auto,
jáhátá,3,jaahaataa,,auto,
jal-t́al,3,jal-tal,,auto,
Jálandhara,3,Jaalandhara,,auto,
jalaoká,3,jalaokaa,,auto,
jaloká,3,jalokaa,,auto,
Jámá,3,Jaamaa,,auto,
jambushilá,3,jambushilaa,,auto,
jámir,3,jaamir,,auto,
jámun,3,jaamun,,auto,
janagośt́hiis,3,janagoshthiis,,auto,
jándrel,3,jaandrel,,auto,
jáṋi,3,jaaṋi,,auto,
Járnál,3,Jaarnaal,,auto,
járul,3,jaarul,,auto,
játakarma,3,jaatakarma,,auto,
jelepáŕá,3,jelepaaŕaa,,auto,
jharńa,3,jharńa,,auto,
jiirńa,3,jiirńa,,auto,
JIIVABHÁVA,3,JIIVABHaaVA,,auto,
jiivántika,3,jiivaantika,,auto,
jiṋán,3,jnyaaan,,auto,
jiṋána-kriyá,3,jnyaaana-kriyaa,,auto,
jiṋánaja,3,jnyaaanaja,,auto,
Jiṋánamúrttim,3,Jnyaaanamoorttim,,auto,
Jiṋánasyáya,3,Jnyaaanasyaaya,,auto,
jugupśa,3,jugupsha,,auto,
Jyotsná-snáta,3,Jyotsnaa-snaata,,auto,
ká'r,3,kaa'r,,auto,
kábáb,3,kaabaab,,auto,
kábuli,3,kaabuli,,auto,
káchá,3,kaachaa,,auto,
káchári,3,kaachaari,,auto,
kadmoṋká,3,kadmomkaa,,auto,
kaháni,3,kahaani,,auto,
kahánii,3,kahaanii,,auto,
Kaiṋcan,3,Kaiṋchan,,auto,
kákári,3,kaakaari,,auto,
Kákarúhá,3,Kaakaroohaa,,auto,
Kákulam,3,Kaakulam,,auto,
KALÁ,3,KALaa,,auto,
Kalábao,3,Kalaabao,,auto,
Kalashreśt́ha,3,Kalashreshtha,,auto,
kalauṋkakárii,3,kalauṋkakaarii,,auto,
Káli,3,Kaali,,auto,
Káligaiṋja,3,Kaaligaiṋja,,auto,
Kalikátá,3,Kalikaataa,,auto,
Káliyácak,3,Kaaliyaachak,,auto,
kálo,3,kaalo,,auto,
Kalyáńa,3,Kalyaańa,,auto,
Kaḿ,3,Kam,,auto,
kámaná,3,kaamanaa,,auto,
kámat́a,3,kaamata,,auto,
kámat́as,3,kaamatas,,auto,
kaḿkaná,3,kamkanaa,,auto,
Kaḿsári,3,Kamsaari,,auto,
kańaka,3,kańaka,,auto,
káṋcakalá,3,kaaṋchakalaa,,auto,
kánckalá,3,kaanckalaa,,auto,
kańd́a,3,kańda,,auto,
kandha-kát́á,3,kandha-kaataa,,auto,
káńe,3,kaańe,,auto,
kánsá,3,kaansaa,,auto,
káṋsá,3,kaaṋsaa,,auto,
kańt́hashilpii,3,kańthashilpii,,auto,
Kánya,3,Kaanya,,auto,
Kaoravapakśiiya,3,Kaoravapakshaiiya,,auto,
kapáŕ,3,kapaaŕ,,auto,
kápaŕ,3,kaapaŕ,,auto,
kapotákśa,3,kapotaakshaa,,auto,
kápŕa,3,kaapŕa,,auto,
karáishunt́i,3,karaaishunti,,auto,
Kárańábhávat,3,Kaarańaabhaavat,,auto,
kárańasamagryaḿ,3,kaarańasamagryam,,auto,
karatá,3,karataa,,auto,
karcariká,3,karcharikaa,,auto,
kaŕiibaŕii,3,kaŕiibaŕii,,auto,
karmádhyakśa,3,karmaadhyakshaa,,auto,
karmmaná,3,karmmanaa,,auto,
karńapat́t́a,3,karńapatta,,auto,
Karpat́a,3,Karpata,,auto,
karpat́in,3,karpatin,,auto,
karttárikii,3,karttaarikii,,auto,
kaśa,3,kasha,,auto,
kasbá,3,kasbaa,,auto,
kásh,3,kaash,,auto,
káshmiir,3,kaashmiir,,auto,
Káshmiir,3,Kaashmiir,,auto,
kaśta,3,kashta,,auto,
kaśt́á,3,kashtaa,,auto,
kástá,3,kaastaa,,auto,
kát́,3,kaat,,auto,
katá,3,kataa,,auto,
kat́ugandhabiija,3,katugandhabiija,,auto,
Kaunkálamálinii,3,Kaunkaalamaalinii,,auto,
káunkśe,3,kaaunkshae,,auto,
kaviná,3,kavinaa,,auto,
kelá,3,kelaa,,auto,
keleuṋkárii,3,keleuṋkaarii,,auto,
Keraikelá,3,Keraikelaa,,auto,
khál,3,khaal,,auto,
khamá,3,khamaa,,auto,
khánŕa,3,khaanŕa,,auto,
Kharáhivalii,3,Kharaahivalii,,auto,
Khaŕgapur,3,Khaŕgapur,,auto,
Khaŕibáŕi,3,Khaŕibaaŕi,,auto,
kháŕii,3,khaaŕii,,auto,
Kharpará,3,Kharparaa,,auto,
kheyá,3,kheyaa,,auto,
khiliyán,3,khiliyaan,,auto,
khokámi,3,khokaami,,auto,
khuŕá,3,khuŕaa,,auto,
kinnaravidyá,3,kinnaravidyaa,,auto,
Kleshakarmavipákásháyaeraparámrśt́ah,3,Kleshakarmavipaakaashaayaeraparaamrshtah,,auto,
Kliśt́a,3,Klishta,,auto,
Kraoiṋcadviipii,3,Kraoiṋchadviipii,,auto,
kŕśńa,3,kŕshńa,,auto,
Krśna's,3,Krshna's,,auto,
Krśńacandra,3,Krshńachandra,,auto,
Krśńadhan,3,Krshńadhan,,auto,
krtátman,3,krtaatman,,auto,
Krttivás,3,Krttivaas,,auto,
Kśańá's,3,kshaańaa's,,auto,
kulakúńdalinii,3,kulakoońdalinii,,auto,
kúlam,3,koolam,,auto,
Kumáráyańa's,3,Kumaaraayańa's,,auto,
Kumáyanii,3,Kumaayanii,,auto,
kúpa,3,koopa,,auto,
kurauṋga,3,kurauṋga,,auto,
kurauṋgama,3,kurauṋgama,,auto,
kurú,3,kuroo,,auto,
KURUKŚETRA,3,KURUkshaETRA,,auto,
Kuśt́hiyá,3,Kushthiyaa,,auto,
Kut́iilá,3,Kutiilaa,,auto,
Kutsá,3,Kutsaa,,auto,
kúyo,3,kooyo,,auto,
Kyá,3,Kyaa,,auto,
Laddáki,3,Laddaaki,,auto,
láj,3,laaj,,auto,
Lakśmiinátha,3,Lakshamiinaatha,,auto,
lambá,3,lambaa,,auto,
Láńd́án,3,Laańdaan,,auto,
láph,3,laaph,,auto,
laŕkápan,3,laŕkaapan,,auto,
lat́,3,lat,,auto,
lát́hi,3,laathi,,auto,
lat́kan,3,latkan,,auto,
láungula,3,laaungula,,auto,
lavańa,3,lavańa,,auto,
láyás,3,laayaas,,auto,
liilabháva,3,liilabhaava,,auto,
Lusái,3,Lusaai,,auto,
lyáj,3,lyaaj,,auto,
má-má-má,3,maa-maa-maa,,auto,
Madálasollápam,3,Madaalasollaapam,,auto,
madhupán,3,madhupaan,,auto,
madirá,3,madiraa,,auto,
Maenáka,3,Maenaaka,,auto,
Mágrdhah,3,Maagrdhah,,auto,
mahadádi,3,mahadaadi,,auto,
mahadahaḿcittáni,3,mahadahamchittaani,,auto,
Mahámaggali,3,Mahaamaggali,,auto,
Mahámaodgalii,3,Mahaamaodgalii,,auto,
Mahánandá,3,Mahaanandaa,,auto,
MAHÁPURUŚA,3,MAHaaPURUŚA,,auto,
mahárájas,3,mahaaraajas,,auto,
Mahásadvipra,3,Mahaasadvipra,,auto,
Mahásukhaváda,3,Mahaasukhavaada,,auto,
mahávyáhrti,3,mahaavyaahrti,,auto,
mahuá,3,mahuaa,,auto,
Mái,3,Maai,,auto,
mákhána,3,maakhaana,,auto,
Máladhra,3,Maaladhra,,auto,
Máládhra,3,Maalaadhra,,auto,
Málava,3,Maalava,,auto,
Máḿse,3,Maamse,,auto,
mámuddharah,3,maamuddharah,,auto,
mánadeyam,3,maanadeyam,,auto,
mánavaka,3,maanavaka,,auto,
Mánaver,3,Maanaver,,auto,
Mańd́al,3,Mańdal,,auto,
mańihára,3,mańihaara,,auto,
mansavdár,3,mansavdaar,,auto,
mant́á,3,mantaa,,auto,
Mará,3,Maraa,,auto,
Márát́hii,3,Maaraathii,,auto,
Máŕiici,3,Maaŕiichi,,auto,
máriigut́iká,3,maariigutikaa,,auto,
Máŕoyárii,3,Maaŕoyaarii,,auto,
masalá,3,masalaa,,auto,
másháinjoŕ,3,maashaainjoŕ,,auto,
máta,3,maata,,auto,
mátar,3,maatar,,auto,
mathiyá,3,mathiyaa,,auto,
Máthura,3,Maathura,,auto,
mátr,3,maatr,,auto,
matsyamudrá,3,matsyamudraa,,auto,
máuṋgá,3,maauṋgaa,,auto,
mauṋgala,3,mauṋgala,,auto,
mauṋgalam,3,mauṋgalam,,auto,
ḿayá,3,mayaa,,auto,
Maynámati,3,Maynaamati,,auto,
mayúr,3,mayoor,,auto,
mayúrásana,3,mayooraasana,,auto,
miit́há,3,miithaa,,auto,
mohanidráḿ,3,mohanidraam,,auto,
Motihári,3,Motihaari,,auto,
Múd́ha,3,Moodha,,auto,
múh,3,mooh,,auto,
muhallá,3,muhallaa,,auto,
muktá-kavara,3,muktaa-kavara,,auto,
múltáni,3,mooltaani,,auto,
Mumbái,3,Mumbaai,,auto,
Muńd́akopaniśad,3,Muńdakopanishad,,auto,
múrdha,3,moordha,,auto,
musháfir,3,mushaafir,,auto,
ná-bale,3,naa-bale,,auto,
ná-kaye,3,naa-kaye,,auto,
náca,3,naacha,,auto,
nácaduyár,3,naachaduyaar,,auto,
nádhirohati,3,naadhirohati,,auto,
Naeśt́hika,3,Naeshthika,,auto,
nágdoná,3,naagdonaa,,auto,
nákhay,3,naakhay,,auto,
náki,3,naaki,,auto,
nakúlah,3,nakoolah,,auto,
nálikera,3,naalikera,,auto,
namaskár,3,namaskaar,,auto,
Namo'dvaetatattváya,3,Namo'dvaetatattvaaya,,auto,
nánanda,3,naananda,,auto,
Nandankelá,3,Nandankelaa,,auto,
nánrtam,3,naanrtam,,auto,
náráuṋgii,3,naaraauṋgii,,auto,
náráyańa,3,naaraayańa,,auto,
Naráyánii,3,Naraayaanii,,auto,
nárikela,3,naarikela,,auto,
nárkol,3,naarkol,,auto,
naŕu,3,naŕu,,auto,
násá,3,naasaa,,auto,
nat́e,3,nate,,auto,
Navánna,3,Navaanna,,auto,
Nayá,3,Nayaa,,auto,
neuṋgun,3,neuṋgun,,auto,
niilgái,3,niilgaai,,auto,
nirábhásam,3,niraabhaasam,,auto,
Niriishvara-Sáḿkhya,3,Niriishvara-Saamkhya,,auto,
nisheśajádyapahá,3,nisheshajaadyapahaa,,auto,
Nuyávasán,3,Nuyaavasaan,,auto,
nyáj,3,nyaaj,,auto,
nyásin,3,nyaasin,,auto,
olandáj,3,olandaaj,,auto,
Omá,3,Omaa,,auto,
oṋm-sound,3,omm-sound,,auto,
Oṋḿkárá,3,ommkaaraa,,auto,
Oriento-Demi-Mágadhii,3,Oriento-Demi-Maagadhii,,auto,
Oriento-Demi-Málavii,3,Oriento-Demi-Maalavii,,auto,
oŕiyá,3,oŕiyaa,,auto,
ośt́ha,3,oshtha,,auto,
Ot́á,3,Otaa,,auto,
pá-pirás,3,paa-piraas,,auto,
Páchundi,3,Paachundi,,auto,
Padágháte,3,Padaaghaate,,auto,
padahastásana,3,padahastaasana,,auto,
padánta,3,padaanta,,auto,
padártha,3,padaartha,,auto,
paddá,3,paddaa,,auto,
padmarága-kavara,3,padmaraaga-kavara,,auto,
Paeshácika,3,Paeshaachika,,auto,
pagár,3,pagaar,,auto,
páháŕ,3,paahaaŕ,,auto,
páin,3,paain,,auto,
Paiṋcadasha,3,Paiṋchadasha,,auto,
Paiṋcagaorh,3,Paiṋchagaorh,,auto,
Páiṋcajanya,3,Paaiṋchajanya,,auto,
Paiṋcakosá,3,Paiṋchakosaa,,auto,
pála,3,paala,,auto,
pálaḿ,3,paalam,,auto,
Pálaun,3,Paalaun,,auto,
pálayati,3,paalayati,,auto,
pampośa,3,pamposha,,auto,
Páńdupakśiiya,3,Paańdupakshaiiya,,auto,
Páńi,3,Paańi,,auto,
páoṋ,3,paaom,,auto,
pápánii,3,paapaanii,,auto,
pápaŕ,3,paapaŕ,,auto,
parajiṋána,3,parajnyaaana,,auto,
parampremarúpá,3,parampremaroopaa,,auto,
parapiidanaḿ,3,parapiidanam,,auto,
Parashuráma,3,Parashuraama,,auto,
paŕatá,3,paŕataa,,auto,
PARÁVIDYÁ,3,PARaaVIDYaa,,auto,
párbe,3,paarbe,,auto,
pardá,3,pardaa,,auto,
paŕelá,3,paŕelaa,,auto,
Pareshnáth,3,Pareshnaath,,auto,
párijáta,3,paarijaata,,auto,
parimáp,3,parimaap,,auto,
Parińáma,3,Parińaama,,auto,
Paritránáya,3,Paritraanaaya,,auto,
parivyathá,3,parivyathaa,,auto,
Paŕńashavarii,3,Paŕńashavarii,,auto,
parot́as,3,parotas,,auto,
paŕpaŕ,3,paŕpaŕ,,auto,
párthiva,3,paarthiva,,auto,
pásháḿkush-sharacápa-,3,paashaamkush-sharachaapa-,,auto,
páshcáttya,3,paashchaattya,,auto,
pashchimá,3,pashchimaa,,auto,
Páshupat,3,Paashupat,,auto,
pashvácár,3,pashvaachaar,,auto,
Pashvácára,3,Pashvaachaara,,auto,
pát́a,3,paata,,auto,
PÁTAKA,3,PaaTAKA,,auto,
Pátála,3,Paataala,,auto,
Pat́aliiputra,3,Pataliiputra,,auto,
pát́anii,3,paatanii,,auto,
pathapránte,3,pathapraante,,auto,
páthar,3,paathar,,auto,
páthayati,3,paathayati,,auto,
pat́ibandhan,3,patibandhan,,auto,
Pát́ńá,3,Paatńaa,,auto,
Pat́uyákháli,3,Patuyaakhaali,,auto,
Penŕo,3,Penŕo,,auto,
peŕá,3,peŕaa,,auto,
Pháguá,3,Phaaguaa,,auto,
phál,3,phaal,,auto,
phánd,3,phaand,,auto,
Pháras,3,Phaaras,,auto,
phat́phat́áni,3,phatphataani,,auto,
phiráio,3,phiraaio,,auto,
piaú,3,piaoo,,auto,
pińd́i,3,pińdi,,auto,
piyá,3,piyaa,,auto,
pluśińa,3,plushińa,,auto,
post-kśatriya,3,post-kshaatriya,,auto,
Prabalapátakiikula,3,Prabalapaatakiikula,,auto,
Prabhát,3,Prabhaat,,auto,
Prabhuliilá,3,Prabhuliilaa,,auto,
pradośe,3,pradoshe,,auto,
praharttrḿ,3,praharttrm,,auto,
Prahláda,3,Prahlaada,,auto,
Prajiṋa,3,Prajnyaa,,auto,
Prájiṋá,3,Praajnyaaa,,auto,
prákámya,3,praakaamya,,auto,
Prákrta-derived,3,Praakrta-derived,,auto,
Prákrtabháva,3,Praakrtabhaava,,auto,
Pramá-rddhi,3,Pramaa-rddhi,,auto,
PRÁŃÁH,3,PRaaŃaaH,,auto,
práńakendra,3,praańakendra,,auto,
Prańám,3,Prańaam,,auto,
prańama,3,prańama,,auto,
Práńatosá,3,Praańatosaa,,auto,
prańavaḿ,3,prańavam,,auto,
Pranidhána,3,Pranidhaana,,auto,
prapattivádii,3,prapattivaadii,,auto,
prasaḿkhyána,3,prasamkhyaana,,auto,
prati-saḿvedana,3,prati-samvedana,,auto,
Pratyágátmá,3,Pratyaagaatmaa,,auto,
PRATYÁHÁRA,3,PRATYaaHaaRA,,auto,
právrt́,3,praavrt,,auto,
prayáta,3,prayaata,,auto,
Pujá,3,Pujaa,,auto,
Puraśi,3,Purashi,,auto,
Purodhás,3,Purodhaas,,auto,
PURUŚADEHA,3,PURUŚADEHA,,auto,
purúsaḿ,3,puroosam,,auto,
Púrvvohajátah,3,Poorvvohajaatah,,auto,
putiká,3,putikaa,,auto,
Rádhikápur,3,Raadhikaapur,,auto,
Rágamishrá,3,Raagamishraa,,auto,
rágińiis,3,raagińiis,,auto,
Ráhr,3,Raahr,,auto,
ráiveshe,3,raaiveshe,,auto,
Rájagir,3,Raajagir,,auto,
Rájagrha,3,Raajagrha,,auto,
Rájánukúl,3,Raajaanukool,,auto,
rájas,3,raajas,,auto,
Rájashekhar,3,Raajashekhar,,auto,
rájata,3,raajata,,auto,
Rájyashrii,3,Raajyashrii,,auto,
Rájyavarddhana's,3,Raajyavarddhana's,,auto,
rákhis,3,raakhis,,auto,
Raktadantiká,3,Raktadantikaa,,auto,
Rám',3,Raam',,auto,
rámáyate,3,raamaayate,,auto,
Rámbábu,3,Raambaabu,,auto,
Raḿpurii,3,Rampurii,,auto,
rańa,3,rańa,,auto,
Ráńiibándh,3,Raańiibaandh,,auto,
Rańj,3,Rańj,,auto,
ráŕh,3,raaŕh,,auto,
ráŕhá,3,raaŕhaa,,auto,
ráŕho,3,raaŕho,,auto,
reśa,3,resha,,auto,
riśtá,3,rishtaa,,auto,
roŕe,3,roŕe,,auto,
rot́iká,3,rotikaa,,auto,
royedát,3,royedaat,,auto,
rśyá,3,rshyaa,,auto,
rudratá,3,rudrataa,,auto,
rúh,3,rooh,,auto,
ruńásamá-ujjvalá-ungabhá,3,ruńaasamaa-ujjvalaa-ungabhaa,,auto,
ś,3,sh,,auto,
Sabhá,3,Sabhaa,,auto,
Śad́ánana,3,Śadaanana,,auto,
Sádhak,3,Saadhak,,auto,
sádhákas,3,saadhaakas,,auto,
Sadvidhánaḿ,3,Sadvidhaanam,,auto,
ságar,3,saagar,,auto,
sáhas,3,saahas,,auto,
Sahasarám,3,Sahasaraam,,auto,
Sahasrarabáhu,3,Sahasrarabaahu,,auto,
sáhu,3,saahu,,auto,
saiṋcaya,3,saiṋchaya,,auto,
samájamitrams,3,samaajamitrams,,auto,
Samanágena,3,Samanaagena,,auto,
Samaplushiná,3,Samaplushinaa,,auto,
samiikśá,3,samiikshaaa,,auto,
sampramośa,3,sampramosha,,auto,
saḿreje,3,samreje,,auto,
SAḾSÁRA,3,SAḾSaaRA,,auto,
Samśkara,3,Samshkara,,auto,
Sandeshkháli,3,Sandeshkhaali,,auto,
Sańskrta,3,Sańskrta,,auto,
santanivátmánám,3,santanivaatmaanaam,,auto,
Saptagrám,3,Saptagraam,,auto,
sár,3,saar,,auto,
śaŕaja,3,shaŕaja,,auto,
Sárupya,3,Saarupya,,auto,
Sarvadyotanátmakah,3,Sarvadyotanaatmakah,,auto,
sarvarúpavináshinnanirdeshya,3,sarvaroopavinaashinnanirdeshya,,auto,
Sarvasvánta,3,Sarvasvaanta,,auto,
Sarvendriyágamyasatya,3,Sarvendriyaagamyasatya,,auto,
Sarvesám,3,Sarvesaam,,auto,
Saśthaiṋca,3,Sashthaiṋcha,,auto,
sáth,3,saath,,auto,
Sátkśiirá,3,Saatkshaiiraa,,auto,
SATTVAGUŃA,3,SATTVAGUŃA,,auto,
sáu,3,saau,,auto,
Sauṋga,3,Sauṋga,,auto,
Sauṋkoca,3,Sauṋkocha,,auto,
setár,3,setaar,,auto,
shadá,3,shadaa,,auto,
Shaevávasthá,3,Shaevaavasthaa,,auto,
SHÁKTA,3,SHaaKTA,,auto,
Shákyárańa,3,Shaakyaarańa,,auto,
SHAMBHÚLIUNGA,3,SHAMBHooLIUNGA,,auto,
Shaḿkar,3,Shamkar,,auto,
Shaḿkhanád,3,Shamkhanaad,,auto,
shaḿkulii,3,shamkulii,,auto,
Shańi,3,Shańi,,auto,
shánkhálu,3,shaankhaalu,,auto,
shántimatyantamati,3,shaantimatyantamati,,auto,
Shárada,3,Shaarada,,auto,
sharańagati,3,sharańagati,,auto,
sharańyaḿ,3,sharańyam,,auto,
sharkará,3,sharkaraa,,auto,
Shásana,3,Shaasana,,auto,
shashá,3,shashaa,,auto,
shaśpa,3,shashpa,,auto,
shástraguru,3,shaastraguru,,auto,
shatamúlii,3,shatamoolii,,auto,
Shataputráh,3,Shataputraah,,auto,
Shavásana,3,Shavaasana,,auto,
Sheśer,3,Shesher,,auto,
shikágo,3,shikaago,,auto,
shilányása,3,shilaanyaasa,,auto,
Shilávatii,3,Shilaavatii,,auto,
Shishupálapála,3,Shishupaalapaala,,auto,
shiśya,3,shishya,,auto,
Shiva-Gájan,3,Shiva-Gaajan,,auto,
Shiva-Rátri,3,Shiva-Raatri,,auto,
shiva-vákya,3,shiva-vaakya,,auto,
Shivatalá,3,Shivatalaa,,auto,
Shobhábájár,3,Shobhaabaajaar,,auto,
shonáo,3,shonaao,,auto,
shorá,3,shoraa,,auto,
shrávańa,3,shraavańa,,auto,
shravańii,3,shravańii,,auto,
shrávańii,3,shraavańii,,auto,
shrgála,3,shrgaala,,auto,
Shriivástava,3,Shriivaastava,,auto,
Shudháiba,3,Shudhaaiba,,auto,
Shúdra-minded,3,Shoodra-minded,,auto,
shukatárá,3,shukataaraa,,auto,
shuklakŕśna,3,shuklakŕshna,,auto,
Shukrácárya,3,Shukraachaarya,,auto,
Shuńechilem,3,Shuńechilem,,auto,
shuńt́i,3,shuńti,,auto,
Shúraśańd́a,3,Shoorashańda,,auto,
Shvetámvara,3,Shvetaamvara,,auto,
Shyámadesh,3,Shyaamadesh,,auto,
Shyámadesha,3,Shyaamadesha,,auto,
Shyámbábu,3,Shyaambaabu,,auto,
Siḿ,3,Sim,,auto,
siḿher,3,simher,,auto,
śimul,3,shimul,,auto,
Singmund́á,3,Singmundaa,,auto,
Siŕir,3,Siŕir,,auto,
sitáphal,3,sitaaphal,,auto,
Skandhaḿ,3,Skandham,,auto,
smarámastadekaḿ,3,smaraamastadekam,,auto,
snán,3,snaan,,auto,
srśt́imátriká,3,srshtimaatrikaa,,auto,
Sthaviraváda,3,Sthaviravaada,,auto,
Sthaviravádii,3,Sthaviravaadii,,auto,
sú,3,soo,,auto,
Suba-Bángal,3,Suba-Baangal,,auto,
suduŕácáro,3,suduŕaachaaro,,auto,
Sujátá,3,Sujaataa,,auto,
sukśmatara,3,sukshamatara,,auto,
suráhá,3,suraahaa,,auto,
Súryadhvaja,3,Sooryadhvaja,,auto,
Súryapurii,3,Sooryapurii,,auto,
súryi,3,sooryi,,auto,
Sutanuká's,3,Sutanukaa's,,auto,
Svaravarńas,3,Svaravarńas,,auto,
svarńa,3,svarńa,,auto,
svarńakavara,3,svarńakavara,,auto,
Svarńanakula,3,Svarńanakula,,auto,
Svarúpena,3,Svaroopena,,auto,
svarúpo'yamátma,3,svaroopo'yamaatma,,auto,
Tadátmánaḿ,3,Tadaatmaanam,,auto,
Tadpadaḿ,3,Tadpadam,,auto,
t́ál,3,taal,,auto,
tálamákháná,3,taalamaakhaanaa,,auto,
Táld́áḿrá,3,Taaldaamraa,,auto,
tálib-ul-ilm,3,taalib-ul-ilm,,auto,
támil,3,taamil,,auto,
TAMOGUŃA,3,TAMOGUŃA,,auto,
Tán,3,Taan,,auto,
tańd́,3,tańd,,auto,
táńi,3,taańi,,auto,
tánmátrika,3,taanmaatrika,,auto,
táraka,3,taaraka,,auto,
táŕátáŕi,3,taaŕaataaŕi,,auto,
Tattvadraśt́á,3,Tattvadrashtaa,,auto,
Tattvajiṋána,3,Tattvajnyaaana,,auto,
Tattvasabhá,3,Tattvasabhaa,,auto,
TÁTTVIKA,3,TaaTTVIKA,,auto,
Tázákii,3,Taazaakii,,auto,
thánás,3,thaanaas,,auto,
Thánishvara,3,Thaanishvara,,auto,
t́hánvii,3,thaanvii,,auto,
t́heine,3,theine,,auto,
tiirthamityáhuh,3,tiirthamityaahuh,,auto,
tiitá,3,tiitaa,,auto,
Tomá,3,Tomaa,,auto,
Traelauṋga,3,Traelauṋga,,auto,
trrń,3,trrń,,auto,
turauṋga,3,turauṋga,,auto,
turauṋgama,3,turauṋgama,,auto,
Turiiyá,3,Turiiyaa,,auto,
úcca,3,ooccha,,auto,
Uccárańa,3,Ucchaarańa,,auto,
Ud́,3,Ud,,auto,
udbiŕála,3,udbiŕaala,,auto,
uddálaka,3,uddaalaka,,auto,
ud́umbara,3,udumbara,,auto,
úh-úh,3,ooh-ooh,,auto,
UMÁ,3,UMaa,,auto,
úńa,3,oońa,,auto,
uniiś,3,uniish,,auto,
Upad́haokana,3,Upadhaokana,,auto,
upakúla,3,upakoola,,auto,
Upáungiti,3,Upaaungiti,,auto,
urań,3,urań,,auto,
úrddha,3,oorddha,,auto,
Urńá,3,Urńaa,,auto,
Úrńá,3,oorńaa,,auto,
úrńu,3,oorńu,,auto,
uśma,3,ushma,,auto,
uśńika,3,ushńika,,auto,
Úta,3,oota,,auto,
vaeduryamańi,3,vaeduryamańi,,auto,
Vaedyakshástra,3,Vaedyakshaaastra,,auto,
Vaeshyavarńa,3,Vaeshyavarńa,,auto,
Vaeśńavkávya,3,Vaeshńavkaavya,,auto,
vahatá,3,vahataa,,auto,
vakálatnámá,3,vakaalatnaamaa,,auto,
vákyas,3,vaakyas,,auto,
váli,3,vaali,,auto,
valmiikakiit́a,3,valmiikakiita,,auto,
Váma,3,Vaama,,auto,
vámana,3,vaamana,,auto,
vámásvar,3,vaamaasvar,,auto,
Vaŕahiyá,3,Vaŕahiyaa,,auto,
váráńas,3,vaaraańas,,auto,
várándá,3,vaaraandaa,,auto,
váŕii,3,vaaŕii,,auto,
Varńa-Paricaya,3,Varńa-Paricaya,,auto,
vásanábháńda,3,vaasanaabhaańda,,auto,
vásanábháńd́a,3,vaasanaabhaańda,,auto,
Vasantasená,3,Vasantasenaa,,auto,
vashiikarań,3,vashiikarań,,auto,
vasthá,3,vasthaa,,auto,
vedaná,3,vedanaa,,auto,
vedhyaḿ,3,vedhyam,,auto,
veńu,3,veńu,,auto,
veńukadamba,3,veńukadamba,,auto,
vibhúti',3,vibhooti',,auto,
Vibhutibhúśańa,3,Vibhutibhooshańa,,auto,
vicarańa,3,vicarańa,,auto,
vidhátár,3,vidhaataar,,auto,
Vidyádharas,3,Vidyaadharas,,auto,
Viijnánamaya,3,Viijnaanamaya,,auto,
Viirácára,3,Viiraachaara,,auto,
viirácáriis,3,viiraachaariis,,auto,
viḿshati,3,vimshati,,auto,
viḿshottariiya,3,vimshottariiya,,auto,
vipańi,3,vipańi,,auto,
Vipásha,3,Vipaasha,,auto,
vipravarńa,3,vipravarńa,,auto,
Vipravarńa,3,Vipravarńa,,auto,
viśayánurakti,3,vishayaanurakti,,auto,
viśayarasa,3,vishayarasa,,auto,
vishárada,3,vishaarada,,auto,
Vishvasára,3,Vishvasaara,,auto,
visúciká,3,visoochikaa,,auto,
Vit́hur,3,Vithur,,auto,
Vrajabháśa,3,Vrajabhaasha,,auto,
Vrajabhúmi,3,Vrajabhoomi,,auto,
Vrajbháva,3,Vrajbhaava,,auto,
vr̥ddhah,3,vrddhah,,auto,
Vrndábana,3,Vrndaabana,,auto,
Vrndávana,3,Vrndaavana,,auto,
vrttá,3,vrttaa,,auto,
Vyaiṋjanvarńas,3,Vyaiṋjanvarńas,,auto,
vyápakávyaktatattva,3,vyaapakaavyaktatattva,,auto,
vyásásana,3,vyaasaasana,,auto,
yácche,3,yaacche,,auto,
yácchi,3,yaacchi,,auto,
yajiṋad́umbara,3,yajnyaadumbara,,auto,
Yogiináḿ,3,Yogiinaam,,auto,
Yuiṋj,3,Yuiṋj,,auto,
-ńak,2,-ńak,,auto,
'Anushásana',2,'Anushaasana',,auto,
'Dharmasaḿsthápanártháya',2,'Dharmasamsthaapanaarthaaya',,auto,
'D́on,2,'Don,,auto,
'Eko'haḿ,2,'Eko'ham,,auto,
'Hatáyurbhava',2,'Hataayurbhava',,auto,
'Karmańyevádhikáraste',2,'Karmańyevaadhikaaraste',,auto,
'Krśńastu,2,'Krshńastu,,auto,
'Mámeva,2,'Maameva,,auto,
'Náráyańa',2,'Naaraayańa',,auto,
'Pańd́itajii,2,'Pańditajii,,auto,
'Paritráńáya,2,'Paritraańaaya,,auto,
'Ráma',2,'Raama',,auto,
'Tadátmánaḿ,2,'Tadaatmaanam,,auto,
a-ádhárita,2,a-aadhaarita,,auto,
á-dekhilá,2,aa-dekhilaa,,auto,
a-rńii,2,a-rńii,,auto,
Á'tyatiśt́haddasháuṋgulam,2,aa'tyatishthaddashaauṋgulam,,auto,
áarashii,2,aaarashii,,auto,
Áb,2,aab,,auto,
abalá,2,abalaa,,auto,
Ábgárii,2,aabgaarii,,auto,
Ábhása,2,aabhaasa,,auto,
Ábhása-Caetanya,2,aabhaasa-Chaetanya,,auto,
abhásah,2,abhaasah,,auto,
ábhásah,2,aabhaasah,,auto,
abhávát,2,abhaavaat,,auto,
Abhibhávańa,2,Abhibhaavańa,,auto,
abhibhávanát,2,abhibhaavanaat,,auto,
Abhidhammapiŕaka,2,Abhidhammapiŕaka,,auto,
abhidhánam,2,abhidhaanam,,auto,
ábhiira,2,aabhiira,,auto,
Abhijiṋatá,2,Abhijnyaataa,,auto,
abhimánamapi,2,abhimaanamapi,,auto,
abhimatá,2,abhimataa,,auto,
Ábhiravámanayanápahrtamánasáya,2,aabhiravaamanayanaapahrtamaanasaaya,,auto,
ábhogas,2,aabhogas,,auto,
Abhyása,2,Abhyaasa,,auto,
abhyutthána,2,abhyutthaana,,auto,
ábiir,2,aabiir,,auto,
Ábirbháva,2,aabirbhaava,,auto,
ábrak,2,aabrak,,auto,
acaiṋcala,2,achaiṋchala,,auto,
ácamana,2,aachamana,,auto,
Acára,2,Achaara,,auto,
Ácarańa,2,aacharańa,,auto,
Acárańát,2,Achaarańaat,,auto,
Ácarańat,2,aacharańat,,auto,
acárya,2,achaarya,,auto,
Acáryá,2,Achaaryaa,,auto,
ácaryah,2,aacharyah,,auto,
acchá,2,acchaa,,auto,
Ácchá,2,aacchaa,,auto,
ácchádita,2,aacchaadita,,auto,
Ácche,2,aacche,,auto,
acetanatá,2,achetanataa,,auto,
Áche,2,aache,,auto,
Áchi,2,aachi,,auto,
áchis,2,aachis,,auto,
acintyarúpaḿ,2,achintyaroopam,,auto,
ádálat,2,aadaalat,,auto,
Ádarshii,2,aadarshii,,auto,
ad́d́a,2,adda,,auto,
addhá,2,addhaa,,auto,
Ád́d́is,2,aaddis,,auto,
ádh,2,aadh,,auto,
adharátii,2,adharaatii,,auto,
adhármika,2,adhaarmika,,auto,
adhavá,2,adhavaa,,auto,
adhikár,2,adhikaar,,auto,
adhyakśa,2,adhyakshaa,,auto,
ádhyátma,2,aadhyaatma,,auto,
Ádhyátmik,2,aadhyaatmik,,auto,
Ádhyátmikatá,2,aadhyaatmikataa,,auto,
Ádi,2,aadi,,auto,
Ádidev,2,aadidev,,auto,
ádideva,2,aadideva,,auto,
Adikarańa,2,Adikarańa,,auto,
Ádipuruśa,2,aadipurusha,,auto,
Ádityapur,2,aadityapur,,auto,
ádityas,2,aadityas,,auto,
ád́moŕá,2,aadmoŕaa,,auto,
adośáh,2,adoshaah,,auto,
ádrak,2,aadrak,,auto,
advaetavádi,2,advaetavaadi,,auto,
advaetavádiis,2,advaetavaadiis,,auto,
ádyá,2,aadyaa,,auto,
Ádyádevii,2,aadyaadevii,,auto,
ádyantashúnyam,2,aadyantashoonyam,,auto,
Ádyantashúnyam,2,aadyantashoonyam,,auto,
Aekśava,2,Aekshaava,,auto,
aekśavapatram,2,aekshaavapatram,,auto,
aerávatas,2,aeraavatas,,auto,
Aesá,2,Aesaa,,auto,
áeshvarya,2,aaeshvarya,,auto,
ágá,2,aagaa,,auto,
ágacchatu,2,aagacchatu,,auto,
agádha,2,agaadha,,auto,
agádhiráj,2,agaadhiraaj,,auto,
Ágád́om,2,aagaadom,,auto,
Ágágoŕái,2,aagaagoŕaai,,auto,
ágamas,2,aagamas,,auto,
ágápáshtalá,2,aagaapaashtalaa,,auto,
ágataḿ,2,aagatam,,auto,
Ágatáḿ,2,aagataam,,auto,
áge,2,aage,,auto,
Áge,2,aage,,auto,
Ághane,2,aaghane,,auto,
ághanii,2,aaghanii,,auto,
Aghásura,2,Aghaasura,,auto,
Aghat́anaghat́anapatiiyasii,2,Aghatanaghatanapatiiyasii,,auto,
ághośa,2,aaghosha,,auto,
Aghráńa,2,Aghraańa,,auto,
Aghráńete,2,Aghraańete,,auto,
ágina,2,aagina,,auto,
Agni-áḿshu,2,Agni-aamshu,,auto,
agnyáshaya,2,agnyaashaya,,auto,
Agradáni,2,Agradaani,,auto,
agradánii,2,agradaanii,,auto,
Agraháyan,2,Agrahaayan,,auto,
Agrahayańa,2,Agrahayańa,,auto,
Agryábuddhi,2,Agryaabuddhi,,auto,
águn,2,aagun,,auto,
ahaḿcittayor,2,ahamchittayor,,auto,
ahaḿcittayorprańáshe,2,ahamchittayorprańaashe,,auto,
ahaḿkara,2,ahamkara,,auto,
Ahaḿkárah,2,Ahamkaarah,,auto,
ahaḿkárii,2,ahamkaarii,,auto,
ahaḿprábalye,2,ahampraabalye,,auto,
ahaḿtattván,2,ahamtattvaan,,auto,
ahaḿtattvát,2,ahamtattvaat,,auto,
Ahaḿtattvát,2,Ahamtattvaat,,auto,
ahaḿttava,2,ahamttava,,auto,
ahán,2,ahaan,,auto,
ahára,2,ahaara,,auto,
áhiira,2,aahiira,,auto,
áhiiras,2,aahiiras,,auto,
áhiirat́olá,2,aahiiratolaa,,auto,
Áhira,2,aahira,,auto,
Áhme,2,aahme,,auto,
Ahńs,2,Ahńs,,auto,
áhuh,2,aahuh,,auto,
áhván,2,aahvaan,,auto,
Ái,2,aai,,auto,
áibuŕo-bhát,2,aaibuŕo-bhaat,,auto,
Áii,2,aaii,,auto,
áilen,2,aailen,,auto,
aiṋjali,2,aiṋjali,,auto,
áiṋjuni,2,aaiṋjuni,,auto,
Áisa,2,aaisa,,auto,
áiye,2,aaiye,,auto,
ája,2,aaja,,auto,
Ája,2,aaja,,auto,
Ájá,2,aajaa,,auto,
Ájamiir,2,aajamiir,,auto,
Ájamiiŕ,2,aajamiiŕ,,auto,
Ajaná,2,Ajanaa,,auto,
ájánulambita,2,aajaanulambita,,auto,
ájápur,2,aajaapur,,auto,
Ájápur,2,aajaapur,,auto,
ájáŕ,2,aajaaŕ,,auto,
ajarácara,2,ajaraachara,,auto,
Ajátá,2,Ajaataa,,auto,
Ájiivanaḿ,2,aajiivanam,,auto,
ájiivas,2,aajiivas,,auto,
Ajiṋána-bodhinii,2,Ajnyaaana-bodhinii,,auto,
Ajiṋánatimirándhasya,2,Ajnyaaanatimiraandhasya,,auto,
Ajiṋátakulashiilasya,2,Ajnyaaatakulashiilasya,,auto,
ájja,2,aajja,,auto,
ájjápur,2,aajjaapur,,auto,
ajñāna,2,ajnyaaana,,auto,
ajñātakulaśīlasya,2,ajnyaaatakulasheelasya,,auto,
Ákanda,2,aakanda,,auto,
ÁKANDA,2,aaKANDA,,auto,
ākāraṁ,2,aakaaram,,auto,
ákarśaka,2,aakarshaka,,auto,
akarttá,2,akarttaa,,auto,
ákáshabhúta,2,aakaashabhoota,,auto,
Akáshatattva,2,Akaashatattva,,auto,
ákáshe,2,aakaashe,,auto,
Ákáshii,2,aakaashii,,auto,
ákáshiipreta,2,aakaashiipreta,,auto,
ákáunkśayá,2,aakaaunkshaayaa,,auto,
ákha,2,aakha,,auto,
akhaṇḍa,2,akhanda,,auto,
akhaṇḍa-maṇḍalākāraṁ,2,akhanda-mandalaakaaram,,auto,
akhańd́acidaekarasa,2,akhańdachidaekarasa,,auto,
akhańd́aniiyá,2,akhańdaniiyaa,,auto,
ákhare,2,aakhare,,auto,
ákhu,2,aakhu,,auto,
ákhyána,2,aakhyaana,,auto,
akliśt́á-vrtti,2,aklishtaa-vrtti,,auto,
Akliśt́akliśt́á,2,Aklishtaklishtaa,,auto,
Ákliśt́ákliśt́á,2,aaklishtaaklishtaa,,auto,
akrtadára,2,akrtadaara,,auto,
akrtadárá,2,akrtadaaraa,,auto,
ákrti,2,aakrti,,auto,
Akśará,2,Akshaaraa,,auto,
akśaŕa,2,akshaaŕa,,auto,
Akśobhya,2,Akshaobhya,,auto,
Ákśra,2,aakshara,,auto,
Ákul,2,aakul,,auto,
ÁKUTI,2,aaKUTI,,auto,
ál,2,aal,,auto,
alábu,2,alaabu,,auto,
alaḿ,2,alam,,auto,
Alaḿ,2,Alam,,auto,
alamativistáreńa,2,alamativistaareńa,,auto,
Álamba,2,aalamba,,auto,
álambaniih,2,aalambaniih,,auto,
álgáchonyá,2,aalgaachonyaa,,auto,
Alikábdiinam,2,Alikaabdiinam,,auto,
Alkánanda,2,Alkaananda,,auto,
álkhálla,2,aalkhaalla,,auto,
álláh,2,aallaah,,auto,
Álláh-Ábád,2,aallaah-aabaad,,auto,
Állávakhs,2,aallaavakhs,,auto,
Álocál,2,aalochaal,,auto,
álocit,2,aalochit,,auto,
álocita,2,aalochita,,auto,
álote,2,aalote,,auto,
áloy,2,aaloy,,auto,
Álu,2,aalu,,auto,
álubokhará,2,aalubokharaa,,auto,
álubokhrá,2,aalubokhraa,,auto,
Áluka,2,aaluka,,auto,
áluyán,2,aaluyaan,,auto,
Ám,2,aam,,auto,
áma,2,aama,,auto,
Ámacandra,2,aamachandra,,auto,
Ámáderi,2,aamaaderi,,auto,
ámádero,2,aamaadero,,auto,
Ámáni,2,aamaani,,auto,
amániinám,2,amaaniinaam,,auto,
amániináḿ,2,amaaniinaam,,auto,
Amáninama,2,Amaaninama,,auto,
amár,2,amaar,,auto,
Amár,2,Amaar,,auto,
ámar,2,aamar,,auto,
Ámárai,2,aamaarai,,auto,
Amaránanda,2,Amaraananda,,auto,
ámári,2,aamaari,,auto,
Ámári,2,aamaari,,auto,
ámarula-leaf,2,aamarula-leaf,,auto,
ámb-dá-acár,2,aamb-daa-achaar,,auto,
ámbábur,2,aambaabur,,auto,
ambaśt́ha,2,ambashtha,,auto,
Ámbhasi,2,aambhasi,,auto,
ámbhasii,2,aambhasii,,auto,
áḿd́e,2,aamde,,auto,
ámdhur,2,aamdhur,,auto,
aḿgana,2,amgana,,auto,
Aḿgana,2,Amgana,,auto,
Áḿgárd́ihi,2,aamgaardihi,,auto,
ámhe,2,aamhe,,auto,
ámi-ke,2,aami-ke,,auto,
Amitábh,2,Amitaabh,,auto,
Amitánanda,2,Amitaananda,,auto,
aḿka,2,amka,,auto,
ámla,2,aamla,,auto,
Amŕa,2,Amŕa,,auto,
ámŕá-skin,2,aamŕaa-skin,,auto,
Amrtákśarah,2,Amrtaakshaarah,,auto,
amrtamudrá,2,amrtamudraa,,auto,
Amrtáste,2,Amrtaaste,,auto,
amrúd,2,amrood,,auto,
ÁMRULA,2,aaMRULA,,auto,
Aḿshávatára,2,Amshaavataara,,auto,
Aḿushvar,2,Amushvar,,auto,
anábat́t́á,2,anaabattaa,,auto,
anabhyása,2,anabhyaasa,,auto,
anácárańa,2,anaachaarańa,,auto,
Anádi,2,Anaadi,,auto,
anaháta,2,anahaata,,auto,
Anáháta,2,Anaahaata,,auto,
ánamane,2,aanamane,,auto,
anamáya,2,anamaaya,,auto,
anaḿgiikáreńa,2,anamgiikaareńa,,auto,
ánana,2,aanana,,auto,
ánandadháma,2,aanandadhaama,,auto,
ánandamudrá,2,aanandamudraa,,auto,
ÁNANDAMÚRTI,2,aaNANDAMooRTI,,auto,
Anandamúrtijii,2,Anandamoortijii,,auto,
ÁNANDAMÚRTIJII,2,aaNANDAMooRTIJII,,auto,
ánandánubhuti,2,aanandaanubhuti,,auto,
ánandasrote,2,aanandasrote,,auto,
Anantanág,2,Anantanaag,,auto,
ánas,2,aanas,,auto,
Anatacakśu,2,Anatachakshau,,auto,
Anáther,2,Anaather,,auto,
Anaungiikareńa,2,Anaungiikareńa,,auto,
anavasthádośa,2,anavasthaadosha,,auto,
anavastháyaḿ,2,anavasthaayam,,auto,
ańd́aj,2,ańdaj,,auto,
andhakár,2,andhakaar,,auto,
andhatamasá,2,andhatamasaa,,auto,
Ániidavataḿ,2,aaniidavatam,,auto,
animá,2,animaa,,auto,
ańima,2,ańima,,auto,
ánimá,2,aanimaa,,auto,
Anityashuci-duhkhánátmasu,2,Anityashuchi-duhkhaanaatmasu,,auto,
Anityatám,2,Anityataam,,auto,
añjana,2,anyjana,,auto,
ánjir,2,aanjir,,auto,
ánkilám,2,aankilaam,,auto,
Annacintá,2,Annachintaa,,auto,
Ánnákálii,2,aannaakaalii,,auto,
Annapúrńá,2,Annapoorńaa,,auto,
Annavánannádo,2,Annavaanannaado,,auto,
Annuśt́upa,2,Annushtupa,,auto,
anrńii,2,anrńii,,auto,
Anrńii,2,Anrńii,,auto,
Ánt,2,aant,,auto,
antahkárana,2,antahkaarana,,auto,
antará,2,antaraa,,auto,
Antarátma,2,Antaraatma,,auto,
antareńa,2,antareńa,,auto,
Ántarika,2,aantarika,,auto,
antarikśa,2,antarikshaa,,auto,
Ántarpráńáyáma,2,aantarpraańaayaama,,auto,
ánt́hi,2,aanthi,,auto,
anti-Avidyá,2,anti-Avidyaa,,auto,
ántti,2,aantti,,auto,
Anubhúta,2,Anubhoota,,auto,
Anubhútaviśaya,2,Anubhootavishaya,,auto,
Anubhútaviśayásamprasmośa,2,Anubhootavishayaasamprasmosha,,auto,
Anubhútaviśayásampromaśah,2,Anubhootavishayaasampromashah,,auto,
ánubhúti,2,aanubhooti,,auto,
ańucaetanya,2,ańucaetanya,,auto,
anucikiirśa,2,anuchikiirsha,,auto,
Ańudhyána,2,Ańudhyaana,,auto,
Ańudisha,2,Ańudisha,,auto,
anujiṋa,2,anujnyaa,,auto,
ańuke,2,ańuke,,auto,
anukúla,2,anukoola,,auto,
Anumánád́e,2,Anumaanaade,,auto,
anupádhitva,2,anupaadhitva,,auto,
anupán,2,anupaan,,auto,
ánuraktih,2,aanuraktih,,auto,
anurańi,2,anurańi,,auto,
Anusaḿgita,2,Anusamgita,,auto,
anushásánam,2,anushaasaanam,,auto,
anuśt́,2,anusht,,auto,
anust́upa,2,anustupa,,auto,
anuśt́upa,2,anushtupa,,auto,
ańuviikśańa,2,ańuviikshaańa,,auto,
Áo,2,aao,,auto,
aoddúkhala,2,aoddookhala,,auto,
Aodváhika,2,Aodvaahika,,auto,
aoghaŕ,2,aoghaŕ,,auto,
aokśa,2,aokshaa,,auto,
Aokśa,2,Aokshaa,,auto,
áoli-báaoli,2,aaoli-baaaoli,,auto,
aopadhyáyik,2,aopadhyaayik,,auto,
aopaniśadika,2,aopanishadika,,auto,
aorińa,2,aorińa,,auto,
aorńa,2,aorńa,,auto,
aośńa,2,aoshńa,,auto,
aośt́ha,2,aoshtha,,auto,
Aośt́ra,2,Aoshtra,,auto,
aotkarśa,2,aotkarsha,,auto,
aotkrśt́a,2,aotkrshta,,auto,
Aotkrśt́a,2,Aotkrshta,,auto,
aottána,2,aottaana,,auto,
Apádána,2,Apaadaana,,auto,
ápadanna,2,aapadanna,,auto,
Apadevatá,2,Apadevataa,,auto,
ápah,2,aapah,,auto,
apaná,2,apanaa,,auto,
apańá,2,apańaa,,auto,
ápane,2,aapane,,auto,
Ápani,2,aapani,,auto,
apápaviddha,2,apaapaviddha,,auto,
apara-jiṋána,2,apara-jnyaaana,,auto,
aparáhńa,2,aparaahńa,,auto,
Aparájińána,2,Aparaajińaana,,auto,
aparajiṋánam,2,aparajnyaaanam,,auto,
aparájitá,2,aparaajitaa,,auto,
aparámrśt́a,2,aparaamrshta,,auto,
aparápya,2,aparaapya,,auto,
aparáshakti,2,aparaashakti,,auto,
Aparáshakti,2,Aparaashakti,,auto,
Aparávidyá,2,Aparaavidyaa,,auto,
Aparńá,2,Aparńaa,,auto,
aparokśánubhúti,2,aparokshaaanubhooti,,auto,
apasáhitya,2,apasaahitya,,auto,
Ápashcavishvabheśajii,2,aapashchavishvabheshajii,,auto,
ápatah,2,aapatah,,auto,
apáuna,2,apaauna,,auto,
ápáuna,2,aapaauna,,auto,
ape-Bráhmańas,2,ape-Braahmańas,,auto,
ape-Kśatriyas,2,ape-kshaatriyas,,auto,
apekśá,2,apekshaaa,,auto,
apekśitá,2,apekshaitaa,,auto,
ápnoti,2,aapnoti,,auto,
appá,2,appaa,,auto,
Appańe,2,Appańe,,auto,
aprapattivádiis,2,aprapattivaadiis,,auto,
apravásii,2,apravaasii,,auto,
Apsaráder,2,Apsaraader,,auto,
áptakámi,2,aaptakaami,,auto,
Arabál,2,Arabaal,,auto,
aŕahara-leaf,2,aŕahara-leaf,,auto,
Árámbág,2,aaraambaag,,auto,
arań,2,arań,,auto,
Araneśu,2,Araneshu,,auto,
Árańi,2,aarańi,,auto,
Arańiiśu,2,Arańiishu,,auto,
Árańyaka,2,aarańyaka,,auto,
árashii,2,aarashii,,auto,
aráti,2,araati,,auto,
arcá,2,archaa,,auto,
archaná,2,archanaa,,auto,
Archaná,2,Archanaa,,auto,
Ardhakurmakásana,2,Ardhakurmakaasana,,auto,
Ardhanáriishvara,2,Ardhanaariishvara,,auto,
Ardhashivásana,2,Ardhashivaasana,,auto,
ardhasiddhásana,2,ardhasiddhaasana,,auto,
ári,2,aari,,auto,
Ári,2,aari,,auto,
ariń,2,ariń,,auto,
Arńava,2,Arńava,,auto,
áro,2,aaro,,auto,
árohiń,2,aarohiń,,auto,
Árráh,2,aarraah,,auto,
arśa,2,arsha,,auto,
Aŕsá,2,Aŕsaa,,auto,
arshári,2,arshaari,,auto,
Aruń,2,Aruń,,auto,
Aruńácala,2,Aruńaachala,,auto,
Arvág,2,Arvaag,,auto,
Áryabhat́t́a,2,aaryabhatta,,auto,
aryánaḿ,2,aryaanam,,auto,
Áryanyavraja,2,aaryanyavraja,,auto,
Áryyabháratiiya,2,aaryyabhaaratiiya,,auto,
Áryyávarta,2,aaryyaavarta,,auto,
ásálám,2,aasaalaam,,auto,
ásale,2,aasale,,auto,
asamprajiṋata,2,asamprajnyaata,,auto,
Asampramośa,2,Asampramosha,,auto,
asaḿskrti,2,asamskrti,,auto,
Ásan,2,aasan,,auto,
ásanam,2,aasanam,,auto,
Ásanmahimána,2,aasanmahimaana,,auto,
ásanta,2,aasanta,,auto,
asanttaśt́a,2,asanttashta,,auto,
Ásánvanii,2,aasaanvanii,,auto,
Áśarh,2,aasharh,,auto,
Ashá,2,Ashaa,,auto,
Áshávarii,2,aashaavarii,,auto,
asheśa,2,ashesha,,auto,
asheśaguńam,2,asheshaguńam,,auto,
áshmán,2,aashmaan,,auto,
Áshmáner,2,aashmaaner,,auto,
Ashokakśiira,2,Ashokakshaiira,,auto,
Áshraya,2,aashraya,,auto,
ashvádana,2,ashvaadana,,auto,
Asiimánanda,2,Asiimaananda,,auto,
ásiit,2,aasiit,,auto,
ásila,2,aasila,,auto,
áslo,2,aaslo,,auto,
astá,2,astaa,,auto,
Aśt́a,2,Ashta,,auto,
áśt́a,2,aashta,,auto,
Aśt́adashapuráńeśu,2,Ashtadashapuraańeshu,,auto,
aśt́ákśarii,2,ashtaakshaarii,,auto,
aśt́áḿga,2,ashtaamga,,auto,
Aśt́amii,2,Ashtamii,,auto,
Aśt́apásháh,2,Ashtapaashaah,,auto,
aśt́asiddhi,2,ashtasiddhi,,auto,
Aśt́ávakra's,2,Ashtaavakra's,,auto,
Áste,2,aaste,,auto,
aśt́hána,2,ashthaana,,auto,
Ástitvik,2,aastitvik,,auto,
aśt́ottariiya,2,ashtottariiya,,auto,
Ásu,2,aasu,,auto,
Átá,2,aataa,,auto,
at́aka,2,ataka,,auto,
Át́aka,2,aataka,,auto,
átanka,2,aatanka,,auto,
átap,2,aatap,,auto,
átar,2,aatar,,auto,
átasbáji,2,aatasbaaji,,auto,
At́ati,2,Atati,,auto,
atayatiśthatddasháuńgulam,2,atayatishthatddashaauńgulam,,auto,
atharvánnaḿ,2,atharvaannam,,auto,
Ati-snáyukaośika,2,Ati-snaayukaoshika,,auto,
Atibhojanaḿ,2,Atibhojanam,,auto,
átiisabáji,2,aatiisabaaji,,auto,
Átiish,2,aatiish,,auto,
atipátaki,2,atipaataki,,auto,
atiriktaḿ,2,atiriktam,,auto,
atisúkśma,2,atisookshama,,auto,
átisúkśma,2,aatisookshama,,auto,
átmá-sukha,2,aatmaa-sukha,,auto,
átmakam,2,aatmakam,,auto,
átmamoksártham,2,aatmamoksaartham,,auto,
átmamoksárthaḿ,2,aatmamoksaartham,,auto,
átmamokśarthaḿ,2,aatmamokshaartham,,auto,
átmamokśártham,2,aatmamokshaaartham,,auto,
Átmanasthiitaḿ,2,aatmanasthiitam,,auto,
Atmánátma,2,Atmaanaatma,,auto,
Átmánátman,2,aatmaanaatman,,auto,
Átmaopanyena,2,aatmaopanyena,,auto,
átmavid,2,aatmavid,,auto,
Átmic,2,aatmic,,auto,
átmiiya-svajana,2,aatmiiya-svajana,,auto,
Attáhi,2,Attaahi,,auto,
at́t́hi,2,atthi,,auto,
átyántikii,2,aatyaantikii,,auto,
Atyatiś,2,Atyatish,,auto,
Atyatisthád,2,Atyatisthaad,,auto,
atyatiśt́hadasháuṋgulam,2,atyatishthadashaauṋgulam,,auto,
atyatiśt́haddasháḿgulam,2,atyatishthaddashaamgulam,,auto,
atyatiśt́haddashaungulam,2,atyatishthaddashaungulam,,auto,
atyatiśt́haddhasháḿgulam,2,atyatishthaddhashaamgulam,,auto,
auṋgana,2,auṋgana,,auto,
auṋganyása,2,auṋganyaasa,,auto,
áuṋgará,2,aauṋgaraa,,auto,
áuṋgára,2,aauṋgaara,,auto,
Auṋgirá,2,Auṋgiraa,,auto,
áuṋgrá,2,aauṋgraa,,auto,
áuṋgur,2,aauṋgur,,auto,
áuni,2,aauni,,auto,
Auṋka,2,Auṋka,,auto,
auńkusha,2,auńkusha,,auto,
ava-átmasthiikarańa,2,ava-aatmasthiikarańa,,auto,
avabhása,2,avabhaasa,,auto,
Avabhása,2,Avabhaasa,,auto,
avabhásah,2,avabhaasah,,auto,
avagáhan,2,avagaahan,,auto,
áváhana,2,aavaahana,,auto,
avakśayeńa,2,avakshaayeńa,,auto,
ávali,2,aavali,,auto,
ávalii,2,aavalii,,auto,
ávam,2,aavam,,auto,
Avantiká,2,Avantikaa,,auto,
Avarańa,2,Avarańa,,auto,
ávarańa,2,aavarańa,,auto,
ávartanena,2,aavartanena,,auto,
avastát,2,avastaat,,auto,
avatár-ism,2,avataar-ism,,auto,
Avatára,2,Avataara,,auto,
áveg,2,aaveg,,auto,
Avibábu's,2,Avibaabu's,,auto,
avidhavás,2,avidhavaas,,auto,
Avidyá-created,2,Avidyaa-created,,auto,
Avidyá-like,2,Avidyaa-like,,auto,
Avidyá's,2,Avidyaa's,,auto,
avidyamáyá,2,avidyamaayaa,,auto,
Avidyayá,2,Avidyayaa,,auto,
Avijiṋánataḿ,2,Avijnyaaanatam,,auto,
Avinábhávii,2,Avinaabhaavii,,auto,
Ávirávir,2,aaviraavir,,auto,
Avirbháva,2,Avirbhaava,,auto,
Aviśaya,2,Avishaya,,auto,
ávrttih,2,aavrttih,,auto,
avyúd́ha,2,avyoodha,,auto,
avyúŕhánna,2,avyooŕhaanna,,auto,
áy,2,aay,,auto,
ayáisyá,2,ayaaisyaa,,auto,
Ayańa,2,Ayańa,,auto,
áyaná,2,aayanaa,,auto,
Áyatana,2,aayatana,,auto,
ayáy,2,ayaay,,auto,
áye,2,aaye,,auto,
Áyii,2,aayii,,auto,
áyná,2,aaynaa,,auto,
áyúkśayakaram,2,aayookshaayakaram,,auto,
Áyurvaedika,2,aayurvaedika,,auto,
Áyurveda,2,aayurveda,,auto,
áyurvedik,2,aayurvedik,,auto,
ázád,2,aazaad,,auto,
ázádii,2,aazaadii,,auto,
BÁBÁ,2,BaaBaa,,auto,
Bábájii,2,Baabaajii,,auto,
báblá,2,baablaa,,auto,
Bábujii,2,Baabujii,,auto,
báburcikháná,2,baaburchikhaanaa,,auto,
Bábusáhii,2,Baabusaahii,,auto,
baccá,2,bacchaa,,auto,
báchru,2,baachru,,auto,
Bádaráyań,2,Baadaraayań,,auto,
Bádáy,2,Baadaay,,auto,
Bádhá,2,Baadhaa,,auto,
bádhatena,2,baadhatena,,auto,
badhú,2,badhoo,,auto,
bádhyatámúlak,2,baadhyataamoolak,,auto,
bádsháh,2,baadshaah,,auto,
bad́ua,2,badua,,auto,
baet́hak,2,baethak,,auto,
baet́hná,2,baethnaa,,auto,
bág,2,baag,,auto,
bágádom,2,baagaadom,,auto,
Bagalámukhi,2,Bagalaamukhi,,auto,
Báganán,2,Baaganaan,,auto,
bagaŕi,2,bagaŕi,,auto,
bagáte,2,bagaate,,auto,
bághchál,2,baaghchaal,,auto,
bágicá,2,baagichaa,,auto,
Bágri,2,Baagri,,auto,
Bagŕibáŕi,2,Bagŕibaaŕi,,auto,
Baguŕá,2,Baguŕaa,,auto,
báhádar,2,baahaadar,,auto,
báhádara,2,baahaadara,,auto,
Báhár,2,Baahaar,,auto,
bahát,2,bahaat,,auto,
bahibáre,2,bahibaare,,auto,
bahishcá,2,bahishchaa,,auto,
báhitam,2,baahitam,,auto,
bahiyá,2,bahiyaa,,auto,
bahudahá,2,bahudahaa,,auto,
bahudháshaktihyogád,2,bahudhaashaktihyogaad,,auto,
Bahudúr,2,Bahudoor,,auto,
Bahuguńá,2,Bahuguńaa,,auto,
bahukalpadulabháḿ,2,bahukalpadulabhaam,,auto,
bahushákha,2,bahushaakha,,auto,
bahushákhá,2,bahushaakhaa,,auto,
bahusyáma,2,bahusyaama,,auto,
báhyamábhyantarantathá,2,baahyamaabhyantarantathaa,,auto,
báigan,2,baaigan,,auto,
báigun,2,baaigun,,auto,
báin,2,baain,,auto,
báis,2,baais,,auto,
bájan,2,baajan,,auto,
bájáo,2,baajaao,,auto,
bájár,2,baajaar,,auto,
bájikara,2,baajikara,,auto,
bakát́e,2,bakaate,,auto,
Bákhargaiṋja,2,Baakhargaiṋja,,auto,
bákhári,2,baakhaari,,auto,
báki,2,baaki,,auto,
bákider,2,baakider,,auto,
balá,2,balaa,,auto,
Balágarh,2,Balaagarh,,auto,
bálaka,2,baalaka,,auto,
bálám,2,baalaam,,auto,
balástár,2,balaastaar,,auto,
bálaste,2,baalaste,,auto,
balát,2,balaat,,auto,
Báleshwar,2,Baaleshwar,,auto,
balgá,2,balgaa,,auto,
Báliápáŕá,2,Baaliaapaaŕaa,,auto,
balidán,2,balidaan,,auto,
Baligaiṋja,2,Baligaiṋja,,auto,
Bálii,2,Baalii,,auto,
báliká,2,baalikaa,,auto,
bálistár,2,baalistaar,,auto,
balistárá,2,balistaaraa,,auto,
bálukáy,2,baalukaay,,auto,
Báma,2,Baama,,auto,
Baḿla,2,Bamla,,auto,
Báḿlár,2,Baamlaar,,auto,
baḿshabeŕer,2,bamshabeŕer,,auto,
baḿshii,2,bamshii,,auto,
bámun,2,baamun,,auto,
Bámund́i,2,Baamundi,,auto,
BÁMUNHÁT́I,2,BaaMUNHaaTI,,auto,
Bámunpukur,2,Baamunpukur,,auto,
bánái,2,baanaai,,auto,
báṋciyá,2,baaṋchiyaa,,auto,
bandanaḿ,2,bandanam,,auto,
bándhanete,2,baandhanete,,auto,
bándhava,2,baandhava,,auto,
bandhávae,2,bandhaavae,,auto,
Bándhaváh,2,Baandhavaah,,auto,
bándhio,2,baandhio,,auto,
bándhiyá,2,baandhiyaa,,auto,
bándhs,2,baandhs,,auto,
Bandyopádhyáy,2,Bandyopaadhyaay,,auto,
bánka,2,baanka,,auto,
Bánkurá,2,Baankuraa,,auto,
Banoyárilál,2,Banoyaarilaal,,auto,
Bansbeŕe,2,Bansbeŕe,,auto,
Bánsh,2,Baansh,,auto,
bánsha,2,baansha,,auto,
báṋsher,2,baaṋsher,,auto,
bánt́,2,baant,,auto,
bánt́iyá,2,baantiyaa,,auto,
bao-bhát,2,bao-bhaat,,auto,
Baomá,2,Baomaa,,auto,
bápu,2,baapu,,auto,
bár,2,baar,,auto,
Báŕ-e-Dewán,2,Baaŕ-e-Dewaan,,auto,
bára,2,baara,,auto,
baŕáhákim,2,baŕaahaakim,,auto,
Baráhamúlá,2,Baraahamoolaa,,auto,
báŕála,2,baaŕaala,,auto,
barańa,2,barańa,,auto,
Barári,2,Baraari,,auto,
báŕáye,2,baaŕaaye,,auto,
Bardhmána,2,Bardhmaana,,auto,
bárendra,2,baarendra,,auto,
Bárendra,2,Baarendra,,auto,
Barendrabhúmi,2,Barendrabhoomi,,auto,
baŕi,2,baŕi,,auto,
baŕi-posta,2,baŕi-posta,,auto,
báripurńa,2,baaripurńa,,auto,
Baŕiśá,2,Baŕishaa,,auto,
Baŕki,2,Baŕki,,auto,
bárkol,2,baarkol,,auto,
bárshiuṋga,2,baarshiuṋga,,auto,
bársingá,2,baarsingaa,,auto,
Baŕu,2,Baŕu,,auto,
Baruná,2,Barunaa,,auto,
baŕuyá,2,baŕuyaa,,auto,
basá,2,basaa,,auto,
básant́á,2,baasantaa,,auto,
báseni,2,baaseni,,auto,
básiyáchi,2,baasiyaachi,,auto,
bástusáp,2,baastusaap,,auto,
bat́,2,bat,,auto,
bát́,2,baat,,auto,
báta,2,baata,,auto,
bátá,2,baataa,,auto,
bát́áciinii,2,baataachiinii,,auto,
Bátarakta,2,Baatarakta,,auto,
bátása,2,baataasa,,auto,
bátávii,2,baataavii,,auto,
báti,2,baati,,auto,
Báuler,2,Baauler,,auto,
Bauṋgadesha,2,Bauṋgadesha,,auto,
bauṋgalii,2,bauṋgalii,,auto,
báuni,2,baauni,,auto,
báus,2,baaus,,auto,
Bávagi,2,Baavagi,,auto,
bávurci,2,baavurchi,,auto,
bávurcikháná,2,baavurchikhaanaa,,auto,
báyes,2,baayes,,auto,
Becál,2,Bechaal,,auto,
becárá,2,bechaaraa,,auto,
bedanár,2,bedanaar,,auto,
bed́hap,2,bedhap,,auto,
Begarodhát,2,Begarodhaat,,auto,
Behálá,2,Behaalaa,,auto,
bejár,2,bejaar,,auto,
bejáy,2,bejaay,,auto,
Beldáuṋgá,2,Beldaauṋgaa,,auto,
Beletoŕ,2,Beletoŕ,,auto,
Belpáháŕii,2,Belpaahaaŕii,,auto,
benámá,2,benaamaa,,auto,
bendá,2,bendaa,,auto,
bephájul,2,bephaajul,,auto,
berádar,2,beraadar,,auto,
beŕágherá,2,beŕaagheraa,,auto,
beŕala,2,beŕala,,auto,
berelá,2,berelaa,,auto,
beŕelá,2,beŕelaa,,auto,
beśt́an,2,beshtan,,auto,
bet́á-bit́i,2,betaa-biti,,auto,
Bhá,2,Bhaa,,auto,
bhádoi,2,bhaadoi,,auto,
Bhádu,2,Bhaadu,,auto,
Bhádumani,2,Bhaadumani,,auto,
Bhaerava-yámala,2,Bhaerava-yaamala,,auto,
Bhága,2,Bhaaga,,auto,
Bhagaitinganá,2,Bhagaitinganaa,,auto,
Bhágalpur,2,Bhaagalpur,,auto,
Bhagár,2,Bhagaar,,auto,
Bhágavad,2,Bhaagavad,,auto,
bhagavatosevá,2,bhagavatosevaa,,auto,
bháge,2,bhaage,,auto,
bhágiidár,2,bhaagiidaar,,auto,
Bhágrathi,2,Bhaagrathi,,auto,
bhágya-niyanta,2,bhaagya-niyanta,,auto,
bhágyahata,2,bhaagyahata,,auto,
bhágye,2,bhaagye,,auto,
Bhaiṋjabhúma,2,Bhaiṋjabhooma,,auto,
bháinte,2,bhaainte,,auto,
bháisyá,2,bhaaisyaa,,auto,
Bhákha,2,Bhaakha,,auto,
Bhakśayan,2,Bhakshaayan,,auto,
Bhakti-Shástras,2,Bhakti-Shaastras,,auto,
bhaktimána,2,bhaktimaana,,auto,
bhaktipremasvarúpińii,2,bhaktipremasvaroopińii,,auto,
Bhaktipremasvarúpińii,2,Bhaktipremasvaroopińii,,auto,
bhaktiránanda,2,bhaktiraananda,,auto,
Bhaktirupánanda,2,Bhaktirupaananda,,auto,
Bhaktiváda,2,Bhaktivaada,,auto,
bhálabese,2,bhaalabese,,auto,
bháláii,2,bhaalaaii,,auto,
bhálbásiyáchi,2,bhaalbaasiyaachi,,auto,
bhálgo,2,bhaalgo,,auto,
bhallá,2,bhallaa,,auto,
bhálra,2,bhaalra,,auto,
Bhánatárá,2,Bhaanataaraa,,auto,
Bháńd́árete,2,Bhaańdaarete,,auto,
bháńe,2,bhaańe,,auto,
Bhápárá,2,Bhaapaaraa,,auto,
bhár,2,bhaar,,auto,
Bháramukta,2,Bhaaramukta,,auto,
Bháráta,2,Bhaaraata,,auto,
Bharatakhańd́a,2,Bharatakhańda,,auto,
Bhárate,2,Bhaarate,,auto,
bhárgavii,2,bhaargavii,,auto,
bhariyá,2,bhariyaa,,auto,
Bháryá,2,Bhaaryaa,,auto,
bhasmántakah,2,bhasmaantakah,,auto,
bhasmarúpa,2,bhasmaroopa,,auto,
bhásvara,2,bhaasvara,,auto,
Bhásyate,2,Bhaasyate,,auto,
bhat́,2,bhat,,auto,
bhát́-t́át,2,bhaat-taat,,auto,
Bhát́gáon,2,Bhaatgaaon,,auto,
Bhát́igrám,2,Bhaatigraam,,auto,
bhátkápad́aḿ,2,bhaatkaapadam,,auto,
bhat́t́a,2,bhatta,,auto,
Bhat́t́agrám,2,Bhattagraam,,auto,
bhattanágara,2,bhattanaagara,,auto,
bhat́t́asya,2,bhattasya,,auto,
bháuṋgá,2,bhaauṋgaa,,auto,
Bháungi,2,Bhaaungi,,auto,
bhává,2,bhaavaa,,auto,
Bhavabandhanát,2,Bhavabandhanaat,,auto,
Bhavabandhanát',2,Bhavabandhanaat',,auto,
bhávádhára,2,bhaavaadhaara,,auto,
bhávagata,2,bhaavagata,,auto,
Bhávagata,2,Bhaavagata,,auto,
bhávah,2,bhaavah,,auto,
Bhávajad́atá,2,Bhaavajadataa,,auto,
Bhavániipát́ná,2,Bhavaaniipaatnaa,,auto,
bhávapravanatá,2,bhaavapravanataa,,auto,
Bhávaságar,2,Bhaavasaagar,,auto,
Bhávastha,2,Bhaavastha,,auto,
bhávátiitam,2,bhaavaatiitam,,auto,
bhávátmaka,2,bhaavaatmaka,,auto,
bhávaváhaka,2,bhaavavaahaka,,auto,
bhavavandhanát,2,bhavavandhanaat,,auto,
bhávavandhanát,2,bhaavavandhanaat,,auto,
bhávejiiva,2,bhaavejiiva,,auto,
bhávi,2,bhaavi,,auto,
Bhávibhora,2,Bhaavibhora,,auto,
bhávkendrasthitah,2,bhaavkendrasthitah,,auto,
bhavpihitaḿ,2,bhavpihitam,,auto,
Bhávt́i,2,Bhaavti,,auto,
Bhayáńaḿ,2,Bhayaańam,,auto,
bhayánvitam,2,bhayaanvitam,,auto,
bhayasrśt́a,2,bhayasrshta,,auto,
Bhayasrśt́a,2,Bhayasrshta,,auto,
bhedábhedaváda,2,bhedaabhedavaada,,auto,
bhent́,2,bhent,,auto,
bhent́er,2,bhenter,,auto,
bhereńd́á,2,bhereńdaa,,auto,
bhihat́áh,2,bhihataah,,auto,
Bhiimá,2,Bhiimaa,,auto,
Bhiiśáhasmád,2,Bhiishaahasmaad,,auto,
Bhiiśamád,2,Bhiishamaad,,auto,
bhiiśana,2,bhiishana,,auto,
Bhiiśańa,2,Bhiishańa,,auto,
Bhiisasmádagnishcendraeshca,2,Bhiisasmaadagnishchendraeshcha,,auto,
bhiiuṋge,2,bhiiuṋge,,auto,
bhijáná,2,bhijaanaa,,auto,
bhikśukáya,2,bhikshaukaaya,,auto,
bhińd́i,2,bhińdi,,auto,
Bhińd́i,2,Bhińdi,,auto,
bhiuṋge,2,bhiuṋge,,auto,
bhojáli,2,bhojaali,,auto,
Bhojonánte,2,Bhojonaante,,auto,
bholánáth,2,bholaanaath,,auto,
Bholanátha,2,Bholanaatha,,auto,
Bholánátha,2,Bholaanaatha,,auto,
bholáte,2,bholaate,,auto,
Bhondá,2,Bhondaa,,auto,
Bhramamúlam,2,Bhramamoolam,,auto,
bhramań,2,bhramań,,auto,
bhramańam,2,bhramańam,,auto,
Bhrátá,2,Bhraataa,,auto,
bhrátah,2,bhraatah,,auto,
bhrátara,2,bhraatara,,auto,
bhrátr,2,bhraatr,,auto,
Bhrátrdvitiiyá,2,Bhraatrdvitiiyaa,,auto,
bhrngaráj,2,bhrngaraaj,,auto,
bhú-bhuvah-svah-maha-jana-tapa-satya,2,bhoo-bhuvah-svah-maha-jana-tapa-satya,,auto,
bhubanaḿ,2,bhubanam,,auto,
Bhuiṋj,2,Bhuiṋj,,auto,
bhuiṋjiitháh,2,bhuiṋjiithaah,,auto,
bhujauṋgadal,2,bhujauṋgadal,,auto,
bhújauṋgásana,2,bhoojauṋgaasana,,auto,
bhuktaḿ,2,bhuktam,,auto,
Bhúkti,2,Bhookti,,auto,
bhulálo,2,bhulaalo,,auto,
bhuláy,2,bhulaay,,auto,
bhúloka,2,bhooloka,,auto,
Bhuluyá,2,Bhuluyaa,,auto,
Bhúmábháva,2,Bhoomaabhaava,,auto,
bhúmaeva,2,bhoomaeva,,auto,
Bhúmaeva,2,Bhoomaeva,,auto,
Bhumánanda,2,Bhumaananda,,auto,
bhuṋicápá,2,bhuṋichaapaa,,auto,
bhurá,2,bhuraa,,auto,
bhúrbhuva-svah,2,bhoorbhuva-svah,,auto,
bhúrbhuvah-svah-maha-jana-tapa-satya,2,bhoorbhuvah-svah-maha-jana-tapa-satya,,auto,
bhúsańa,2,bhoosańa,,auto,
bhúta-shuddhi,2,bhoota-shuddhi,,auto,
bhútah,2,bhootah,,auto,
Bhútánáḿ,2,Bhootaanaam,,auto,
bhútáńamapi,2,bhootaańamapi,,auto,
bhútánámapite,2,bhootaanaamapite,,auto,
Bhútásana,2,Bhootaasana,,auto,
BHÚTATATTVA,2,BHooTATATTVA,,auto,
bhúte,2,bhoote,,auto,
bhútebhyah,2,bhootebhyah,,auto,
bhútimicchata,2,bhootimicchata,,auto,
bhuvánani,2,bhuvaanani,,auto,
biáḿk,2,biaamk,,auto,
bibáhe,2,bibaahe,,auto,
Bidáy,2,Bidaay,,auto,
bidhátá,2,bidhaataa,,auto,
Bigŕi,2,Bigŕi,,auto,
Bijátmakatmánas,2,Bijaatmakatmaanas,,auto,
bikhalá,2,bikhalaa,,auto,
biśáń,2,bishaań,,auto,
biskut́,2,biskut,,auto,
Biśńupur,2,Bishńupur,,auto,
bláuz,2,blaauz,,auto,
Bliáva,2,Bliaava,,auto,
bodhiḿ,2,bodhim,,auto,
bodhiḿvahukalpadurlabháḿ,2,bodhimvahukalpadurlabhaam,,auto,
boká,2,bokaa,,auto,
bonáii,2,bonaaii,,auto,
boncá,2,bonchaa,,auto,
borácaka,2,boraachaka,,auto,
brahmā,2,brahmaa,,auto,
bráhma,2,braahma,,auto,
brahmabháva,2,brahmabhaava,,auto,
brahmacárii,2,brahmachaarii,,auto,
brahmacáriis,2,brahmachaariis,,auto,
brahmacaryaiṋcaranti,2,brahmacharyaiṋcharanti,,auto,
Brahmadhámá,2,Brahmadhaamaa,,auto,
Brahmaeváham,2,Brahmaevaaham,,auto,
Brahmaevahámiti,2,Brahmaevahaamiti,,auto,
Brahmáeyutamaheshaprabhrti,2,Brahmaaeyutamaheshaprabhrti,,auto,
Brahmajiṋána,2,Brahmajnyaaana,,auto,
brahmakśatriya,2,brahmakshaatriya,,auto,
Bráhmań-puśkarińii,2,Braahmań-pushkarińii,,auto,
Bráhmanah,2,Braahmanah,,auto,
Bráhmańásya,2,Braahmańaasya,,auto,
Brahmańd́a,2,Brahmańda,,auto,
brahmáńda,2,brahmaańda,,auto,
bráhmańii,2,braahmańii,,auto,
brahmapisháca,2,brahmapishaacha,,auto,
brahmarśis,2,brahmarshis,,auto,
BRÁHMII,2,BRaaHMII,,auto,
Brajabháśa,2,Brajabhaasha,,auto,
Brhaddhiká,2,Brhaddhikaa,,auto,
brhámyate,2,brhaamyate,,auto,
Brhaśpati's,2,Brhashpati's,,auto,
Brhatvadá,2,Brhatvadaa,,auto,
brkśah,2,brkshaah,,auto,
brḿhan,2,brmhan,,auto,
brśa,2,brsha,,auto,
bruyádeśah,2,bruyaadeshah,,auto,
buckiidáná,2,buckiidaanaa,,auto,
Buddhá,2,Buddhaa,,auto,
buddhatvá,2,buddhatvaa,,auto,
Budhavár,2,Budhavaar,,auto,
burá,2,buraa,,auto,
buŕii,2,buŕii,,auto,
Buriigańd́ak,2,Buriigańdak,,auto,
Búriigańdak,2,Booriigańdak,,auto,
but́i,2,buti,,auto,
byál,2,byaal,,auto,
cábhedah,2,chaabhedah,,auto,
Cábhedah,2,Chaabhedah,,auto,
Cábhyutthánaḿ,2,Chaabhyutthaanam,,auto,
Cácá,2,Chaachaa,,auto,
caccaŕe,2,chacchaŕe,,auto,
cád,2,chaad,,auto,
cádars,2,chaadars,,auto,
caduśkrtám,2,chadushkrtaam,,auto,
Caetańya's,2,Caetańya's,,auto,
Caetanyaḿ,2,Chaetanyam,,auto,
Cáeter,2,Chaaeter,,auto,
cáhe,2,chaahe,,auto,
cáhite,2,chaahite,,auto,
cáile,2,chaaile,,auto,
Cakái,2,Chakaai,,auto,
cákar,2,chaakar,,auto,
Cakrabeŕe,2,Chakrabeŕe,,auto,
cakśudośena,2,chakshaudoshena,,auto,
Cakśuh,2,Chakshauh,,auto,
cakṣuḥ,2,chakshauh,,auto,
Cakśuna,2,Chakshauna,,auto,
Cakśuná,2,Chakshaunaa,,auto,
Cakśuńá,2,Chakshauńaa,,auto,
cakśúroga,2,chakshaooroga,,auto,
Cakśurunmilitaḿ,2,Chakshaurunmilitam,,auto,
cáku,2,chaaku,,auto,
cál-culo,2,chaal-chulo,,auto,
cáláo,2,chaalaao,,auto,
cálcalan,2,chaalchalan,,auto,
caliá,2,chaliaa,,auto,
caltápúrjá,2,chaltaapoorjaa,,auto,
cámac,2,chaamac,,auto,
camatkárá,2,chamatkaaraa,,auto,
Cámcikite,2,Chaamchikite,,auto,
campá,2,champaa,,auto,
Campáran,2,Champaaran,,auto,
Cámuńd́ii,2,Chaamuńdii,,auto,
canakárarúpińii,2,chanakaararoopińii,,auto,
cańd́ala,2,chańdala,,auto,
Cańd́ála,2,Chańdaala,,auto,
Cańd́als,2,Chańdals,,auto,
candámáma,2,chandaamaama,,auto,
candan-chápa,2,chandan-chaapa,,auto,
Cand́idása,2,Chandidaasa,,auto,
Cańd́iidás,2,Chańdiidaas,,auto,
Cańd́iidasa,2,Chańdiidasa,,auto,
Cándmárii,2,Chaandmaarii,,auto,
Candrabhúśańa,2,Chandrabhooshańa,,auto,
caokiidár,2,chaokiidaar,,auto,
cáol,2,chaaol,,auto,
caośatti,2,chaoshatti,,auto,
cáoyá,2,chaaoyaa,,auto,
cápa,2,chaapa,,auto,
carācaram,2,charaacharam,,auto,
Caŕakd́áuṋgá,2,Chaŕakdaauṋgaa,,auto,
carańarajah,2,carańarajah,,auto,
carańarajastale,2,carańarajastale,,auto,
Carańe,2,Carańe,,auto,
carańer,2,carańer,,auto,
carat́i,2,charati,,auto,
Cáre,2,Chaare,,auto,
caŕinu,2,chaŕinu,,auto,
cáru,2,chaaru,,auto,
caryácarya,2,charyaacharya,,auto,
CARYÁCARYA,2,CARYaaCARYA,,auto,
Caryácaryavinishcayah,2,Charyaacharyavinishchayah,,auto,
cáś,2,chaash,,auto,
cáśá-bhúśo,2,chaashaa-bhoosho,,auto,
cáśa-bhúsorá,2,chaasha-bhoosoraa,,auto,
cáśa-bhúsorái,2,chaasha-bhoosoraai,,auto,
Cashmá,2,Chashmaa,,auto,
Cátará,2,Chaataraa,,auto,
Cat́i,2,Chati,,auto,
Cat́t́aráj,2,Chattaraaj,,auto,
Cát́t́arájs,2,Chaattaraajs,,auto,
cat́t́ojhjhá,2,chattojhjhaa,,auto,
cát́u,2,chaatu,,auto,
Cát́u,2,Chaatu,,auto,
cát́ujhajhá,2,chaatujhajhaa,,auto,
cát́ujje,2,chaatujje,,auto,
Cát́ujje,2,Chaatujje,,auto,
caturauṋgaváda,2,chaturauṋgavaada,,auto,
Cáturvarńyaḿ,2,Chaaturvarńyam,,auto,
catuśpada,2,chatushpada,,auto,
Caukát́he,2,Chaukaathe,,auto,
cávi,2,chaavi,,auto,
cembár,2,chembaar,,auto,
Ceŕiyábeŕiyá,2,Cheŕiyaabeŕiyaa,,auto,
Ceśt́á,2,Cheshtaa,,auto,
cetaná-viińáy,2,chetanaa-viińaay,,auto,
cetanádhára,2,chetanaadhaara,,auto,
cetanashilá,2,chetanashilaa,,auto,
cetanatá,2,chetanataa,,auto,
chá,2,chaa,,auto,
cháchi,2,chaachi,,auto,
chád,2,chaad,,auto,
chágalcháná,2,chaagalchaanaa,,auto,
chágalgulán,2,chaagalgulaan,,auto,
chalilá,2,chalilaa,,auto,
Chámal,2,Chaamal,,auto,
Chandamámá,2,Chandamaamaa,,auto,
chandratárakamaḿ,2,chandrataarakamam,,auto,
cháp,2,chaap,,auto,
Cháprá,2,Chaapraa,,auto,
chará,2,charaa,,auto,
chaŕáy,2,chaŕaay,,auto,
chaŕi,2,chaŕi,,auto,
chári,2,chaari,,auto,
Charitámrta,2,Charitaamrta,,auto,
Cháŕuti,2,Chaaŕuti,,auto,
Chát,2,Chaat,,auto,
chátim,2,chaatim,,auto,
Chátinákándi,2,Chaatinaakaandi,,auto,
chátraoka,2,chaatraoka,,auto,
Chátráoka,2,Chaatraaoka,,auto,
Chatrashál,2,Chatrashaal,,auto,
Chattopádhyáyas,2,Chattopaadhyaayas,,auto,
Chattrishgaŕii,2,Chattrishgaŕii,,auto,
cháyámúrti,2,chaayaamoorti,,auto,
Cháyata,2,Chaayata,,auto,
Cháyátapayoriva,2,Chaayaatapayoriva,,auto,
cheletá,2,cheletaa,,auto,
chelet́a,2,cheleta,,auto,
chirká,2,chirkaa,,auto,
Choapat́,2,Choapat,,auto,
choṋŕá,2,chomŕaa,,auto,
chot́á,2,chotaa,,auto,
Chot́ki,2,Chotki,,auto,
chut́eche,2,chuteche,,auto,
cicciŕá,2,chicchiŕaa,,auto,
ciciuṋgá,2,chichiuṋgaa,,auto,
Cidghanánanda,2,Chidghanaananda,,auto,
ciinákáuna,2,chiinaakaauna,,auto,
ciináḿshuká,2,chiinaamshukaa,,auto,
cikágo,2,chikaago,,auto,
cikanashiikaraliptá,2,chikanashiikaraliptaa,,auto,
Ciláháti,2,Chilaahaati,,auto,
ciḿri,2,chimri,,auto,
cimt́i,2,chimti,,auto,
ciná,2,chinaa,,auto,
cinilám,2,chinilaam,,auto,
Cintádhárár,2,Chintaadhaaraar,,auto,
cintár,2,chintaar,,auto,
cinyá,2,chinyaa,,auto,
Cirakál,2,Chirakaal,,auto,
ciráyurbhavatu,2,chiraayurbhavatu,,auto,
Ciŕimársái,2,Chiŕimaarsaai,,auto,
ciŕiyákháná,2,chiŕiyaakhaanaa,,auto,
Citráuṋgadá,2,Chitraauṋgadaa,,auto,
Citsvarúpa,2,Chitsvaroopa,,auto,
cittabháva,2,chittabhaava,,auto,
cittaḿ,2,chittam,,auto,
cittamásrńya,2,chittamaasrńya,,auto,
Cittanádii,2,Chittanaadii,,auto,
cuhiyá,2,chuhiyaa,,auto,
cuncŕor,2,chuncŕor,,auto,
curiká,2,churikaa,,auto,
cuŕis,2,chuŕis,,auto,
Curuválii,2,Churuvaalii,,auto,
cut́ariyá,2,chutariyaa,,auto,
Cut́iyá,2,Chutiyaa,,auto,
Cut́iyá-Nagpur,2,Chutiyaa-Nagpur,,auto,
cyáḿŕámi,2,cyaamŕaami,,auto,
d́,2,d,,auto,
dábá,2,daabaa,,auto,
dábáhunká,2,daabaahunkaa,,auto,
Dabák,2,Dabaak,,auto,
dábl,2,daabl,,auto,
dádáke,2,daadaake,,auto,
Dádás,2,Daadaas,,auto,
dádkháni,2,daadkhaani,,auto,
D́ahar,2,Dahar,,auto,
D́ahari,2,Dahari,,auto,
dáhina,2,daahina,,auto,
dáhya,2,daahya,,auto,
dájhya,2,daajhya,,auto,
D́ákárnava,2,Daakaarnava,,auto,
dáker,2,daaker,,auto,
d́áker,2,daaker,,auto,
dáki,2,daaki,,auto,
d́aki,2,daki,,auto,
d́ákilá,2,daakilaa,,auto,
dákinii,2,daakinii,,auto,
d́ákinii,2,daakinii,,auto,
Dákrás,2,Daakraas,,auto,
Dakśińaráy,2,Dakshaińaraay,,auto,
dakśińottrayosamam,2,dakshaińottrayosamam,,auto,
d́áktárkháná,2,daaktaarkhaanaa,,auto,
d́ál-t́ál,2,daal-taal,,auto,
d́álluchi,2,daalluchi,,auto,
Dalmá,2,Dalmaa,,auto,
D́ált́angaiṋja,2,Daaltangaiṋja,,auto,
damádam,2,damaadam,,auto,
dámámá,2,daamaamaa,,auto,
Dámapáná,2,Daamapaanaa,,auto,
d́amaru,2,damaru,,auto,
Damká,2,Damkaa,,auto,
dánavas,2,daanavas,,auto,
Dánavas,2,Daanavas,,auto,
dánavii,2,daanavii,,auto,
dáni,2,daani,,auto,
dánŕála,2,daanŕaala,,auto,
dánŕáo,2,daanŕaao,,auto,
d́ánŕáy,2,daanŕaay,,auto,
Dáṋŕká,2,Daaṋŕkaa,,auto,
dánsh,2,daansh,,auto,
d́ánsh,2,daansh,,auto,
Dánta,2,Daanta,,auto,
d́ánt́á,2,daantaa,,auto,
Dántan,2,Daantan,,auto,
dánt́o,2,daanto,,auto,
Daramáhát́á,2,Daramaahaataa,,auto,
dáridrya,2,daaridrya,,auto,
dariyá,2,dariyaa,,auto,
darjá,2,darjaa,,auto,
Darmáhát́á,2,Darmaahaataa,,auto,
Darpahári,2,Darpahaari,,auto,
Darpańábhávah,2,Darpańaabhaavah,,auto,
Darshaná,2,Darshanaa,,auto,
darśitaṁ,2,darshitam,,auto,
dárwájá,2,daarwaajaa,,auto,
dásas,2,daasas,,auto,
dásha,2,daasha,,auto,
dashakaḿ,2,dashakam,,auto,
dashakamdharmalakśańam,2,dashakamdharmalakshaańam,,auto,
dáso,2,daaso,,auto,
dastarkhán,2,dastarkhaan,,auto,
Dastidár,2,Dastidaar,,auto,
dasttarkháná,2,dasttarkhaanaa,,auto,
Dattapáŕá,2,Dattapaaŕaa,,auto,
d́áuka,2,daauka,,auto,
D́áuṋgá,2,Daauṋgaa,,auto,
d́áuṋgáy,2,daauṋgaay,,auto,
d́auṋká,2,dauṋkaa,,auto,
dávákháná,2,daavaakhaanaa,,auto,
dáyakam,2,daayakam,,auto,
Dayál,2,Dayaal,,auto,
dayáḿkurvanti,2,dayaamkurvanti,,auto,
dehabhrt́,2,dehabhrt,,auto,
d́eke,2,deke,,auto,
D́eke,2,Deke,,auto,
dekhádekhi,2,dekhaadekhi,,auto,
dekháol,2,dekhaaol,,auto,
dekhlená,2,dekhlenaa,,auto,
demi-Mágadhii,2,demi-Maagadhii,,auto,
Demi-Maháráśt́rii,2,Demi-Mahaaraashtrii,,auto,
Demi-Paeshácii,2,Demi-Paeshaachii,,auto,
Demi-Páshchátya,2,Demi-Paashchaatya,,auto,
demi-Prákrta,2,demi-Praakrta,,auto,
Demi-Saendhávii,2,Demi-Saendhaavii,,auto,
Demi-Saḿskrta,2,Demi-Samskrta,,auto,
d́ems,2,dems,,auto,
d́ena,2,dena,,auto,
deoyálii,2,deoyaalii,,auto,
deshái,2,deshaai,,auto,
deshakálapátraeh,2,deshakaalapaatraeh,,auto,
deshaná,2,deshanaa,,auto,
deva-kápás,2,deva-kaapaas,,auto,
DEVÁBHÁGÁḾ,2,DEVaaBHaaGaaḾ,,auto,
Devabháśá,2,Devabhaashaa,,auto,
Devádideva,2,Devaadideva,,auto,
devaḥ,2,devah,,auto,
Devanágárii,2,Devanaagaarii,,auto,
Devánáḿ,2,Devaanaam,,auto,
Devapála,2,Devapaala,,auto,
Devarśi,2,Devarshi,,auto,
Devásená,2,Devaasenaa,,auto,
Devásená's,2,Devaasenaa's,,auto,
Devásenápati,2,Devaasenaapati,,auto,
devatáńám,2,devataańaam,,auto,
Devatáre,2,Devataare,,auto,
devatáyae,2,devataayae,,auto,
Devbhása,2,Devbhaasa,,auto,
deyálgii,2,deyaalgii,,auto,
dhaeryyaḿ,2,dhaeryyam,,auto,
dhákái,2,dhaakaai,,auto,
d́halad́hala,2,dhaladhala,,auto,
d́haḿ,2,dham,,auto,
Dhanád́hya,2,Dhanaadhya,,auto,
dháncá,2,dhaanchaa,,auto,
dháne,2,dhaane,,auto,
dhanurásana,2,dhanuraasana,,auto,
Dhánya,2,Dhaanya,,auto,
Dhará,2,Dharaa,,auto,
Dhárá,2,Dhaaraa,,auto,
dhaŕá-cúŕá,2,dhaŕaa-chooŕaa,,auto,
dharahará,2,dharaharaa,,auto,
dharáhará,2,dharaaharaa,,auto,
Dharamakśetre,2,Dharamakshaetre,,auto,
dhárańam,2,dhaarańam,,auto,
dharańiite,2,dharańiite,,auto,
dharáre,2,dharaare,,auto,
Dháráyantre,2,Dhaaraayantre,,auto,
Dharma-T́hákura,2,Dharma-Thaakura,,auto,
Dharmácaret,2,Dharmaacharet,,auto,
Dharmadeshaná,2,Dharmadeshanaa,,auto,
DHARMAKŚETRA,2,DHARMAkshaETRA,,auto,
dharmameghánanda,2,dharmameghaananda,,auto,
Dharmameghánanda,2,Dharmameghaananda,,auto,
Dharmapáda,2,Dharmapaada,,auto,
Dharmárthakama,2,Dharmaarthakama,,auto,
Dharmasaḿsthápana,2,Dharmasamsthaapana,,auto,
dharmasaḿsthápanártháya,2,dharmasamsthaapanaarthaaya,,auto,
Dharmatalá,2,Dharmatalaa,,auto,
Dhármic,2,Dhaarmic,,auto,
D́hele,2,Dhele,,auto,
dhenŕash,2,dhenŕash,,auto,
Dhenŕash,2,Dhenŕash,,auto,
Dhiirvidyásatyamakrodho,2,Dhiirvidyaasatyamakrodho,,auto,
dhikkár,2,dhikkaar,,auto,
dhikráyá,2,dhikraayaa,,auto,
d́hok,2,dhok,,auto,
Dhopá,2,Dhopaa,,auto,
dhrtaḿ,2,dhrtam,,auto,
dhrtaráśt́rah,2,dhrtaraashtrah,,auto,
Dhrti-kśamá,2,Dhrti-kshaamaa,,auto,
Dhrti-kśamá-damo'steyaḿ-shaocamendriyanigrahah,2,Dhrti-kshaamaa-damo'steyam-shaochamendriyanigrahah,,auto,
Dhruvamadhruveśviha,2,Dhruvamadhruveshviha,,auto,
Dhubŕi,2,Dhubŕi,,auto,
Dhudhárii,2,Dhudhaarii,,auto,
d́huk,2,dhuk,,auto,
dhúlár,2,dhoolaar,,auto,
Dhúlimay,2,Dhoolimay,,auto,
Dhúma,2,Dhooma,,auto,
dhúman,2,dhooman,,auto,
Dhúmavatii,2,Dhoomavatii,,auto,
D́hund́háru,2,Dhundhaaru,,auto,
dhúpadáni,2,dhoopadaani,,auto,
Dhúrjat́iri,2,Dhoorjatiri,,auto,
Dhuvŕi,2,Dhuvŕi,,auto,
dhvanikalá,2,dhvanikalaa,,auto,
dhyá,2,dhyaa,,auto,
Dhyána-dhárańá,2,Dhyaana-dhaarańaa,,auto,
Dhyánamantra,2,Dhyaanamantra,,auto,
dhyánásanas,2,dhyaanaasanas,,auto,
Dhyániibuddha,2,Dhyaaniibuddha,,auto,
didimá,2,didimaa,,auto,
diiáoyálii,2,diiaaoyaalii,,auto,
diiashaláá,2,diiashalaaaa,,auto,
diighalchánpá,2,diighalchaanpaa,,auto,
diioyáli,2,diioyaali,,auto,
Diipashaláká,2,Diipashalaakaa,,auto,
Diirghá,2,Diirghaa,,auto,
diirgháyat,2,diirghaayat,,auto,
diirgháyata,2,diirghaayata,,auto,
d́iitame,2,diitame,,auto,
diiwáli,2,diiwaali,,auto,
diiyárá,2,diiyaaraa,,auto,
diiyáshaláy,2,diiyaashalaay,,auto,
dikśa,2,dikshaa,,auto,
Dinájpur,2,Dinaajpur,,auto,
Dinamána,2,Dinamaana,,auto,
Dinánte,2,Dinaante,,auto,
dioná,2,dionaa,,auto,
Dioná,2,Dionaa,,auto,
dit́hi,2,dithi,,auto,
Divasasyáśt́ame,2,Divasasyaashtame,,auto,
divyacakśu,2,divyachakshau,,auto,
divyácáŕa,2,divyaachaaŕa,,auto,
diwál,2,diwaal,,auto,
diwáŕ,2,diwaaŕ,,auto,
do-áb,2,do-aab,,auto,
Do-áb,2,Do-aab,,auto,
Doáb,2,Doaab,,auto,
doádashii,2,doaadashii,,auto,
d́ográ,2,dograa,,auto,
dokándár,2,dokaandaar,,auto,
dokká,2,dokkaa,,auto,
Doḿa,2,Doma,,auto,
donhá,2,donhaa,,auto,
Dońt,2,Dońt,,auto,
dońt́,2,dońt,,auto,
donyásh,2,donyaash,,auto,
Doś-guń,2,Dosh-guń,,auto,
dośa,2,dosha,,auto,
Dośke,2,Doshke,,auto,
doyát,2,doyaat,,auto,
drámid́,2,draamid,,auto,
draśt́á-rśi,2,drashtaa-rshi,,auto,
Dravyaḿ,2,Dravyam,,auto,
Drgdarshanashaktyorekátmataevásmitá,2,Drgdarshanashaktyorekaatmataevaasmitaa,,auto,
drshyamekarát́,2,drshyamekaraat,,auto,
drt́,2,drt,,auto,
dudhiyá,2,dudhiyaa,,auto,
dugdhakśiira,2,dugdhakshaiira,,auto,
dugdhakśiirá,2,dugdhakshaiiraa,,auto,
d́ugi,2,dugi,,auto,
duhkhátma,2,duhkhaatma,,auto,
dulár,2,dulaar,,auto,
Dumká's,2,Dumkaa's,,auto,
Duniyáy,2,Duniyaay,,auto,
Dúr,2,Door,,auto,
dúrácárii,2,dooraachaarii,,auto,
dúrast,2,doorast,,auto,
Durgácat́i,2,Durgaachati,,auto,
Durgapúja,2,Durgapooja,,auto,
Durgápur,2,Durgaapur,,auto,
dúrgásaptamii,2,doorgaasaptamii,,auto,
Durgáśt́amii,2,Durgaashtamii,,auto,
durjanasáḿsargaḿ,2,durjanasaamsargam,,auto,
durvá,2,durvaa,,auto,
duśkrtakáriis,2,dushkrtakaariis,,auto,
duśkrtáḿ,2,dushkrtaam,,auto,
duśt́a,2,dushta,,auto,
dút́i,2,dooti,,auto,
Dvádashavarddhaká,2,Dvaadashavarddhakaa,,auto,
Dvaetadvaetaváda,2,Dvaetadvaetavaada,,auto,
dvaetavádi,2,dvaetavaadi,,auto,
dvápara,2,dvaapara,,auto,
Dváparah,2,Dvaaparah,,auto,
dvár,2,dvaar,,auto,
dvárah,2,dvaarah,,auto,
Dváraká,2,Dvaarakaa,,auto,
Dvárakánátha,2,Dvaarakaanaatha,,auto,
dvárakár,2,dvaarakaar,,auto,
Dvarbaśinii,2,Dvarbashinii,,auto,
Dvárbháuṋga,2,Dvaarbhaauṋga,,auto,
dváriká,2,dvaarikaa,,auto,
Dvárikánátha,2,Dvaarikaanaatha,,auto,
Dvigartabhúmi,2,Dvigartabhoomi,,auto,
dviguńa,2,dviguńa,,auto,
Dvisamakonásana,2,Dvisamakonaasana,,auto,
Dvisamakońásana,2,Dvisamakońaasana,,auto,
Dvithriḿshakot́ibhujakharakaravále,2,Dvithrimshakotibhujakharakaravaale,,auto,
dvitvamápannah,2,dvitvamaapannah,,auto,
d́yáuṋgara,2,dyaauṋgara,,auto,
Dyotamána,2,Dyotamaana,,auto,
dyotaniáná,2,dyotaniaanaa,,auto,
dystanátmakah,2,dystanaatmakah,,auto,
e-belá,2,e-belaa,,auto,
eblá,2,eblaa,,auto,
echlám,2,echlaam,,auto,
ed́inbárg,2,edinbaarg,,auto,
Ekacakrá,2,Ekachakraa,,auto,
EKÁDASHII,2,EKaaDASHII,,auto,
ekádashiis,2,ekaadashiis,,auto,
Ekádhik,2,Ekaadhik,,auto,
Ekajátá,2,Ekajaataa,,auto,
Ekákin,2,Ekaakin,,auto,
ekákinii,2,ekaakinii,,auto,
ekatribhútáh,2,ekatribhootaah,,auto,
ekatritáh,2,ekatritaah,,auto,
Ekáuṋgavár,2,Ekaauṋgavaar,,auto,
ekaváhana,2,ekavaahana,,auto,
ekbháve,2,ekbhaave,,auto,
ekháne,2,ekhaane,,auto,
ekká-t́omt́om,2,ekkaa-tomtom,,auto,
Ekt́ákiyá,2,Ektaakiyaa,,auto,
ekt́áná,2,ektaanaa,,auto,
ektárát́i,2,ektaaraati,,auto,
ektasádii,2,ektasaadii,,auto,
ekt́ukháni,2,ektukhaani,,auto,
elác,2,elaac,,auto,
ELÁC,2,ELaaC,,auto,
emná,2,emnaa,,auto,
Erańd́a,2,Erańda,,auto,
erańd́ah,2,erańdah,,auto,
erańd́i,2,erańdi,,auto,
Erávata,2,Eraavata,,auto,
eŕáye,2,eŕaaye,,auto,
eśańa,2,eshańa,,auto,
etaddhyevákśaraḿ,2,etaddhyevaakshaaram,,auto,
Etadeválambanaḿ,2,Etadevaalambanam,,auto,
etadhyevákśaraḿ,2,etadhyevaakshaaram,,auto,
Etakála,2,Etakaala,,auto,
Evamátmani,2,Evamaatmani,,auto,
eyákádash,2,eyaakaadash,,auto,
fa-a-a-t́i,2,fa-a-a-ti,,auto,
gáa,2,gaaa,,auto,
gabhmeńt́,2,gabhmeńt,,auto,
Gách,2,Gaach,,auto,
Gáche,2,Gaache,,auto,
Gachiyá,2,Gachiyaa,,auto,
Gáchiyá,2,Gaachiyaa,,auto,
Gad́d́,2,Gadd,,auto,
gaddáliká,2,gaddaalikaa,,auto,
gád́h,2,gaadh,,auto,
gad́har,2,gadhar,,auto,
Gaelá,2,Gaelaa,,auto,
gahanaḿ,2,gahanam,,auto,
gahapuruśa,2,gahapurusha,,auto,
gáhiba,2,gaahiba,,auto,
gáhiyá,2,gaahiyaa,,auto,
Gáighát́á,2,Gaaighaataa,,auto,
Gáika,2,Gaaika,,auto,
gájan,2,gaajan,,auto,
gájana,2,gaajana,,auto,
Gájana,2,Gaajana,,auto,
gajatá,2,gajataa,,auto,
gál,2,gaal,,auto,
Gámachá,2,Gaamachaa,,auto,
Gámáriyá,2,Gaamaariyaa,,auto,
gámbhárii,2,gaambhaarii,,auto,
Gańa,2,Gańa,,auto,
Gáńa-patyácára,2,Gaańa-patyaachaara,,auto,
gańabharańam,2,gańabharańam,,auto,
gańábharańam,2,gańaabharańam,,auto,
Gańábharańam,2,Gańaabharańam,,auto,
Gánápatya,2,Gaanaapatya,,auto,
Gáńapatyácara,2,Gaańapatyaachara,,auto,
Gandál,2,Gandaal,,auto,
gandarukmińii,2,gandarukmińii,,auto,
gandha-yakśinii,2,gandha-yakshainii,,auto,
Gandhabańic,2,Gandhabańic,,auto,
gandhaghráńá,2,gandhaghraańaa,,auto,
gandhákśa,2,gandhaakshaa,,auto,
gandhalolupá,2,gandhalolupaa,,auto,
Gándhára,2,Gaandhaara,,auto,
Gándhárbhúmi,2,Gaandhaarbhoomi,,auto,
gandharvá,2,gandharvaa,,auto,
Gándharva,2,Gaandharva,,auto,
gandharvavidyá,2,gandharvavidyaa,,auto,
Gandhayakśinii,2,Gandhayakshainii,,auto,
Gańesh,2,Gańesh,,auto,
Gańesh's,2,Gańesh's,,auto,
Gangásagar,2,Gangaasagar,,auto,
Gangopádhyáyas,2,Gangopaadhyaayas,,auto,
gánjár,2,gaanjaar,,auto,
gánt́se,2,gaantse,,auto,
Gányer,2,Gaanyer,,auto,
gaoń,2,gaoń,,auto,
gaońa,2,gaońa,,auto,
Gaoŕadesha,2,Gaoŕadesha,,auto,
Gaoŕádya,2,Gaoŕaadya,,auto,
Gaoŕapáda,2,Gaoŕapaada,,auto,
Gaoráuṋgad́i,2,Gaoraauṋgadi,,auto,
Gaoriibeŕe,2,Gaoriibeŕe,,auto,
gaŕe,2,gaŕe,,auto,
Gárgaka,2,Gaargaka,,auto,
gaŕgaŕanti,2,gaŕgaŕanti,,auto,
gárgl,2,gaargl,,auto,
Gaŕhwalis,2,Gaŕhwalis,,auto,
gárii,2,gaarii,,auto,
Gáŕii,2,Gaaŕii,,auto,
garud́ásana,2,garudaasana,,auto,
gatibardhanaḿ,2,gatibardhanam,,auto,
Gátra,2,Gaatra,,auto,
gátramocchana,2,gaatramocchana,,auto,
gátramokśańa,2,gaatramokshaańa,,auto,
gátta,2,gaatta,,auto,
Gauṋgájii,2,Gauṋgaajii,,auto,
gáuṋganiir,2,gaauṋganiir,,auto,
Gauṋgáságar,2,Gauṋgaasaagar,,auto,
gawáhir,2,gawaahir,,auto,
Gáyat,2,Gaayat,,auto,
gáyatri,2,gaayatri,,auto,
gáyattra,2,gaayattra,,auto,
gáyer,2,gaayer,,auto,
gáyiká,2,gaayikaa,,auto,
gehuṋ,2,gehuṋ,,auto,
gelaná,2,gelanaa,,auto,
gent́e,2,gente,,auto,
geṋyo,2,geṋyo,,auto,
Genyokháli,2,Genyokhaali,,auto,
geŕe,2,geŕe,,auto,
ghád́a,2,ghaada,,auto,
Ghághar,2,Ghaaghar,,auto,
Ghághrá,2,Ghaaghraa,,auto,
Gháńena,2,Ghaańena,,auto,
ghańt́a,2,ghańta,,auto,
Gharańa,2,Gharańa,,auto,
gharáńás,2,gharaańaas,,auto,
Gharghará,2,Ghargharaa,,auto,
ghaŕiyál,2,ghaŕiyaal,,auto,
ghás,2,ghaas,,auto,
Ghat́e,2,Ghate,,auto,
ghát́ke,2,ghaatke,,auto,
ghát́t́á,2,ghaattaa,,auto,
ghoŕád́om,2,ghoŕaadom,,auto,
ghoŕánim,2,ghoŕaanim,,auto,
Ghośals,2,Ghoshals,,auto,
ghrá,2,ghraa,,auto,
Ghughud́áuṋgá,2,Ghughudaauṋgaa,,auto,
ghúmáuka,2,ghoomaauka,,auto,
Ghunghat́,2,Ghunghat,,auto,
Ghushkiláo,2,Ghushkilaao,,auto,
Gidhaoŕ,2,Gidhaoŕ,,auto,
Gidhaoŕa,2,Gidhaoŕa,,auto,
Gidhdhaud́a,2,Gidhdhauda,,auto,
Gidhdhkúd́a,2,Gidhdhkooda,,auto,
giitáshrii,2,giitaashrii,,auto,
Giitáy,2,Giitaay,,auto,
girgit́i,2,girgiti,,auto,
Girid́i,2,Giridi,,auto,
Girijá,2,Girijaa,,auto,
glaceśt́ár,2,glacheshtaar,,auto,
glaśt́ár,2,glashtaar,,auto,
Glaśt́ár,2,Glashtaar,,auto,
gobághá,2,gobaaghaa,,auto,
gobrahmaghátakáh,2,gobrahmaghaatakaah,,auto,
godhumá,2,godhumaa,,auto,
godhumái,2,godhumaai,,auto,
Golám,2,Golaam,,auto,
Goláp,2,Golaap,,auto,
gollá,2,gollaa,,auto,
gomastá,2,gomastaa,,auto,
gonŕá,2,gonŕaa,,auto,
gopá,2,gopaa,,auto,
Gopálapála,2,Gopaalapaala,,auto,
Gopálapálaka,2,Gopaalapaalaka,,auto,
Gorakśanatha,2,Gorakshaanatha,,auto,
Gorubáthán,2,Gorubaathaan,,auto,
Gośpada,2,Goshpada,,auto,
gośt́hi,2,goshthi,,auto,
gośt́hii,2,goshthii,,auto,
Gośt́hii,2,Goshthii,,auto,
gotramátrká,2,gotramaatrkaa,,auto,
gourd-kamańd́alu,2,gourd-kamańdalu,,auto,
govághá,2,govaaghaa,,auto,
Govindapáda,2,Govindapaada,,auto,
Goyáŕi-Krishnanagar,2,Goyaaŕi-Krishnanagar,,auto,
grahitá,2,grahitaa,,auto,
Grám-cháŕá,2,Graam-chaaŕaa,,auto,
grámiińa,2,graamiińa,,auto,
Granthakśa,2,Granthakshaa,,auto,
granthashálá,2,granthashaalaa,,auto,
granthisudhá,2,granthisudhaa,,auto,
Grhińii,2,Grhińii,,auto,
griivá,2,griivaa,,auto,
gryaḿ,2,gryam,,auto,
guhán,2,guhaan,,auto,
guháyam,2,guhaayam,,auto,
guiṋjariyá,2,guiṋjariyaa,,auto,
guláb,2,gulaab,,auto,
Gulaiṋca,2,Gulaiṋcha,,auto,
gulál,2,gulaal,,auto,
gulán,2,gulaan,,auto,
guńadaniish,2,guńadaniish,,auto,
guńádhiisa,2,guńaadhiisa,,auto,
Guńádiisha,2,Guńaadiisha,,auto,
Gunáhiina,2,Gunaahiina,,auto,
Guńahiinamaheshagańábharańaḿ,2,Guńahiinamaheshagańaabharańam,,auto,
Guńahiinamahesham,2,Guńahiinamahesham,,auto,
guńakarma,2,guńakarma,,auto,
guńákśobha,2,guńaakshaobha,,auto,
guńáńamiisha,2,guńaańamiisha,,auto,
guńáńámiishapáraḿ,2,guńaańaamiishapaaram,,auto,
guńasrśt́a,2,guńasrshta,,auto,
Gunátiita,2,Gunaatiita,,auto,
guńatiita,2,guńatiita,,auto,
guńátiita,2,guńaatiita,,auto,
Guńavarjita,2,Guńavarjita,,auto,
guńena,2,guńena,,auto,
guńi,2,guńi,,auto,
guńin,2,guńin,,auto,
Guptavrndávan,2,Guptavrndaavan,,auto,
gúr,2,goor,,auto,
Gúr,2,Goor,,auto,
guŕa,2,guŕa,,auto,
guŕaḿ,2,guŕam,,auto,
Gurukrpá,2,Gurukrpaa,,auto,
Gururuśt́ao,2,Gururushtao,,auto,
Guvábágán,2,Guvaabaagaan,,auto,
guyápáń,2,guyaapaań,,auto,
Há,2,Haa,,auto,
há-bháte,2,haa-bhaate,,auto,
hádich,2,haadich,,auto,
hádis,2,haadis,,auto,
háhakh,2,haahakh,,auto,
haiá,2,haiaa,,auto,
Háilákándi,2,Haailaakaandi,,auto,
hájir,2,haajir,,auto,
Hákim,2,Haakim,,auto,
hála,2,haala,,auto,
halásana,2,halaasana,,auto,
hálo,2,haalo,,auto,
Hámára,2,Haamaara,,auto,
haḿsiir,2,hamsiir,,auto,
hánáháni,2,haanaahaani,,auto,
hániph,2,haaniph,,auto,
Hánna,2,Haanna,,auto,
háńńa,2,haańńa,,auto,
hánŕol,2,haanŕol,,auto,
hansá,2,hansaa,,auto,
Hánskháli,2,Haanskhaali,,auto,
hánso,2,haanso,,auto,
hánsuli,2,haansuli,,auto,
hánt́u,2,haantu,,auto,
hánt́upánit,2,haantupaanit,,auto,
háolii,2,haaolii,,auto,
haowá,2,haowaa,,auto,
Haŕ,2,Haŕ,,auto,
háŕ,2,haaŕ,,auto,
Háŕ,2,Haaŕ,,auto,
hárála,2,haaraala,,auto,
hárám,2,haaraam,,auto,
Harańa,2,Harańa,,auto,
háráno,2,haaraano,,auto,
háránu,2,haaraanu,,auto,
Haŕaoti,2,Haŕaoti,,auto,
hariahánna,2,hariahaanna,,auto,
Hariahánya,2,Hariahaanya,,auto,
Hariháná,2,Harihaanaa,,auto,
harikathá,2,harikathaa,,auto,
hariḿ,2,harim,,auto,
hariń,2,hariń,,auto,
Harińkholá,2,Harińkholaa,,auto,
Haripadapadmavihárińi,2,Haripadapadmavihaarińi,,auto,
haritdhánya,2,haritdhaanya,,auto,
Háritii,2,Haaritii,,auto,
hariyáná,2,hariyaanaa,,auto,
hariyáńá,2,hariyaańaa,,auto,
Harśa,2,Harsha,,auto,
Hartukiibágán,2,Hartukiibaagaan,,auto,
hása,2,haasa,,auto,
Hása,2,Haasa,,auto,
hásáhási,2,haasaahaasi,,auto,
hásiti,2,haasiti,,auto,
Háspátál,2,Haaspaataal,,auto,
hataḥ,2,hatah,,auto,
hátáháti,2,haataahaati,,auto,
hatáyurbhava,2,hataayurbhava,,auto,
háter,2,haater,,auto,
hat́há,2,hathaa,,auto,
Hátha,2,Haatha,,auto,
Hat́hát,2,Hathaat,,auto,
Háthe,2,Haathe,,auto,
hat́ná,2,hatnaa,,auto,
hat́t́a,2,hatta,,auto,
Hat́t́a,2,Hatta,,auto,
Hát́talá,2,Haattalaa,,auto,
hatyá,2,hatyaa,,auto,
háuṋgar,2,haauṋgar,,auto,
háuzif,2,haauzif,,auto,
havá,2,havaa,,auto,
hává,2,haavaa,,auto,
hávelii,2,haavelii,,auto,
Hávelii-Khaŕgpur,2,Haavelii-Khaŕgpur,,auto,
Hawámahal,2,Hawaamahal,,auto,
háyá,2,haayaa,,auto,
hayrán,2,hayraan,,auto,
Házáribág,2,Haazaaribaag,,auto,
Házárilál,2,Haazaarilaal,,auto,
házrá,2,haazraa,,auto,
Heleiṋcá,2,Heleiṋchaa,,auto,
Hid́imbá,2,Hidimbaa,,auto,
hiiṋce,2,hiiṋche,,auto,
hiirákaśa,2,hiiraakasha,,auto,
hilsá,2,hilsaa,,auto,
Himálaya,2,Himaalaya,,auto,
himavidhumuktádhavalatrunge,2,himavidhumuktaadhavalatrunge,,auto,
hiḿsá-anal,2,himsaa-anal,,auto,
himságar,2,himsaagar,,auto,
hindustán,2,hindustaan,,auto,
hintál,2,hintaal,,auto,
Hirańyagarba,2,Hirańyagarba,,auto,
Hirańyakasipu,2,Hirańyakasipu,,auto,
Hirańyakasipu's,2,Hirańyakasipu's,,auto,
Hirańyákśa,2,Hirańyaakshaa,,auto,
Hitaḿ,2,Hitam,,auto,
Hitáḿshu,2,Hitaamshu,,auto,
hitárthaḿ,2,hitaartham,,auto,
Holá,2,Holaa,,auto,
honá,2,honaa,,auto,
hotás,2,hotaas,,auto,
hotlá,2,hotlaa,,auto,
hriiḿ-kriiḿ-phat́,2,hriim-kriim-phat,,auto,
huá,2,huaa,,auto,
hud́ál,2,hudaal,,auto,
hud́ár,2,hudaar,,auto,
hukamdár,2,hukamdaar,,auto,
hukká,2,hukkaa,,auto,
huḿkár,2,humkaar,,auto,
huńdár,2,huńdaar,,auto,
hutáshana,2,hutaashana,,auto,
Hutumpeiṋcár,2,Hutumpeiṋchaar,,auto,
hyáḿlá,2,hyaamlaa,,auto,
hyaptakáma,2,hyaptakaama,,auto,
hyesá,2,hyesaa,,auto,
Icád́i,2,Ichaadi,,auto,
Icágaŕ,2,Ichaagaŕ,,auto,
icás,2,ichaas,,auto,
Iccámayii,2,Icchaamayii,,auto,
ichá,2,ichaa,,auto,
Ichá,2,Ichaa,,auto,
ihántika,2,ihaantika,,auto,
iid́,2,iid,,auto,
Iid́a,2,Iida,,auto,
Iid́ya,2,Iidya,,auto,
Iihá,2,Iihaa,,auto,
Iihaketaná,2,Iihaketanaa,,auto,
iipsá,2,iipsaa,,auto,
Iishák,2,Iishaak,,auto,
iishán,2,iishaan,,auto,
Iisháná,2,Iishaanaa,,auto,
Iisháváshyamidaḿ,2,Iishaavaashyamidam,,auto,
Iishvaráńam,2,Iishvaraańam,,auto,
Iishvarersrśt́i,2,Iishvarersrshti,,auto,
ijájat,2,ijaajat,,auto,
ikśa,2,ikshaa,,auto,
Ikśańa,2,Ikshaańa,,auto,
imá,2,imaa,,auto,
imánllokániishata,2,imaanllokaaniishata,,auto,
imárat,2,imaarat,,auto,
incaŕe,2,inchaŕe,,auto,
Indráhása,2,Indraahaasa,,auto,
Indrajitá,2,Indrajitaa,,auto,
Indráńii,2,Indraańii,,auto,
Indráyúdha,2,Indraayoodha,,auto,
Indriyáńáḿ,2,Indriyaańaam,,auto,
Inráyudha,2,Inraayudha,,auto,
Irá,2,Iraa,,auto,
Iráńbej,2,Iraańbej,,auto,
Iráńvej,2,Iraańvej,,auto,
irávatii,2,iraavatii,,auto,
irińa,2,irińa,,auto,
Ishádyamáyá,2,Ishaadyamaayaa,,auto,
Iśipattana,2,Ishipattana,,auto,
iśta,2,ishta,,auto,
iśt́aka,2,ishtaka,,auto,
iśt́akanyása,2,ishtakanyaasa,,auto,
itihásottara,2,itihaasottara,,auto,
itipúrve,2,itipoorve,,auto,
Ityágacchatyajasraḿ,2,Ityaagacchatyajasram,,auto,
ityárthe,2,ityaarthe,,auto,
ityuktá,2,ityuktaa,,auto,
iyaḿ,2,iyam,,auto,
iyatimkháná,2,iyatimkhaanaa,,auto,
iyattá,2,iyattaa,,auto,
J-I-Ṋ-Á,2,J-I-Ṋ-aa,,auto,
jábar,2,jaabar,,auto,
jacchái,2,jacchaai,,auto,
jáccheḿ,2,jaacchem,,auto,
jáce,2,jaache,,auto,
jáche,2,jaache,,auto,
JAD́A,2,JADA,,auto,
jad́ádhára,2,jadaadhaara,,auto,
jad́asamádhi,2,jadasamaadhi,,auto,
jad́ashakti,2,jadashakti,,auto,
jádukar,2,jaadukar,,auto,
Jád́yápahá,2,Jaadyaapahaa,,auto,
jáechi,2,jaaechi,,auto,
Jaeśt́hi,2,Jaeshthi,,auto,
jágarańe,2,jaagarańe,,auto,
jagathitá,2,jagathitaa,,auto,
jagathitáya,2,jagathitaaya,,auto,
jágatika,2,jaagatika,,auto,
jagatkartrpátr,2,jagatkartrpaatr,,auto,
jagatkarttá,2,jagatkarttaa,,auto,
Jagatnáráyańa,2,Jagatnaaraayańa,,auto,
Jagatsákśiirupaḿ,2,Jagatsaakshaiirupam,,auto,
jagatśakśiirupáḿ,2,jagatshakshaiirupaam,,auto,
jagatyaḿjagat,2,jagatyamjagat,,auto,
jágáy,2,jaagaay,,auto,
jági,2,jaagi,,auto,
jágiyo,2,jaagiyo,,auto,
Jágiyo,2,Jaagiyo,,auto,
jáglo,2,jaaglo,,auto,
jágradavastáy,2,jaagradavastaay,,auto,
Jágrat-svapna-suśuptyádi,2,Jaagrat-svapna-sushuptyaadi,,auto,
Jágrata,2,Jaagrata,,auto,
Jágrata-svapna-suśuptyádi,2,Jaagrata-svapna-sushuptyaadi,,auto,
jágrtis,2,jaagrtis,,auto,
Jáhán,2,Jaahaan,,auto,
jáiba,2,jaaiba,,auto,
jáio,2,jaaio,,auto,
jalauká,2,jalaukaa,,auto,
Jalpáiguŕi,2,Jalpaaiguŕi,,auto,
jalpán,2,jalpaan,,auto,
jaltarauṋga,2,jaltarauṋga,,auto,
Jáma,2,Jaama,,auto,
jámá,2,jaamaa,,auto,
Jamálpur,2,Jamaalpur,,auto,
Jámálpur,2,Jaamaalpur,,auto,
Jámbunada,2,Jaambunada,,auto,
Jambushilá,2,Jambushilaa,,auto,
jamiindár,2,jamiindaar,,auto,
jamindár,2,jamindaar,,auto,
jámrul,2,jaamrul,,auto,
Jámtuŕá,2,Jaamtuŕaa,,auto,
Jámun,2,Jaamun,,auto,
Janá,2,Janaa,,auto,
Jáná,2,Jaanaa,,auto,
janáb,2,janaab,,auto,
janagośt́hii,2,janagoshthii,,auto,
jánahun,2,jaanahun,,auto,
Jánakiinathe,2,Jaanakiinathe,,auto,
jánálá,2,jaanaalaa,,auto,
Jánálá,2,Jaanaalaa,,auto,
Jánálen,2,Jaanaalen,,auto,
janáḿ,2,janaam,,auto,
janámstistate,2,janaamstistate,,auto,
janáḿsttiśt́hati,2,janaamsttishthati,,auto,
janár,2,janaar,,auto,
JÁNATÁM,2,JaaNATaaM,,auto,
jánat́am,2,jaanatam,,auto,
jánháse,2,jaanhaase,,auto,
jánilám,2,jaanilaam,,auto,
jániná,2,jaaninaa,,auto,
jáno,2,jaano,,auto,
janttu-jánowár,2,janttu-jaanowaar,,auto,
Jánushirasana,2,Jaanushirasana,,auto,
jáore,2,jaaore,,auto,
Japámah,2,Japaamah,,auto,
jár,2,jaar,,auto,
jará,2,jaraa,,auto,
Jaŕa,2,Jaŕa,,auto,
jaradgavaḥ,2,jaradgavah,,auto,
jaŕáno,2,jaŕaano,,auto,
jardápáttii,2,jardaapaattii,,auto,
jaŕii,2,jaŕii,,auto,
ját,2,jaat,,auto,
jat́ájál,2,jataajaal,,auto,
Játascha,2,Jaatascha,,auto,
Játasyahi,2,Jaatasyahi,,auto,
Játaveda,2,Jaataveda,,auto,
jat́haragardhavá,2,jatharagardhavaa,,auto,
jat́haragardhaváh,2,jatharagardhavaah,,auto,
Jat́ila,2,Jatila,,auto,
Játismaratva,2,Jaatismaratva,,auto,
jauṋgama,2,jauṋgama,,auto,
jáva,2,jaava,,auto,
jawáhir,2,jawaahir,,auto,
Jayantiyá,2,Jayantiyaa,,auto,
Jayashauṋkarii,2,Jayashauṋkarii,,auto,
Jayasiḿha,2,Jayasimha,,auto,
jáyche,2,jaayche,,auto,
jayd́hák,2,jaydhaak,,auto,
Jelepáŕá's,2,Jelepaaŕaa's,,auto,
jemná,2,jemnaa,,auto,
Jemokándi,2,Jemokaandi,,auto,
Jerid́i,2,Jeridi,,auto,
jhá,2,jhaa,,auto,
jháler,2,jhaaler,,auto,
jhalkáni,2,jhalkaani,,auto,
jhánjhe,2,jhaanjhe,,auto,
jhánp,2,jhaanp,,auto,
Jhánpá,2,Jhaanpaa,,auto,
Jhánpán,2,Jhaanpaan,,auto,
Jhánt́ipáháŕii,2,Jhaantipaahaaŕii,,auto,
Jhaŕeshvara,2,Jhaŕeshvara,,auto,
Jhaŕgrám,2,Jhaŕgraam,,auto,
Jharńá,2,Jharńaa,,auto,
jharńakalam,2,jharńakalam,,auto,
jháŕo,2,jhaaŕo,,auto,
jhiuṋgeshál,2,jhiuṋgeshaal,,auto,
jholá,2,jholaa,,auto,
jibbháya,2,jibbhaaya,,auto,
jihváya,2,jihvaaya,,auto,
jiiánta,2,jiiaanta,,auto,
jiirńadań,2,jiirńadań,,auto,
Jiivá,2,Jiivaa,,auto,
jiivanadevatá,2,jiivanadevataa,,auto,
jiivanaḿ,2,jiivanam,,auto,
jiivapúrńa,2,jiivapoorńa,,auto,
jiivashúnya,2,jiivashoonya,,auto,
Jiivátmans,2,Jiivaatmans,,auto,
Jiivátmáparamátmanah,2,Jiivaatmaaparamaatmanah,,auto,
jiiviká,2,jiivikaa,,auto,
Jiiviká,2,Jiivikaa,,auto,
jiivitáh,2,jiivitaah,,auto,
jiivitaḿ,2,jiivitam,,auto,
Jilá,2,Jilaa,,auto,
jilápii,2,jilaapii,,auto,
jimkhána,2,jimkhaana,,auto,
jimkháná,2,jimkhaanaa,,auto,
Jiṋamátmani,2,Jnyaamaatmani,,auto,
Jinána,2,Jinaana,,auto,
Jiṋána-saḿkalinii,2,Jnyaaana-samkalinii,,auto,
jiṋánacarcá,2,jnyaaanacharchaa,,auto,
jiṋánakriyá,2,jnyaaanakriyaa,,auto,
jiṋánamurttim,2,jnyaaanamurttim,,auto,
jiṋánaḿviná,2,jnyaaanamvinaa,,auto,
jiṋánanantam,2,jnyaaananantam,,auto,
jiṋánayogis,2,jnyaaanayogis,,auto,
jiṋánii-guńiir,2,jnyaaanii-guńiir,,auto,
Jiṋániicenmokśamapnuyát,2,Jnyaaaniichenmokshaamapnuyaat,,auto,
jiṋánin,2,jnyaaanin,,auto,
jiṋáta,2,jnyaaata,,auto,
jiṋátr,2,jnyaaatr,,auto,
jiṋátrshakti,2,jnyaaatrshakti,,auto,
jiṋátrtva,2,jnyaaatrtva,,auto,
jindá,2,jindaa,,auto,
jipán,2,jipaan,,auto,
jiráshál,2,jiraashaal,,auto,
jñāna,2,jnyaaana,,auto,
jñānāñjana,2,jnyaaanaanyjana,,auto,
jonáki,2,jonaaki,,auto,
joŕ,2,joŕ,,auto,
joŕas,2,joŕas,,auto,
juŕá,2,juŕaa,,auto,
juŕi,2,juŕi,,auto,
jutá,2,jutaa,,auto,
jválánii,2,jvaalaanii,,auto,
jváli,2,jvaali,,auto,
Jváliye,2,Jvaaliye,,auto,
jyaesá,2,jyaesaa,,auto,
jyaeśt́ha,2,jyaeshtha,,auto,
Jyaeśt́hi,2,Jyaeshthi,,auto,
Jyeśthá,2,Jyeshthaa,,auto,
káal,2,kaaal,,auto,
Kábáb,2,Kaabaab,,auto,
kabalá,2,kabalaa,,auto,
kablácche,2,kablaacche,,auto,
kabrgáh,2,kabrgaah,,auto,
Kaca-devayánii,2,Kacha-devayaanii,,auto,
kácan,2,kaachan,,auto,
Káchaŕ,2,Kaachaŕ,,auto,
kacnár,2,kacnaar,,auto,
kacńar,2,kacńar,,auto,
kácnár,2,kaacnaar,,auto,
kad́áha,2,kadaaha,,auto,
kadambakuiṋja,2,kadambakuiṋja,,auto,
kadariyaḿ,2,kadariyam,,auto,
káháke,2,kaahaake,,auto,
káhár,2,kaahaar,,auto,
Káhár,2,Kaahaar,,auto,
kaiṋcan,2,kaiṋchan,,auto,
káiṋcaná,2,kaaiṋchanaa,,auto,
Káiṋcanakántih,2,Kaaiṋchanakaantih,,auto,
kairatyásen,2,kairatyaasen,,auto,
káiyá,2,kaaiyaa,,auto,
kákah,2,kaakah,,auto,
kákáh,2,kaakaah,,auto,
kákajyotsná,2,kaakajyotsnaa,,auto,
Kákajyotsná,2,Kaakajyotsnaa,,auto,
kákákushii,2,kaakaakushii,,auto,
Kákala,2,Kaakala,,auto,
kákam,2,kaakam,,auto,
kákan,2,kaakan,,auto,
kákapuccha,2,kaakapuccha,,auto,
Kákapuccha,2,Kaakapuccha,,auto,
kákapuśpa,2,kaakapushpa,,auto,
Kákar,2,Kaakar,,auto,
Kákárii,2,Kaakaarii,,auto,
kákarúha,2,kaakarooha,,auto,
Kákatáliiya,2,Kaakataaliiya,,auto,
Káke,2,Kaake,,auto,
kákiimá,2,kaakiimaa,,auto,
Kákodara,2,Kaakodara,,auto,
kakśá,2,kakshaaa,,auto,
kakt́esiya's,2,kaktesiya's,,auto,
kaktesiyás,2,kaktesiyaas,,auto,
Kál-sáyarer,2,Kaal-saayarer,,auto,
KÁLA,2,KaaLA,,auto,
Kalábau,2,Kalaabau,,auto,
kálacakra,2,kaalachakra,,auto,
Kalacakrayána,2,Kalachakrayaana,,auto,
kálagata,2,kaalagata,,auto,
Kálágurur,2,Kaalaagurur,,auto,
kálaharańaḿ,2,kaalaharańam,,auto,
kálám,2,kaalaam,,auto,
kalamba-tarańa,2,kalamba-tarańa,,auto,
kalambakuiṋja,2,kalambakuiṋja,,auto,
kalamkat́hi,2,kalamkathi,,auto,
Kálápáháŕ,2,Kaalaapaahaaŕ,,auto,
kalatrá,2,kalatraa,,auto,
kálávatára,2,kaalaavataara,,auto,
kálbosh,2,kaalbosh,,auto,
Kalhangráma,2,Kalhangraama,,auto,
káli-báus,2,kaali-baaus,,auto,
Káli-káyae,2,Kaali-kaayae,,auto,
kálibáush,2,kaalibaaush,,auto,
Káliighát́á,2,Kaaliighaataa,,auto,
Káliikáyae,2,Kaaliikaayae,,auto,
kálik,2,kaalik,,auto,
kálikárúpińii,2,kaalikaaroopińii,,auto,
kalikátá,2,kalikaataa,,auto,
Kalikátá-te,2,Kalikaataa-te,,auto,
kalikátám,2,kalikaataam,,auto,
Kálipáháŕii,2,Kaalipaahaaŕii,,auto,
kalká,2,kalkaa,,auto,
Kálkájii,2,Kaalkaajii,,auto,
kalkátáy,2,kalkaataay,,auto,
kalmakát́hi,2,kalmakaathi,,auto,
Kalpamahá,2,Kalpamahaa,,auto,
kalpaná-jál,2,kalpanaa-jaal,,auto,
kálra,2,kaalra,,auto,
kalryáńa,2,kalryaańa,,auto,
Kálsamudrer,2,Kaalsamudrer,,auto,
Káluráy,2,Kaaluraay,,auto,
kalyá,2,kalyaa,,auto,
Kalyáń,2,Kalyaań,,auto,
Kalyáńa-Sundaram,2,Kalyaańa-Sundaram,,auto,
kalyáńamadhura,2,kalyaańamadhura,,auto,
kalyáńamukha,2,kalyaańamukha,,auto,
kalyáńasundaram,2,kalyaańasundaram,,auto,
kalyáńe,2,kalyaańe,,auto,
kaḿ,2,kam,,auto,
kamá,2,kamaa,,auto,
kámadhenu,2,kaamadhenu,,auto,
kamalákśa,2,kamalaakshaa,,auto,
kámalii,2,kaamalii,,auto,
Kamańdálu,2,Kamańdaalu,,auto,
Kámarúp,2,Kaamaroop,,auto,
kámavasháyitva,2,kaamavashaayitva,,auto,
kambugriivá,2,kambugriivaa,,auto,
Kambulit́olá,2,Kambulitolaa,,auto,
káḿgan,2,kaamgan,,auto,
kámij,2,kaamij,,auto,
Kámij,2,Kaamij,,auto,
kámiz,2,kaamiz,,auto,
káḿkan,2,kaamkan,,auto,
káḿkań,2,kaamkań,,auto,
kaḿkana,2,kamkana,,auto,
kampravakśe,2,kampravakshae,,auto,
Kaḿs,2,Kams,,auto,
kaḿsá,2,kamsaa,,auto,
Kaḿsanáráyańa's,2,Kamsanaaraayańa's,,auto,
kámsári,2,kaamsaari,,auto,
kaḿsya,2,kamsya,,auto,
Kán,2,Kaan,,auto,
Kańada,2,Kańada,,auto,
kańakacánpá,2,kańakachaanpaa,,auto,
Kánana,2,Kaanana,,auto,
káncáguli,2,kaanchaaguli,,auto,
káncakalá,2,kaanchakalaa,,auto,
Kánckalá,2,Kaanckalaa,,auto,
kánda,2,kaanda,,auto,
Káńd́a,2,Kaańda,,auto,
kándar,2,kaandar,,auto,
káṋdiyá,2,kaaṋdiyaa,,auto,
Kándrá,2,Kaandraa,,auto,
kánducchanti,2,kaanducchanti,,auto,
káne,2,kaane,,auto,
Káńer,2,Kaańer,,auto,
Káńet́,2,Kaańet,,auto,
kańi,2,kańi,,auto,
Kańikáy,2,Kańikaay,,auto,
Kankábati,2,Kankaabati,,auto,
kánkai,2,kaankai,,auto,
kánkŕi,2,kaankŕi,,auto,
Kánpe,2,Kaanpe,,auto,
kánt́á,2,kaantaa,,auto,
kańt́aka,2,kańtaka,,auto,
kánt́ál,2,kaantaal,,auto,
káńt́ál,2,kaańtaal,,auto,
kánt́áler,2,kaantaaler,,auto,
káṋt́áler,2,kaaṋtaaler,,auto,
káṋt́áli,2,kaaṋtaali,,auto,
kánt́áliibhoga,2,kaantaaliibhoga,,auto,
kánt́ánat́e,2,kaantaanate,,auto,
káńt́hál,2,kaańthaal,,auto,
káńt́háliibhog,2,kaańthaaliibhog,,auto,
kańthe,2,kańthe,,auto,
kánthi,2,kaanthi,,auto,
Kánthi-Diighá,2,Kaanthi-Diighaa,,auto,
Kantiká,2,Kantikaa,,auto,
Kańva,2,Kańva,,auto,
Kanyákumárii,2,Kanyaakumaarii,,auto,
Kányaubja,2,Kaanyaubja,,auto,
kaomára,2,kaomaara,,auto,
kaoŕi,2,kaoŕi,,auto,
kaosthubhamańi,2,kaosthubhamańi,,auto,
kaostúbhamańi,2,kaostoobhamańi,,auto,
Kaoveŕii,2,Kaoveŕii,,auto,
kapál-ábharań,2,kapaal-aabharań,,auto,
Kapála,2,Kapaala,,auto,
KÁPÁLIKA,2,KaaPaaLIKA,,auto,
kápálikah,2,kaapaalikah,,auto,
kápálikas,2,kaapaalikas,,auto,
Kapálinii,2,Kapaalinii,,auto,
kapár,2,kapaar,,auto,
kápaŕa,2,kaapaŕa,,auto,
kaphári,2,kaphaari,,auto,
kapirája,2,kapiraaja,,auto,
Kapotákśii,2,Kapotaakshaii,,auto,
kappad́a,2,kappada,,auto,
kappaŕa,2,kappaŕa,,auto,
kápŕá,2,kaapŕaa,,auto,
kaŕáa,2,kaŕaaa,,auto,
karamchá,2,karamchaa,,auto,
kárań,2,kaarań,,auto,
karaná,2,karanaa,,auto,
káráńa,2,kaaraańa,,auto,
Kárańa-darshana,2,Kaarańa-darshana,,auto,
kárańa-mana,2,kaarańa-mana,,auto,
Kárańárnava,2,Kaarańaarnava,,auto,
Kárańasamagráḿ,2,Kaarańasamagraam,,auto,
kárańasamagryáḿ,2,kaarańasamagryaam,,auto,
kárańeśu,2,kaarańeshu,,auto,
karanyása,2,karanyaasa,,auto,
karapála,2,karapaala,,auto,
karapaliká,2,karapalikaa,,auto,
Karapatriká,2,Karapatrikaa,,auto,
karatiiyá,2,karatiiyaa,,auto,
karavála,2,karavaala,,auto,
karaváliká,2,karavaalikaa,,auto,
kárbári,2,kaarbaari,,auto,
Karbúrii,2,Karboorii,,auto,
kárcupi,2,kaarchupi,,auto,
karelá,2,karelaa,,auto,
kárigar,2,kaarigar,,auto,
karilá,2,karilaa,,auto,
karilám,2,karilaam,,auto,
kariyá,2,kariyaa,,auto,
karmábhishcáshubaershubaeh,2,karmaabhishchaashubaershubaeh,,auto,
karmadháray,2,karmadhaaray,,auto,
karmádhyaksá,2,karmaadhyaksaa,,auto,
karmańa,2,karmańa,,auto,
Karmańa,2,Karmańa,,auto,
karmańi,2,karmańi,,auto,
karmántua,2,karmaantua,,auto,
karmariká,2,karmarikaa,,auto,
karmásana,2,karmaasana,,auto,
karmińii,2,karmińii,,auto,
karmmáńi,2,karmmaańi,,auto,
karná,2,karnaa,,auto,
karńah,2,karńah,,auto,
kárnáil,2,kaarnaail,,auto,
karńapute,2,karńapute,,auto,
Kárńarnava,2,Kaarńarnava,,auto,
Karńasuvarńa,2,Karńasuvarńa,,auto,
karńel,2,karńel,,auto,
karńendriya,2,karńendriya,,auto,
kársáji,2,kaarsaaji,,auto,
kart́a,2,karta,,auto,
karttá,2,karttaa,,auto,
kárttika,2,kaarttika,,auto,
Kárttikeya's,2,Kaarttikeya's,,auto,
kaŕuyávilás,2,kaŕuyaavilaas,,auto,
karvá,2,karvaa,,auto,
kárvár,2,kaarvaar,,auto,
karvurá,2,karvuraa,,auto,
káryábháva,2,kaaryaabhaava,,auto,
káryah,2,kaaryah,,auto,
káryasiddhirbhavati,2,kaaryasiddhirbhavati,,auto,
kasá,2,kasaa,,auto,
Kasái,2,Kasaai,,auto,
kaśer,2,kasher,,auto,
kashá,2,kashaa,,auto,
Kashá,2,Kashaa,,auto,
káshiirám,2,kaashiiraam,,auto,
káshiishvar,2,kaashiishvar,,auto,
Kashmiiradeshasyád,2,Kashmiiradeshasyaad,,auto,
kaśii,2,kashii,,auto,
kast́a,2,kasta,,auto,
Kaśt́a,2,Kashta,,auto,
kaśt́aka,2,kashtaka,,auto,
káste,2,kaaste,,auto,
kaśt́i-stone,2,kashti-stone,,auto,
kaśt́iprastara,2,kashtiprastara,,auto,
kaśt́ir,2,kashtir,,auto,
Kastvaḿ,2,Kastvam,,auto,
kát́a,2,kaata,,auto,
katabár,2,katabaar,,auto,
kat́áha,2,kataaha,,auto,
kát́ál,2,kaataal,,auto,
kát́ári,2,kaataari,,auto,
Kat́h,2,Kath,,auto,
kat́há,2,kathaa,,auto,
kat́hánii,2,kathaanii,,auto,
kat́hii,2,kathii,,auto,
kat́hina,2,kathina,,auto,
kát́hkaylá,2,kaathkaylaa,,auto,
Kát́ileo,2,Kaatileo,,auto,
kátlá,2,kaatlaa,,auto,
kat́orá,2,katoraa,,auto,
Kat́u,2,Katu,,auto,
kat́ubiija,2,katubiija,,auto,
kat́utumbi,2,katutumbi,,auto,
Kátyáyanii,2,Kaatyaayanii,,auto,
káuṋgál,2,kaauṋgaal,,auto,
Kauṋkála-málinii,2,Kauṋkaala-maalinii,,auto,
kauṋkáler,2,kauṋkaaler,,auto,
káuphala,2,kaauphala,,auto,
káut́há,2,kaauthaa,,auto,
kavaradhátu,2,kavaradhaatu,,auto,
kavyá,2,kavyaa,,auto,
kávyik,2,kaavyik,,auto,
Káya,2,Kaaya,,auto,
káyamatashcaliśyate,2,kaayamatashchalishyate,,auto,
Káyashta,2,Kaayashta,,auto,
káyattha,2,kaayattha,,auto,
káyet,2,kaayet,,auto,
kekrá,2,kekraa,,auto,
kelekonŕá,2,kelekonŕaa,,auto,
kendránugá,2,kendraanugaa,,auto,
kendrátigá,2,kendraatigaa,,auto,
kendrikáńi,2,kendrikaańi,,auto,
Kenná,2,Kennaa,,auto,
kerámáti,2,keraamaati,,auto,
keŕe,2,keŕe,,auto,
Keŕhen,2,Keŕhen,,auto,
kesendá,2,kesendaa,,auto,
Keshavánanda,2,Keshavaananda,,auto,
kesheśu,2,kesheshu,,auto,
ketá,2,ketaa,,auto,
kháa,2,khaaa,,auto,
khába,2,khaaba,,auto,
kháde,2,khaade,,auto,
khádiśyámi,2,khaadishyaami,,auto,
khaecuŕ,2,khaechuŕ,,auto,
Khágaŕábáŕi,2,Khaagaŕaabaaŕi,,auto,
Khágŕa,2,Khaagŕa,,auto,
kháia,2,khaaia,,auto,
kháiámi,2,khaaiaami,,auto,
kháiśyámi,2,khaaishyaami,,auto,
Khájá,2,Khaajaa,,auto,
Kháján,2,Khaajaan,,auto,
Khák,2,Khaak,,auto,
khále,2,khaale,,auto,
Khán,2,Khaan,,auto,
Khańd́a,2,Khańda,,auto,
khándá,2,khaandaa,,auto,
Khándá,2,Khaandaa,,auto,
khańd́a-mánas,2,khańda-maanas,,auto,
khańd́ane,2,khańdane,,auto,
khánd́ávatára,2,khaandaavataara,,auto,
khándii,2,khaandii,,auto,
kháṋŕ,2,khaaṋŕ,,auto,
khánt́i,2,khaanti,,auto,
khánu,2,khaanu,,auto,
kháoáchen,2,khaaoaachen,,auto,
kháore,2,khaaore,,auto,
kháoyá,2,khaaoyaa,,auto,
kháoyácchen,2,khaaoyaacchen,,auto,
kháoyáimu,2,khaaoyaaimu,,auto,
kháoyáte,2,khaaoyaate,,auto,
khapuśpakrta,2,khapushpakrta,,auto,
Khapuśpakrtashekharah,2,Khapushpakrtashekharah,,auto,
Khaŕagpur,2,Khaŕagpur,,auto,
kháráhii,2,khaaraahii,,auto,
Kharásti,2,Kharaasti,,auto,
Khaŕe,2,Khaŕe,,auto,
Khási,2,Khaasi,,auto,
khaśt́hii,2,khashthii,,auto,
khátir,2,khaatir,,auto,
khává,2,khaavaa,,auto,
Kháy,2,Khaay,,auto,
kháyen,2,khaayen,,auto,
khelá,2,khelaa,,auto,
Kheŕiyá,2,Kheŕiyaa,,auto,
khetáka,2,khetaaka,,auto,
khet́akayorpaohena,2,khetakayorpaohena,,auto,
kheyále,2,kheyaale,,auto,
Khirkhiriyá,2,Khirkhiriyaa,,auto,
khiŕki,2,khiŕki,,auto,
Khiŕki,2,Khiŕki,,auto,
khodá,2,khodaa,,auto,
Khodávakhs,2,Khodaavakhs,,auto,
Khoká,2,Khokaa,,auto,
khorá,2,khoraa,,auto,
khoyá-kśiir,2,khoyaa-kshaiir,,auto,
Khoyáalun,2,Khoyaaalun,,auto,
Khulaná,2,Khulanaa,,auto,
Khulná,2,Khulnaa,,auto,
khuńt́ásamet,2,khuńtaasamet,,auto,
khuṋt́i,2,khuṋti,,auto,
Khuŕá,2,Khuŕaa,,auto,
khuŕi,2,khuŕi,,auto,
khuŕii,2,khuŕii,,auto,
khyáta,2,khyaata,,auto,
Khyát́andás's,2,Khyaatandaas's,,auto,
kiiŕáy,2,kiiŕaay,,auto,
kiirtyá,2,kiirtyaa,,auto,
Kimásiid,2,Kimaasiid,,auto,
kiḿshuk,2,kimshuk,,auto,
Kiḿshuk,2,Kimshuk,,auto,
kiniyáchi,2,kiniyaachi,,auto,
Kinvádibhyah,2,Kinvaadibhyah,,auto,
Kirańashashii,2,Kirańashashii,,auto,
Kiráta,2,Kiraata,,auto,
Kiskindhyá,2,Kiskindhyaa,,auto,
kissá,2,kissaa,,auto,
Kleshakarmavipákáshayaeraparámrśt́ah,2,Kleshakarmavipaakaashayaeraparaamrshtah,,auto,
Kleshakarmavipákáshayaeraparámrt́śah,2,Kleshakarmavipaakaashayaeraparaamrtshah,,auto,
Kleshakarmavipákáshyaeraparámrśt́ah,2,Kleshakarmavipaakaashyaeraparaamrshtah,,auto,
klesharáshi,2,klesharaashi,,auto,
Klishyantastapasá,2,Klishyantastapasaa,,auto,
kliśt́á-vrttis,2,klishtaa-vrttis,,auto,
Koálipáŕá,2,Koaalipaaŕaa,,auto,
Kográm,2,Kograam,,auto,
Koh-i-núr,2,Koh-i-noor,,auto,
Kojagári,2,Kojagaari,,auto,
Komale-Kat́hore,2,Komale-Kathore,,auto,
Końárk,2,Końaark,,auto,
Konkańa,2,Konkańa,,auto,
konŕa,2,konŕa,,auto,
kort́,2,kort,,auto,
kort́e,2,korte,,auto,
Kośa-wise,2,Kosha-wise,,auto,
koshá,2,koshaa,,auto,
koshátakin,2,koshaatakin,,auto,
Kothákár,2,Kothaakaar,,auto,
Kotháy,2,Kothaay,,auto,
kotiguńa,2,kotiguńa,,auto,
kot́ik,2,kotik,,auto,
kot́ika-family,2,kotika-family,,auto,
Kr-pá,2,Kr-paa,,auto,
Kraoiṋcadviipiis,2,Kraoiṋchadviipiis,,auto,
Krd́a,2,Krda,,auto,
kriińáte,2,kriińaate,,auto,
kriirá,2,kriiraa,,auto,
kriyaḿ,2,kriyam,,auto,
kriyás,2,kriyaas,,auto,
kriyásákśiibhútah,2,kriyaasaakshaiibhootah,,auto,
Kriyásáksiibhútam,2,Kriyaasaaksiibhootam,,auto,
kriyásákśiibhútaḿ,2,kriyaasaakshaiibhootam,,auto,
krkalás,2,krkalaas,,auto,
krod́a,2,kroda,,auto,
KRPÁ,2,KRPaa,,auto,
krpáyaeva,2,krpaayaeva,,auto,
krśibhuh,2,krshibhuh,,auto,
KRŚŃA,2,KRŚŃA,,auto,
krśńabat́,2,krshńabat,,auto,
Krśńadas,2,Krshńadas,,auto,
Krśńadviipa,2,Krshńadviipa,,auto,
Krśńaliilá,2,Krshńaliilaa,,auto,
Krśnanagar-e,2,Krshnanagar-e,,auto,
KRŚŃASUNDARAM,2,KRŚŃASUNDARAM,,auto,
Krśńasundaraḿ,2,Krshńasundaram,,auto,
krśńasya,2,krshńasya,,auto,
Krśńayajurveda,2,Krshńayajurveda,,auto,
Krśńena,2,Krshńena,,auto,
Krtiká,2,Krtikaa,,auto,
krtprakarańa,2,krtprakarańa,,auto,
kryásákśiibhútah,2,kryaasaakshaiibhootah,,auto,
kś,2,ksha,,auto,
Kśaná,2,kshaanaa,,auto,
Kśańá,2,kshaańaa,,auto,
Kśarabháva,2,kshaarabhaava,,auto,
kśaŕakśaratmaka,2,kshaaŕakshaaratmaka,,auto,
Kśaram,2,kshaaram,,auto,
Kśarátmaná,2,kshaaraatmanaa,,auto,
Kśarátmáná,2,kshaaraatmaanaa,,auto,
Kśarátmánáviishate,2,kshaaraatmaanaaviishate,,auto,
Kśarátmanávishate,2,kshaaraatmanaavishate,,auto,
kśayácchaeva,2,kshaayaacchaeva,,auto,
kśemauṋkarii,2,kshaemauṋkarii,,auto,
Kśetrá,2,kshaetraa,,auto,
Kśetra-kuru,2,kshaetra-kuru,,auto,
Kśiirakśiriká,2,kshaiirakshairikaa,,auto,
kśiiraságara,2,kshaiirasaagara,,auto,
Ksiirávdhi,2,Ksiiraavdhi,,auto,
Kśiirávdhi,2,kshaiiraavdhi,,auto,
Kśiire,2,kshaiire,,auto,
kśiirodárńava,2,kshaiirodaarńava,,auto,
kśudhá,2,kshaudhaa,,auto,
kśuriká,2,kshaurikaa,,auto,
Kudrat-i-Khudá,2,Kudrat-i-Khudaa,,auto,
kuiṋja,2,kuiṋja,,auto,
Kuiṋjo,2,Kuiṋjo,,auto,
kuiṋjo's,2,kuiṋjo's,,auto,
Kukkut́ásana,2,Kukkutaasana,,auto,
kuksimá-leaf,2,kuksimaa-leaf,,auto,
kúlakú,2,koolakoo,,auto,
kúlakúndalinii,2,koolakoondalinii,,auto,
kúlaḿ,2,koolam,,auto,
Kulárńava,2,Kulaarńava,,auto,
kulashreśt́ha,2,kulashreshtha,,auto,
Kulatantrárńava,2,Kulatantraarńava,,auto,
Kumáráyańa,2,Kumaaraayańa,,auto,
Kumárhatta,2,Kumaarhatta,,auto,
Kumbhamelá,2,Kumbhamelaa,,auto,
Kumurt́ulii,2,Kumurtulii,,auto,
kuńd́aliká,2,kuńdalikaa,,auto,
kundobágh,2,kundobaagh,,auto,
kunkumádritat́ántakah,2,kunkumaadritataantakah,,auto,
Kunt́ha,2,Kuntha,,auto,
kuńt́ha,2,kuńtha,,auto,
Kuńt́ha,2,Kuńtha,,auto,
kunyáḿ,2,kunyaam,,auto,
kúpam,2,koopam,,auto,
kúpas,2,koopas,,auto,
kuŕcii,2,kuŕchii,,auto,
kurhát,2,kurhaat,,auto,
kuŕiye,2,kuŕiye,,auto,
kúrmah,2,koormah,,auto,
kurtás,2,kurtaas,,auto,
kusamáńda,2,kusamaańda,,auto,
Kuśán,2,Kushaan,,auto,
kushakerá,2,kushakeraa,,auto,
kushári,2,kushaari,,auto,
Kushárii,2,Kushaarii,,auto,
kushásana,2,kushaasana,,auto,
kushiyárá,2,kushiyaaraa,,auto,
kuśt́ha,2,kushtha,,auto,
kuśum,2,kushum,,auto,
Kusumbha-nálikásháka-vrntákaḿ-potakiistathá,2,Kusumbha-naalikaashaaka-vrntaakam-potakiistathaa,,auto,
Kusumiká,2,Kusumikaa,,auto,
kút́araj,2,kootaraj,,auto,
kut́astha,2,kutastha,,auto,
kút́astha,2,kootastha,,auto,
kút́ayonayah,2,kootayonayah,,auto,
Kuthá,2,Kuthaa,,auto,
kutháke,2,kuthaake,,auto,
kut́iire,2,kutiire,,auto,
Kut́ila,2,Kutila,,auto,
kut́ipát́i,2,kutipaati,,auto,
kut́ure,2,kuture,,auto,
Kuvidhá,2,Kuvidhaa,,auto,
kyándái,2,kyaandaai,,auto,
lágátár,2,laagaataar,,auto,
Lágla,2,Laagla,,auto,
Láháńd́ei,2,Laahaańdei,,auto,
Láhor,2,Laahor,,auto,
láiye,2,laaiye,,auto,
Lajjá-i,2,Lajjaa-i,,auto,
lajjá-sharam,2,lajjaa-sharam,,auto,
lajjásharam,2,lajjaasharam,,auto,
lákaŕ,2,laakaŕ,,auto,
Lákha,2,Laakha,,auto,
lákho,2,laakho,,auto,
lákŕá,2,laakŕaa,,auto,
lákŕi,2,laakŕi,,auto,
lakśańańam,2,lakshaańańam,,auto,
Lakśmiisarái,2,Lakshamiisaraai,,auto,
lalańa,2,lalańa,,auto,
lálkumŕo,2,laalkumŕo,,auto,
lambaná,2,lambanaa,,auto,
laḿka,2,lamka,,auto,
láḿka,2,laamka,,auto,
langrá,2,langraa,,auto,
laohashaláká,2,laohashalaakaa,,auto,
lárá,2,laaraa,,auto,
laŕái,2,laŕaai,,auto,
lárbek,2,laarbek,,auto,
laŕkián,2,laŕkiaan,,auto,
lásilki,2,laasilki,,auto,
lásya,2,laasya,,auto,
latáh,2,lataah,,auto,
lat́ká,2,latkaa,,auto,
lat́pat́,2,latpat,,auto,
Láu,2,Laau,,auto,
Láuṋgalbeŕe,2,Laauṋgalbeŕe,,auto,
lauṋgarkháná,2,lauṋgarkhaanaa,,auto,
laungháo,2,launghaao,,auto,
Launghiyá,2,Launghiyaa,,auto,
Lauṋka,2,Lauṋka,,auto,
lauṋkamaric,2,lauṋkamaric,,auto,
lávańi,2,laavańi,,auto,
Layaḿgacchati,2,Layamgacchati,,auto,
Leguyá,2,Leguyaa,,auto,
lehká,2,lehkaa,,auto,
lekhálekhi,2,lekhaalekhi,,auto,
leḿŕá,2,lemŕaa,,auto,
lená,2,lenaa,,auto,
liilá's,2,liilaa's,,auto,
Lińii,2,Lińii,,auto,
liuṋga-pújá,2,liuṋga-poojaa,,auto,
liuṋgát,2,liuṋgaat,,auto,
Lodhá,2,Lodhaa,,auto,
Lodhásuli,2,Lodhaasuli,,auto,
Lodhdhaánna,2,Lodhdhaaanna,,auto,
lodhdhahánna,2,lodhdhahaanna,,auto,
lodhiháná,2,lodhihaanaa,,auto,
Lodhiyána,2,Lodhiyaana,,auto,
lodhra-dhánya,2,lodhra-dhaanya,,auto,
Lodhra-Dhánya,2,Lodhra-Dhaanya,,auto,
lodhradhánya,2,lodhradhaanya,,auto,
Lohitashuklakrśńáḿ,2,Lohitashuklakrshńaam,,auto,
Lokanátha,2,Lokanaatha,,auto,
lokániti,2,lokaaniti,,auto,
Lokavyámohakárakáh,2,Lokavyaamohakaarakaah,,auto,
lokt́ár,2,loktaar,,auto,
Lolitapát́an,2,Lolitapaatan,,auto,
Lolitapat́t́an,2,Lolitapattan,,auto,
lrrt́,2,lrrt,,auto,
Ludhiyána,2,Ludhiyaana,,auto,
ludhiyáná,2,ludhiyaanaa,,auto,
lútátanttu,2,lootaatanttu,,auto,
lútátantu,2,lootaatantu,,auto,
lut́áye,2,lutaaye,,auto,
lut́er,2,luter,,auto,
lyáret́há,2,lyaarethaa,,auto,
má-go,2,maa-go,,auto,
má-t́i,2,maa-ti,,auto,
mácher,2,maacher,,auto,
máchmárá,2,maachmaaraa,,auto,
mádal,2,maadal,,auto,
Madálasallopam,2,Madaalasallopam,,auto,
mádán,2,maadaan,,auto,
mádár,2,maadaar,,auto,
madashvása-pittarakta-viśápahá,2,madashvaasa-pittarakta-vishaapahaa,,auto,
madashvásapittaraktabiśápaha,2,madashvaasapittaraktabishaapaha,,auto,
Madhukamadhá,2,Madhukamadhaa,,auto,
mádhukarii,2,maadhukarii,,auto,
Madhuraḿ,2,Madhuram,,auto,
madhvabháve,2,madhvabhaave,,auto,
madhyáhna,2,madhyaahna,,auto,
madhyammárga,2,madhyammaarga,,auto,
mad́uipod́á,2,maduipodaa,,auto,
maeḿ,2,maem,,auto,
Mágadhii-speaking,2,Maagadhii-speaking,,auto,
Mághamelá,2,Maaghamelaa,,auto,
Mághmásete,2,Maaghmaasete,,auto,
mágur,2,maagur,,auto,
mahábandha,2,mahaabandha,,auto,
Mahábandha,2,Mahaabandha,,auto,
Mahabhárata,2,Mahabhaarata,,auto,
Mahábharata,2,Mahaabharata,,auto,
mahábhárater,2,mahaabhaarater,,auto,
mahábhúta,2,mahaabhoota,,auto,
MAHÁBHÚTA,2,MAHaaBHooTA,,auto,
Mahácakras,2,Mahaachakras,,auto,
maháchande,2,mahaachande,,auto,
mahadpránashe,2,mahadpraanashe,,auto,
mahadvá,2,mahadvaa,,auto,
mahákál,2,mahaakaal,,auto,
Mahámahopádhyáyas,2,Mahaamahopaadhyaayas,,auto,
mahámańd́aleshvara,2,mahaamańdaleshvara,,auto,
Mahámaodgalyan,2,Mahaamaodgalyan,,auto,
Mahámoggalii,2,Mahaamoggalii,,auto,
Mahámoggallan,2,Mahaamoggallan,,auto,
Mahámohapádháya,2,Mahaamohapaadhaaya,,auto,
mahámudrá,2,mahaamudraa,,auto,
Mahámudrá,2,Mahaamudraa,,auto,
Mahánadii,2,Mahaanadii,,auto,
Mahánám,2,Mahaanaam,,auto,
Mahánand,2,Mahaanand,,auto,
mahánatá,2,mahaanataa,,auto,
mahaośadh,2,mahaoshadh,,auto,
Mahapápa,2,Mahapaapa,,auto,
mahapátakii,2,mahapaatakii,,auto,
Mahápátakii-o,2,Mahaapaatakii-o,,auto,
Maháprayána,2,Mahaaprayaana,,auto,
Maháprayáńá,2,Mahaaprayaańaa,,auto,
Maharáśt́ra,2,Maharaashtra,,auto,
Maháráśtra,2,Mahaaraashtra,,auto,
Maharáśt́rii,2,Maharaashtrii,,auto,
Maháŕśtrii,2,Mahaaŕshtrii,,auto,
Mahásambhúti's,2,Mahaasambhooti's,,auto,
Mahásambhútir,2,Mahaasambhootir,,auto,
mahátamasá,2,mahaatamasaa,,auto,
mahátamishrá,2,mahaatamishraa,,auto,
mahatbháva,2,mahatbhaava,,auto,
mahátma,2,mahaatma,,auto,
mahatomahiiyán,2,mahatomahiiyaan,,auto,
MAHÁTTATTVA,2,MAHaaTTATTVA,,auto,
máhaunge,2,maahaunge,,auto,
mahávákya,2,mahaavaakya,,auto,
mahávedha,2,mahaavedha,,auto,
Mahávedha,2,Mahaavedha,,auto,
Mahaviśńu,2,Mahavishńu,,auto,
mahávyoma,2,mahaavyoma,,auto,
Maháyańa,2,Mahaayańa,,auto,
Maháyáńa,2,Mahaayaańa,,auto,
Maháyogii,2,Mahaayogii,,auto,
Mahenjodáŕo,2,Mahenjodaaŕo,,auto,
maheśvaraḥ,2,maheshvarah,,auto,
Mahiishúr,2,Mahiishoor,,auto,
máhimsi,2,maahimsi,,auto,
Mahiśa,2,Mahisha,,auto,
Mahiśabáthán,2,Mahishabaathaan,,auto,
mahiśád́ahari,2,mahishaadahari,,auto,
Máhisyas,2,Maahisyas,,auto,
máiri,2,maairi,,auto,
máit́,2,maait,,auto,
máj,2,maaj,,auto,
Májh,2,Maajh,,auto,
Májhdiiyá,2,Maajhdiiyaa,,auto,
majjihimá,2,majjihimaa,,auto,
majmudár,2,majmudaar,,auto,
mákhán,2,maakhaan,,auto,
mákhanacorá,2,maakhanachoraa,,auto,
Mákhancora,2,Maakhanchora,,auto,
mákhli,2,maakhli,,auto,
málás,2,maalaas,,auto,
Maláyattaḿ,2,Malaayattam,,auto,
Málda,2,Maalda,,auto,
málkháná,2,maalkhaanaa,,auto,
Malla-Kśatriya,2,Malla-kshaatriya,,auto,
Malla-Kśatriyas,2,Malla-kshaatriyas,,auto,
Mallabhúm,2,Mallabhoom,,auto,
Malmás,2,Malmaas,,auto,
Málo,2,Maalo,,auto,
Málos,2,Maalos,,auto,
Málpáhárhiis,2,Maalpaahaarhiis,,auto,
mályadána,2,maalyadaana,,auto,
Mámananyabhák',2,Maamananyabhaak',,auto,
mamatámay,2,mamataamay,,auto,
Mamatvátishayánkitah,2,Mamatvaatishayaankitah,,auto,
mamatvátishayánktah,2,mamatvaatishayaanktah,,auto,
Mámud,2,Maamud,,auto,
mana-pradhána,2,mana-pradhaana,,auto,
mánái,2,maanaai,,auto,
manamátáno,2,manamaataano,,auto,
mánaḿca,2,maanamcha,,auto,
MANÁḾSI,2,MANaaḾSI,,auto,
mánanyabhák,2,maananyabhaak,,auto,
mánasadeha,2,maanasadeha,,auto,
Mánasadeha,2,Maanasadeha,,auto,
mánasátiite,2,maanasaatiite,,auto,
Mánasii,2,Maanasii,,auto,
mánavár,2,maanavaar,,auto,
manavástadá,2,manavaastadaa,,auto,
mánavástathá,2,maanavaastathaa,,auto,
Mánavatá,2,Maanavataa,,auto,
mánave,2,maanave,,auto,
mánaver,2,maanaver,,auto,
mánavii,2,maanavii,,auto,
Mánbhúm,2,Maanbhoom,,auto,
Mańd́á,2,Mańdaa,,auto,
maṇḍala,2,mandala,,auto,
mańd́i,2,mańdi,,auto,
mańd́ii,2,mańdii,,auto,
Mańd́ukásana,2,Mańdukaasana,,auto,
mańi,2,mańi,,auto,
Mańigáchi,2,Mańigaachi,,auto,
Mańihárá,2,Mańihaaraa,,auto,
maniisá,2,maniisaa,,auto,
maniiśi,2,maniishi,,auto,
mániná,2,maaninaa,,auto,
mańipur,2,mańipur,,auto,
máńipura,2,maańipura,,auto,
manmathanáth,2,manmathanaath,,auto,
Manoharsháhii,2,Manoharshaahii,,auto,
manonáthástu,2,manonaathaastu,,auto,
Manovijiṋána,2,Manovijnyaaana,,auto,
mańra,2,mańra,,auto,
Mantrágháta,2,Mantraaghaata,,auto,
mánu,2,maanu,,auto,
mánuh,2,maanuh,,auto,
Mánuś-giri-baner,2,Maanush-giri-baner,,auto,
mánuśer,2,maanusher,,auto,
manúsya,2,manoosya,,auto,
mánuśya,2,maanushya,,auto,
maoralá,2,maoralaa,,auto,
mápá,2,maapaa,,auto,
már,2,maar,,auto,
mára,2,maara,,auto,
Marańa,2,Marańa,,auto,
marańaḿ,2,marańam,,auto,
marańer,2,marańer,,auto,
Maraśi,2,Marashi,,auto,
Márát́hi,2,Maaraathi,,auto,
Máravárii,2,Maaravaarii,,auto,
Máricii,2,Maarichii,,auto,
Máriic,2,Maariic,,auto,
mārjāradoṣena,2,maarjaaradoshena,,auto,
maŕmaŕ,2,maŕmaŕ,,auto,
marmariyá,2,marmariyaa,,auto,
Maryádá,2,Maryaadaa,,auto,
másakalái,2,maasakalaai,,auto,
máśakalái,2,maashakalaai,,auto,
masámbi,2,masaambi,,auto,
máser,2,maaser,,auto,
Mashái,2,Mashaai,,auto,
mashalá,2,mashalaa,,auto,
mashála,2,mashaala,,auto,
mashallá,2,mashallaa,,auto,
Mashán-joŕ,2,Mashaan-joŕ,,auto,
mási,2,maasi,,auto,
masiimá,2,masiimaa,,auto,
maśrńito,2,mashrńito,,auto,
mastakaḿ,2,mastakam,,auto,
Masúr,2,Masoor,,auto,
matadrupapratiśt́haḿ,2,matadrupapratishtham,,auto,
MAT́AR,2,MATAR,,auto,
mátáre,2,maataare,,auto,
Mát́ha,2,Maatha,,auto,
mat́hádhiisha,2,mathaadhiisha,,auto,
máthura,2,maathura,,auto,
Mát́i,2,Maati,,auto,
mát́ite,2,maatite,,auto,
mátmani,2,maatmani,,auto,
mátriká,2,maatrikaa,,auto,
Matrká,2,Matrkaa,,auto,
mátrrúpa,2,maatrroopa,,auto,
Matsyendra-nátha,2,Matsyendra-naatha,,auto,
mátuh,2,maatuh,,auto,
matulakramaḿ,2,matulakramam,,auto,
máturna,2,maaturna,,auto,
Mauṋgalácańd́ii,2,Mauṋgalaachańdii,,auto,
mauṋgalamaya,2,mauṋgalamaya,,auto,
Máyá-influenced,2,Maayaa-influenched,,auto,
Máyádevii,2,Maayaadevii,,auto,
Máyádiisha,2,Maayaadiisha,,auto,
Máyaic,2,Maayaic,,auto,
Máyámetám,2,Maayaametaam,,auto,
Mayanámatii,2,Mayanaamatii,,auto,
Máyápur,2,Maayaapur,,auto,
Mayárákśii,2,Mayaaraakshaii,,auto,
Máyávada,2,Maayaavada,,auto,
Máyávádii,2,Maayaavaadii,,auto,
máyávádin,2,maayaavaadin,,auto,
Máyer,2,Maayer,,auto,
Máyii,2,Maayii,,auto,
mayúra,2,mayoora,,auto,
mayúrákśa,2,mayooraakshaa,,auto,
mayúrákśii,2,mayooraakshaii,,auto,
Mayurbhaiṋja,2,Mayurbhaiṋja,,auto,
Mayúrbhaiṋja,2,Mayoorbhaiṋja,,auto,
Meghálaya,2,Meghaalaya,,auto,
meghamallára,2,meghamallaara,,auto,
meghánandá,2,meghaanandaa,,auto,
Meghásinii,2,Meghaasinii,,auto,
meherváni,2,mehervaani,,auto,
mejáj,2,mejaaj,,auto,
meḿ,2,mem,,auto,
Meváti,2,Mevaati,,auto,
Mewaŕii,2,Mewaŕii,,auto,
Mián,2,Miaan,,auto,
mid-Vaeshákha,2,mid-Vaeshaakha,,auto,
Migadáva,2,Migadaava,,auto,
Migdáb,2,Migdaab,,auto,
Miinápur,2,Miinaapur,,auto,
Miirkáshim's,2,Miirkaashim's,,auto,
miláo,2,milaao,,auto,
mind-isńt,2,mind-isńt,,auto,
mishibábá,2,mishibaabaa,,auto,
misht́i,2,mishti,,auto,
Miśt́ánnam,2,Mishtaannam,,auto,
miśt́ánnamitare,2,mishtaannamitare,,auto,
Miśt́i,2,Mishti,,auto,
Mitakśará,2,Mitakshaaraa,,auto,
mithyájiṋána,2,mithyaajnyaaana,,auto,
Mithyájiṋánamatadrupaprtiśthám,2,Mithyaajnyaaanamatadrupaprtishthaam,,auto,
Mithyávádii,2,Mithyaavaadii,,auto,
Modhukamadhá,2,Modhukamadhaa,,auto,
Mohaniká,2,Mohanikaa,,auto,
Mohaniyá,2,Mohaniyaa,,auto,
mohánta,2,mohaanta,,auto,
moksá,2,moksaa,,auto,
mokśadáyinii,2,mokshaadaayinii,,auto,
Mokśalábh,2,Mokshaalaabh,,auto,
Moŕii,2,Moŕii,,auto,
mosáheb,2,mosaaheb,,auto,
mrdurekhá,2,mrdurekhaa,,auto,
Mrjjlábhyaḿ,2,Mrjjlaabhyam,,auto,
mrnál,2,mrnaal,,auto,
mrńálamańiká,2,mrńaalamańikaa,,auto,
mrtadára,2,mrtadaara,,auto,
mrtadárá,2,mrtadaaraa,,auto,
mrtsamádhi,2,mrtsamaadhi,,auto,
mrtyuhdhávati,2,mrtyuhdhaavati,,auto,
Mrtyuiṋjaya,2,Mrtyuiṋjaya,,auto,
mrtyurásiidamrtaḿ,2,mrtyuraasiidamrtam,,auto,
mrtyurńá,2,mrtyurńaa,,auto,
mrtyuváńa,2,mrtyuvaańa,,auto,
mucháiyá,2,muchaaiyaa,,auto,
mudárá,2,mudaaraa,,auto,
Mud́ha,2,Mudha,,auto,
mudrádośa,2,mudraadosha,,auto,
mudrań,2,mudrań,,auto,
mudrańa,2,mudrańa,,auto,
mudráunkita,2,mudraaunkita,,auto,
mudrávyághra,2,mudraavyaaghra,,auto,
mug-sháuli,2,mug-shaauli,,auto,
Mugkhańd́a,2,Mugkhańda,,auto,
muhájer,2,muhaajer,,auto,
Muhurtá,2,Muhurtaa,,auto,
muhúrtta,2,muhoortta,,auto,
Mukaḿ,2,Mukam,,auto,
Múkaḿ,2,Mookam,,auto,
Mukhopádhyáyas,2,Mukhopaadhyaayas,,auto,
muktapuruśas,2,muktapurushas,,auto,
muktirtapanáddhomádupavásah,2,muktirtapanaaddhomaadupavaasah,,auto,
Muktyákaunkśáyá,2,Muktyaakaunkshaaayaa,,auto,
Muktyákáunkśaya,2,Muktyaakaaunkshaaya,,auto,
Muktyákáunkśáyá,2,Muktyaakaaunkshaaayaa,,auto,
Muktyákáuṋkśayá,2,Muktyaakaauṋkshaayaa,,auto,
Mukundavasán,2,Mukundavasaan,,auto,
Mukut́mańipur,2,Mukutmańipur,,auto,
múládhar,2,moolaadhar,,auto,
muládhára,2,mulaadhaara,,auto,
Múládhára,2,Moolaadhaara,,auto,
MÚLÁDHÁRA,2,MooLaaDHaaRA,,auto,
mulákat,2,mulaakat,,auto,
Múlashodhana,2,Moolashodhana,,auto,
Múlatánii,2,Moolataanii,,auto,
múlavastu,2,moolavastu,,auto,
múltánii,2,mooltaanii,,auto,
Múltánii,2,Mooltaanii,,auto,
Mumbávatii,2,Mumbaavatii,,auto,
Mumukśu,2,Mumukshau,,auto,
munirudugdhabálakah,2,munirudugdhabaalakah,,auto,
Muŕágáchá,2,Muŕaagaachaa,,auto,
múrati,2,moorati,,auto,
Múrdhanya,2,Moordhanya,,auto,
muŕet́há,2,muŕethaa,,auto,
múrha,2,moorha,,auto,
murikát́á,2,murikaataa,,auto,
Muŕmuŕháye,2,Muŕmuŕhaaye,,auto,
Murshidábád,2,Murshidaabaad,,auto,
Múrtipujá,2,Moortipujaa,,auto,
múśa,2,moosha,,auto,
múśá,2,mooshaa,,auto,
musáheb,2,musaaheb,,auto,
musháte,2,mushaate,,auto,
muśt́i,2,mushti,,auto,
muśt́iyoga,2,mushtiyoga,,auto,
mútrastambha,2,mootrastambha,,auto,
mútrátisára,2,mootraatisaara,,auto,
Muuṋgá,2,Muuṋgaa,,auto,
muuṋgi,2,muuṋgi,,auto,
muyájjin,2,muyaajjin,,auto,
myáy,2,myaay,,auto,
ná-bálak,2,naa-baalak,,auto,
ná-páoyár,2,naa-paaoyaar,,auto,
ná-raungii,2,naa-raungii,,auto,
Nábhi,2,Naabhi,,auto,
nábhishvása,2,naabhishvaasa,,auto,
nábud,2,naabud,,auto,
nácantii,2,naachantii,,auto,
nácáy,2,naachaay,,auto,
Náco,2,Naacho,,auto,
nád́á,2,naadaa,,auto,
Nádabindu,2,Naadabindu,,auto,
Nádatanunát́eshaḿ,2,Naadatanunaatesham,,auto,
Naeraiṋjana-Mohaniya-Phalgu,2,Naeraiṋjana-Mohaniya-Phalgu,,auto,
Naeraiṋjaná-Mohaniyá-Phalgu,2,Naeraiṋjanaa-Mohaniyaa-Phalgu,,auto,
Naerámańi,2,Naeraamańi,,auto,
naerátmadevii,2,naeraatmadevii,,auto,
Naevásanat,2,Naevaasanat,,auto,
Nágá,2,Naagaa,,auto,
nágaballarii,2,naagaballarii,,auto,
nagádhiráj,2,nagaadhiraaj,,auto,
Nagáon,2,Nagaaon,,auto,
Nagar-ukhŕá,2,Nagar-ukhŕaa,,auto,
Nágara,2,Naagara,,auto,
nagaraveśt́anii,2,nagaraveshtanii,,auto,
Nágarika,2,Naagarika,,auto,
nágchánpá,2,naagchaanpaa,,auto,
náge,2,naage,,auto,
nágeshvara,2,naageshvara,,auto,
Náginiira,2,Naaginiira,,auto,
nágkeshar,2,naagkeshar,,auto,
Nágpuri,2,Naagpuri,,auto,
Náhám,2,Naahaam,,auto,
náhár,2,naahaar,,auto,
náhik,2,naahik,,auto,
náiyor,2,naaiyor,,auto,
Nakasálbáŕi,2,Nakasaalbaaŕi,,auto,
Naksá,2,Naksaa,,auto,
Nakśa,2,Nakshaa,,auto,
nakśattras,2,nakshaattras,,auto,
naktamutaśaso,2,naktamutashaso,,auto,
nakúla,2,nakoola,,auto,
Nalbáŕi,2,Nalbaaŕi,,auto,
náliká,2,naalikaa,,auto,
naliniipuśpa,2,naliniipushpa,,auto,
Nálte,2,Naalte,,auto,
Namahshúdras,2,Namahshoodras,,auto,
namáj,2,namaaj,,auto,
Námál,2,Naamaal,,auto,
Namámah,2,Namaamah,,auto,
NAMÁMI,2,NAMaaMI,,auto,
namaskárs,2,namaskaars,,auto,
Námii,2,Naamii,,auto,
namirtá,2,namirtaa,,auto,
Namo'dvaetatáttváya,2,Namo'dvaetataattvaaya,,auto,
nána,2,naana,,auto,
nánandá,2,naanandaa,,auto,
Nányorantaraḿ,2,Naanyorantaram,,auto,
Naokád́ubi,2,Naokaadubi,,auto,
náoyá,2,naaoyaa,,auto,
Náparah,2,Naaparah,,auto,
náphut́ite,2,naaphutite,,auto,
naptá,2,naptaa,,auto,
Nárá,2,Naaraa,,auto,
nára's,2,naara's,,auto,
Naŕáda,2,Naŕaada,,auto,
Náradeneoyálá,2,Naaradeneoyaalaa,,auto,
naraká,2,narakaa,,auto,
narakapálra,2,narakapaalra,,auto,
náram,2,naaram,,auto,
Naránáḿ,2,Naraanaam,,auto,
naráńaḿ,2,naraańam,,auto,
Naráńaḿ,2,Naraańam,,auto,
narát,2,naraat,,auto,
náraungii,2,naaraungii,,auto,
náráungii,2,naaraaungii,,auto,
Nárayań,2,Naarayań,,auto,
Narayańa,2,Narayańa,,auto,
Náŕayańa,2,Naaŕayańa,,auto,
Nárayańii-Gańd́aka,2,Naarayańii-Gańdaka,,auto,
náŕe,2,naaŕe,,auto,
naŕendrasya,2,naŕendrasya,,auto,
nárikel,2,naarikel,,auto,
nárkátiá,2,naarkaatiaa,,auto,
nárkel,2,naarkel,,auto,
nárkoler,2,naarkoler,,auto,
Narottamdás,2,Narottamdaas,,auto,
nása,2,naasa,,auto,
násada,2,naasada,,auto,
násadiiya,2,naasadiiya,,auto,
Násadiiya,2,Naasadiiya,,auto,
náshaya,2,naashaya,,auto,
Náshi,2,Naashi,,auto,
Násiruddiin,2,Naasiruddiin,,auto,
Nat́aráj,2,Nataraaj,,auto,
Nat́esha,2,Natesha,,auto,
Náthnagar,2,Naathnagar,,auto,
nátirohati,2,naatirohati,,auto,
Natún,2,Natoon,,auto,
naváb,2,navaab,,auto,
navaḿ,2,navam,,auto,
navaniilákśa,2,navaniilaakshaa,,auto,
Navyamánavatá,2,Navyamaanavataa,,auto,
Navyamánavatávád,2,Navyamaanavataavaad,,auto,
Nawábvasán,2,Nawaabvasaan,,auto,
Náyáccháditátmánaḿ,2,Naayaacchaaditaatmaanam,,auto,
Nayágrám,2,Nayaagraam,,auto,
Nayanatárá,2,Nayanataaraa,,auto,
Ńda,2,Ńda,,auto,
ńd́alinii,2,ńdalinii,,auto,
Nebubágán,2,Nebubaagaan,,auto,
Neoyá,2,Neoyaa,,auto,
nepál,2,nepaal,,auto,
neŕáte,2,neŕaate,,auto,
Nidhánaḿ,2,Nidhaanam,,auto,
nidhhánam,2,nidhhaanam,,auto,
nididyásana,2,nididyaasana,,auto,
Nidrá-tandrá-bhayaḿ-krodhah-álasyam-diirghasútratá,2,Nidraa-tandraa-bhayam-krodhah-aalasyam-diirghasootrataa,,auto,
nihitáḿ,2,nihitaam,,auto,
Niiladarpańa,2,Niiladarpańa,,auto,
niilákásher,2,niilaakaasher,,auto,
Niiltárá,2,Niiltaaraa,,auto,
Niirasácat́i,2,Niirasaachati,,auto,
niitisuákyasamanvitam,2,niitisuaakyasamanvitam,,auto,
niitisuákyásamanvitam,2,niitisuaakyaasamanvitam,,auto,
niitivádiis,2,niitivaadiis,,auto,
Niitivákya,2,Niitivaakya,,auto,
nikaśá,2,nikashaa,,auto,
nilám,2,nilaam,,auto,
Nilám,2,Nilaam,,auto,
nimeś,2,nimesh,,auto,
nirabhimánii,2,nirabhimaanii,,auto,
Niraiṋjaner,2,Niraiṋjaner,,auto,
nirákáram,2,niraakaaram,,auto,
Nirákáraváda,2,Niraakaaravaada,,auto,
nirálambaniishaḿ,2,niraalambaniisham,,auto,
nirátishayaḿ,2,niraatishayam,,auto,
nirguńá,2,nirguńaa,,auto,
nirguńasca,2,nirguńasca,,auto,
Nirguńatattva,2,Nirguńatattva,,auto,
Niriisána,2,Niriisaana,,auto,
Nirjharańii,2,Nirjharańii,,auto,
nirmiyá,2,nirmiyaa,,auto,
nirváńatattva,2,nirvaańatattva,,auto,
nirvesheśa,2,nirveshesha,,auto,
nirvikalpasamádhi,2,nirvikalpasamaadhi,,auto,
nirvisáyaḿstathá,2,nirvisaayamstathaa,,auto,
niśada,2,nishada,,auto,
Niśáda,2,Nishaada,,auto,
Nishánte,2,Nishaante,,auto,
Nishár,2,Nishaar,,auto,
niśikta,2,nishikta,,auto,
niśkalus',2,nishkalus',,auto,
niśt́hur,2,nishthur,,auto,
ńiśu,2,ńishu,,auto,
nīti,2,neeti,,auto,
Nitraḿ,2,Nitram,,auto,
Nityakáler,2,Nityakaaler,,auto,
nityamádyantaḿ-shúnyam,2,nityamaadyantam-shoonyam,,auto,
Nityamádyantashúnyam,2,Nityamaadyantashoonyam,,auto,
nityamanityatáḿ,2,nityamanityataam,,auto,
nityashucisukhátmakhyátiravidyá,2,nityashuchisukhaatmakhyaatiravidyaa,,auto,
Niyantrańa,2,Niyantrańa,,auto,
Niyaŕi,2,Niyaŕi,,auto,
niyogprathá,2,niyogprathaa,,auto,
no-buddhyá,2,no-buddhyaa,,auto,
non-ácárya,2,non-aachaarya,,auto,
non-Sádhakas,2,non-Saadhakas,,auto,
noyá,2,noyaa,,auto,
Noyágrám,2,Noyaagraam,,auto,
nrsiḿhah,2,nrsimhah,,auto,
Nútan,2,Nootan,,auto,
nyákámi,2,nyaakaami,,auto,
ńyam,2,ńyam,,auto,
ńyaḿ,2,ńyam,,auto,
Nyáḿt́eshvara,2,Nyaamteshvara,,auto,
nyás,2,nyaas,,auto,
Nyása,2,Nyaasa,,auto,
o-belá,2,o-belaa,,auto,
oblá,2,oblaa,,auto,
Occidental-Demi-Málavii,2,Occhidental-Demi-Maalavii,,auto,
Occidento-Demi-Málavii,2,Occhidento-Demi-Maalavii,,auto,
od́,2,od,,auto,
Oláicańd́ii,2,Olaaichańdii,,auto,
oṋḿkára-mantra,2,ommkaara-mantra,,auto,
opar-jhunt́i,2,opar-jhunti,,auto,
Orá,2,Oraa,,auto,
Oráons,2,Oraaons,,auto,
oŕár,2,oŕaar,,auto,
oŕáy,2,oŕaay,,auto,
oŕná,2,oŕnaa,,auto,
Oŕná,2,Oŕnaa,,auto,
ośa,2,osha,,auto,
Ośadhipati,2,Oshadhipati,,auto,
ośańa,2,oshańa,,auto,
ostád,2,ostaad,,auto,
ośudh,2,oshudh,,auto,
ot́á,2,otaa,,auto,
otherśsins,2,othershsins,,auto,
Pá,2,Paa,,auto,
pá-á-á-t́i,2,paa-aa-aa-ti,,auto,
pá-jámá,2,paa-jaamaa,,auto,
pa-pirása,2,pa-piraasa,,auto,
pá-pirása,2,paa-piraasa,,auto,
Pabná,2,Pabnaa,,auto,
Pábná,2,Paabnaa,,auto,
pácchi,2,paacchi,,auto,
pachás,2,pachaas,,auto,
pad-má,2,pad-maa,,auto,
Padánte,2,Padaante,,auto,
Padárthas,2,Padaarthas,,auto,
Padmá,2,Padmaa,,auto,
Padmávatii,2,Padmaavatii,,auto,
páduká,2,paadukaa,,auto,
pág,2,paag,,auto,
Págal,2,Paagal,,auto,
Páglár,2,Paaglaar,,auto,
págliir,2,paagliir,,auto,
págŕi,2,paagŕi,,auto,
Páhád́iyá,2,Paahaadiyaa,,auto,
Páháŕ,2,Paahaaŕ,,auto,
Paháŕii,2,Pahaaŕii,,auto,
Páharii,2,Paaharii,,auto,
Páháriis,2,Paahaariis,,auto,
páhinityam,2,paahinityam,,auto,
Pái,2,Paai,,auto,
Páikgách,2,Paaikgaach,,auto,
páinc,2,paainc,,auto,
Páinc,2,Paainc,,auto,
paiṋcabhúta,2,paiṋchabhoota,,auto,
Paiṋcabhútas,2,Paiṋchabhootas,,auto,
Paiṋcabhútatmaka,2,Paiṋchabhootatmaka,,auto,
Paiṋcabodhisattva,2,Paiṋchabodhisattva,,auto,
Paiṋcabuddhas,2,Paiṋchabuddhas,,auto,
Paiṋcagaoŕa,2,Paiṋchagaoŕa,,auto,
Paiṋcakanyá,2,Paiṋchakanyaa,,auto,
Paiṋcakośatmaka,2,Paiṋchakoshatmaka,,auto,
paiṋcakośátmaka,2,paiṋchakoshaatmaka,,auto,
paiṋcáshatyojanátmakah,2,paiṋchaashatyojanaatmakah,,auto,
Paiṋjáb,2,Paiṋjaab,,auto,
paiṋjana,2,paiṋjana,,auto,
páirabu,2,paairabu,,auto,
páká-poktá,2,paakaa-poktaa,,auto,
pákasparsha,2,paakasparsha,,auto,
paket́,2,paket,,auto,
paket́e,2,pakete,,auto,
pákháná,2,paakhaanaa,,auto,
pákhii,2,paakhii,,auto,
Pákhiir,2,Paakhiir,,auto,
pákistán,2,paakistaan,,auto,
pakśii,2,pakshaii,,auto,
Pákud́a,2,Paakuda,,auto,
Pakuŕ,2,Pakuŕ,,auto,
Pákurh,2,Paakurh,,auto,
pakvabimbádharośt́hii,2,pakvabimbaadharoshthii,,auto,
Pál,2,Paal,,auto,
pálálo,2,paalaalo,,auto,
PÁLAḾ,2,PaaLAḾ,,auto,
Pálaḿkyá,2,Paalamkyaa,,auto,
Palámu,2,Palaamu,,auto,
pálankári,2,paalankaari,,auto,
Palásh,2,Palaash,,auto,
palásha,2,palaasha,,auto,
Paláshvanii,2,Palaashvanii,,auto,
Pálaunkya,2,Paalaunkya,,auto,
pálaunkyá,2,paalaunkyaa,,auto,
Pálaunkyá,2,Paalaunkyaa,,auto,
pálcha,2,paalcha,,auto,
pálkis,2,paalkis,,auto,
paḿkti,2,pamkti,,auto,
Paḿkti,2,Pamkti,,auto,
páḿshujále,2,paamshujaale,,auto,
Pán,2,Paan,,auto,
Pancastúpii,2,Panchastoopii,,auto,
Pañcatantra,2,Panychatantra,,auto,
Pánchthupii,2,Paanchthupii,,auto,
páncrá,2,paancraa,,auto,
páńd́avas,2,paańdavas,,auto,
páńd́avashcaeva,2,paańdavashchaeva,,auto,
Pánd́e,2,Paande,,auto,
Pańd́itá,2,Pańditaa,,auto,
pańd́itajii,2,pańditajii,,auto,
Pańd́itajii,2,Pańditajii,,auto,
Páńd́ya,2,Paańdya,,auto,
pańe,2,pańe,,auto,
Páńigráhii,2,Paańigraahii,,auto,
pániipáŕe,2,paaniipaaŕe,,auto,
Pániipáŕe,2,Paaniipaaŕe,,auto,
pánikot́ik,2,paanikotik,,auto,
Páńini,2,Paańini,,auto,
pánkaoŕis,2,paankaoŕis,,auto,
pánt́,2,paant,,auto,
pántá,2,paantaa,,auto,
Páo,2,Paao,,auto,
Paońd́ra,2,Paońdra,,auto,
Páond́ravardhana,2,Paaondravardhana,,auto,
páoṋrut́i,2,paaomruti,,auto,
paornámásii,2,paornaamaasii,,auto,
paorńamásii,2,paorńamaasii,,auto,
páoyár,2,paaoyaar,,auto,
pápá,2,paapaa,,auto,
pápa-vahá,2,paapa-vahaa,,auto,
Pápáni,2,Paapaani,,auto,
pápániityarthe,2,paapaaniityarthe,,auto,
Pápas,2,Paapas,,auto,
pápashakti,2,paapashakti,,auto,
pápasya,2,paapasya,,auto,
pápavinirnukto,2,paapavinirnukto,,auto,
pápaysya,2,paapaysya,,auto,
paŕa,2,paŕa,,auto,
Pará-Prakrti,2,Paraa-Prakrti,,auto,
paradharmatsvásvanuśtitát,2,paradharmatsvaasvanushtitaat,,auto,
Paragańa,2,Paragańa,,auto,
PARÁGATI,2,PARaaGATI,,auto,
Parahit́arthaḿ,2,Parahitartham,,auto,
PARÁJIṊÁNA,2,PARaaJNYAaaNA,,auto,
parakáya-,2,parakaaya-,,auto,
Paramá-Prakrti,2,Paramaa-Prakrti,,auto,
Parama-puruśa,2,Parama-purusha,,auto,
paramahaḿsa,2,paramahamsa,,auto,
paramánanda,2,paramaananda,,auto,
paramánande,2,paramaanande,,auto,
paramapremasvarúpah,2,paramapremasvaroopah,,auto,
Paramapuruśa,2,Paramapurusha,,auto,
Paramaŕtha,2,Paramaŕtha,,auto,
paramártháh,2,paramaarthaah,,auto,
Paraḿátmá,2,Paramaatmaa,,auto,
Parámatmá,2,Paraamatmaa,,auto,
Paramátmán,2,Paramaatmaan,,auto,
Paramátman's,2,Paramaatman's,,auto,
páraḿena,2,paaramena,,auto,
páraḿna,2,paaramna,,auto,
Paramrása,2,Paramraasa,,auto,
paráńe,2,paraańe,,auto,
Paráńe,2,Paraańe,,auto,
paránuraktiriishvare,2,paraanuraktiriishvare,,auto,
Parásara,2,Paraasara,,auto,
Párasnath,2,Paarasnath,,auto,
paráyá,2,paraayaa,,auto,
paráyii,2,paraayii,,auto,
pardánasiina,2,pardaanasiina,,auto,
paresán,2,paresaan,,auto,
paribárer,2,paribaarer,,auto,
Paribháśá,2,Paribhaashaa,,auto,
páribi,2,paaribi,,auto,
páribu,2,paaribu,,auto,
Párigsahii,2,Paarigsahii,,auto,
pariikśá,2,pariikshaaa,,auto,
pariikśańa,2,pariikshaańa,,auto,
Párijata,2,Paarijata,,auto,
párim,2,paarim,,auto,
Parimitáhára,2,Parimitaahaara,,auto,
parináma,2,parinaama,,auto,
PARIŃÁMA,2,PARIŃaaMA,,auto,
parińámena,2,parińaamena,,auto,
Parińati,2,Parińati,,auto,
Parinirvána,2,Parinirvaana,,auto,
paŕinu,2,paŕinu,,auto,
páris,2,paaris,,auto,
pariśikta,2,parishikta,,auto,
Parityágo,2,Parityaago,,auto,
paŕiveshii,2,paŕiveshii,,auto,
páriveshii,2,paariveshii,,auto,
párla,2,paarla,,auto,
párlám,2,paarlaam,,auto,
párlimeńt́,2,paarlimeńt,,auto,
Parńa,2,Parńa,,auto,
Parńashavarii,2,Parńashavarii,,auto,
Paro'pakárarah,2,Paro'pakaararah,,auto,
paropakárah,2,paropakaarah,,auto,
Paropakáráh,2,Paropakaaraah,,auto,
paŕpaŕiye,2,paŕpaŕiye,,auto,
párse,2,paarse,,auto,
Párshva,2,Paarshva,,auto,
PÁRTHASÁRATHI,2,PaaRTHASaaRATHI,,auto,
Párthivii,2,Paarthivii,,auto,
Párvatadeshiiyá,2,Paarvatadeshiiyaa,,auto,
Párvatasya,2,Paarvatasya,,auto,
Párvatiijii,2,Paarvatiijii,,auto,
Párvatya,2,Paarvatya,,auto,
paryatáka,2,paryataaka,,auto,
paryat́ana,2,paryatana,,auto,
paryavekśańa,2,paryavekshaańa,,auto,
Páśáńa,2,Paashaańa,,auto,
Pasastanmahinájayataekam,2,Pasastanmahinaajayataekam,,auto,
Páschattya,2,Paaschattya,,auto,
Paschimottánásana,2,Paschimottaanaasana,,auto,
Pásh-bálish,2,Paash-baalish,,auto,
páshaer,2,paashaer,,auto,
Páshamukto,2,Paashamukto,,auto,
Páshánkushasharacápadhárińii,2,Paashaankushasharachaapadhaarińii,,auto,
páshará,2,paasharaa,,auto,
Páshas,2,Paashas,,auto,
páshbálish,2,paashbaalish,,auto,
Paśhcátya,2,Pashhchaatya,,auto,
Páshcatya,2,Paashchatya,,auto,
páshcátya,2,paashchaatya,,auto,
Páshcháttya,2,Paashchaattya,,auto,
pashcimottánásana,2,pashchimottaanaasana,,auto,
páshmoŕá,2,paashmoŕaa,,auto,
pashusiḿha,2,pashusimha,,auto,
pashyáddrśt́amekarát,2,pashyaaddrshtamekaraat,,auto,
pashyátsvihaeva,2,pashyaatsvihaeva,,auto,
pashydrśtmekarát,2,pashydrshtmekaraat,,auto,
pát́á,2,paataa,,auto,
pátábáhári,2,paataabaahaari,,auto,
patáká,2,pataakaa,,auto,
Pátakiis-those,2,Paatakiis-those,,auto,
Pat́alii,2,Patalii,,auto,
Pát́alii,2,Paatalii,,auto,
Pát́aliiputra,2,Paataliiputra,,auto,
pát́aniire,2,paataniire,,auto,
pátár,2,paataar,,auto,
pát́avah,2,paatavah,,auto,
pát́e,2,paate,,auto,
pat́h,2,path,,auto,
pát́ha,2,paatha,,auto,
Páthár,2,Paathaar,,auto,
Pátharkándi,2,Paatharkaandi,,auto,
pátharkuci,2,paatharkuchi,,auto,
páthát,2,paathaat,,auto,
pát́hayati,2,paathayati,,auto,
pát́he,2,paathe,,auto,
páthure,2,paathure,,auto,
pátiháns,2,paatihaans,,auto,
patitohasttasyádapi,2,patitohasttasyaadapi,,auto,
Pat́old́áuṋgá,2,Patoldaauṋgaa,,auto,
pat́olii,2,patolii,,auto,
pátra-mana,2,paatra-mana,,auto,
patramúrbii,2,patramoorbii,,auto,
Pátrasáyer,2,Paatrasaayer,,auto,
pat́t́a,2,patta,,auto,
pat́t́as,2,pattas,,auto,
Pátun,2,Paatun,,auto,
pat́utá,2,patutaa,,auto,
Pat́uyás,2,Patuyaas,,auto,
páunrut́i,2,paaunruti,,auto,
pávanám,2,paavanaam,,auto,
Pávápurii,2,Paavaapurii,,auto,
Pávná,2,Paavnaa,,auto,
Páyjámá,2,Paayjaamaa,,auto,
Peŕa,2,Peŕa,,auto,
pet́,2,pet,,auto,
pet́á,2,petaa,,auto,
pet́e,2,pete,,auto,
pet́o,2,peto,,auto,
pet́t́i,2,petti,,auto,
peyálá,2,peyaalaa,,auto,
peyárá,2,peyaaraa,,auto,
phád,2,phaad,,auto,
pháger,2,phaager,,auto,
Phaguyá,2,Phaguyaa,,auto,
Pháhá-u-cá,2,Phaahaa-u-chaa,,auto,
phalaḿ,2,phalam,,auto,
phalashreśt́ha,2,phalashreshtha,,auto,
Phálguń,2,Phaalguń,,auto,
Phálgun-Caetra,2,Phaalgun-Chaetra,,auto,
Phálguńa,2,Phaalguńa,,auto,
Phálgunete,2,Phaalgunete,,auto,
Phálgunii,2,Phaalgunii,,auto,
phaliśyatiiti,2,phalishyatiiti,,auto,
phaliśyatiti,2,phalishyatiti,,auto,
phalráni,2,phalraani,,auto,
pháṋd,2,phaaṋd,,auto,
phánki,2,phaanki,,auto,
pháṋki,2,phaaṋki,,auto,
pharmáis,2,pharmaais,,auto,
phat́-phat́,2,phat-phat,,auto,
Phátá,2,Phaataa,,auto,
phat́phat́,2,phatphat,,auto,
phatuyá,2,phatuyaa,,auto,
pherú,2,pheroo,,auto,
Phiirá,2,Phiiraa,,auto,
Phiiryá,2,Phiiryaa,,auto,
phit́,2,phit,,auto,
phot́e-e-e-e-e,2,phote-e-e-e-e,,auto,
phukári,2,phukaari,,auto,
phul-bátáshá,2,phul-baataashaa,,auto,
Phullará,2,Phullaraa,,auto,
Phullarár,2,Phullaraar,,auto,
phuráile,2,phuraaile,,auto,
phut́áni,2,phutaani,,auto,
phut́uni,2,phutuni,,auto,
phyáláiyá,2,phyaalaaiyaa,,auto,
phyán,2,phyaan,,auto,
phyán-bhát,2,phyaan-bhaat,,auto,
piit́ha,2,piitha,,auto,
pikdáni,2,pikdaani,,auto,
pind́a,2,pinda,,auto,
pińd́á,2,pińdaa,,auto,
piṋyáj,2,piṋyaaj,,auto,
pipásá,2,pipaasaa,,auto,
pisiimá,2,pisiimaa,,auto,
pitrastám,2,pitrastaam,,auto,
pittápáthurii,2,pittaapaathurii,,auto,
pittáshmarii,2,pittaashmarii,,auto,
Piyá,2,Piyaa,,auto,
poktá,2,poktaa,,auto,
Pośa,2,Posha,,auto,
post-Samádhi,2,post-Samaadhi,,auto,
Potaḿ,2,Potam,,auto,
potaná,2,potanaa,,auto,
prá,2,praa,,auto,
Prá,2,Praa,,auto,
Pra-parápa-samanvava-nirdurabhi-vyadhi-súdati-ni-prati-paryapayah,2,Pra-paraapa-samanvava-nirdurabhi-vyadhi-soodati-ni-prati-paryapayah,,auto,
Prabhákaravarddhana,2,Prabhaakaravarddhana,,auto,
prabháta,2,prabhaata,,auto,
prabhávena,2,prabhaavena,,auto,
Prabhumiishamaniisamasheśaguńam,2,Prabhumiishamaniisamasheshaguńam,,auto,
pracańd́a,2,prachańda,,auto,
pracárakas,2,prachaarakas,,auto,
práciináviita,2,praachiinaaviita,,auto,
Pracodayát,2,Prachodayaat,,auto,
Pradháńam,2,Pradhaańam,,auto,
pradhánas,2,pradhaanas,,auto,
pradhánatá,2,pradhaanataa,,auto,
prádurbháva,2,praadurbhaava,,auto,
prágaetihásik,2,praagaetihaasik,,auto,
prágaetihásika,2,praagaetihaasika,,auto,
prágrasare,2,praagrasare,,auto,
prajá,2,prajaa,,auto,
Prajápati-brahmá,2,Prajaapati-brahmaa,,auto,
Prajásatwa,2,Prajaasatwa,,auto,
Prajiṋapáramitá,2,Prajnyaapaaramitaa,,auto,
prajiṋastad,2,prajnyaastad,,auto,
Prajiṋátattva,2,Prajnyaaatattva,,auto,
Prajjyotiśpur,2,Prajjyotishpur,,auto,
prák-baoddha,2,praak-baoddha,,auto,
prakámiya,2,prakaamiya,,auto,
Prakára,2,Prakaara,,auto,
prakáraḿ,2,prakaaram,,auto,
Prakiirttitáh,2,Prakiirttitaah,,auto,
Prákrta-descended,2,Praakrta-deschended,,auto,
Prákrta-Pali,2,Praakrta-Pali,,auto,
Prákrta-Shakti,2,Praakrta-Shakti,,auto,
prakśepa,2,prakshaepa,,auto,
prámáda,2,praamaada,,auto,
Pramáná,2,Pramaanaa,,auto,
pramáńabhávát,2,pramaańabhaavaat,,auto,
pramánáni,2,pramaanaani,,auto,
Pramáńáni,2,Pramaańaani,,auto,
pramáńas,2,pramaańas,,auto,
Pramathanátha,2,Pramathanaatha,,auto,
pramátrokońas,2,pramaatrokońas,,auto,
prán,2,praan,,auto,
Prańa,2,Prańa,,auto,
prána,2,praana,,auto,
Prána,2,Praana,,auto,
práná,2,praanaa,,auto,
práńa's,2,praańa's,,auto,
pránaghátinii,2,praanaghaatinii,,auto,
Pránah,2,Praanah,,auto,
Práńáha,2,Praańaaha,,auto,
práńakendras,2,praańakendras,,auto,
Pránán,2,Praanaan,,auto,
Práńapákhii,2,Praańapaakhii,,auto,
práńapuruśa,2,praańapurusha,,auto,
prańaya,2,prańaya,,auto,
Prańáyama,2,Prańaayama,,auto,
práńáyama,2,praańaayama,,auto,
práńáyáma-induced,2,praańaayaama-induched,,auto,
práńáyáma-sádhaka,2,praańaayaama-saadhaka,,auto,
pranidhána,2,pranidhaana,,auto,
prańidhana,2,prańidhana,,auto,
prańidhánaḿ,2,prańidhaanam,,auto,
Prańipát,2,Prańipaat,,auto,
práńocchale,2,praańocchale,,auto,
prapannáh,2,prapannaah,,auto,
prárthana,2,praarthana,,auto,
prasár,2,prasaar,,auto,
prasára,2,prasaara,,auto,
prásatih,2,praasatih,,auto,
Prasauṋga,2,Prasauṋga,,auto,
prashánti,2,prashaanti,,auto,
prashvásayoh,2,prashvaasayoh,,auto,
Pratápa,2,Prataapa,,auto,
prátapa,2,praatapa,,auto,
prati-saḿvedii,2,prati-samvedii,,auto,
Pratibhú,2,Pratibhoo,,auto,
pratiikśáy,2,pratiikshaaay,,auto,
pratiisyá,2,pratiisyaa,,auto,
Pratikulavedaniiyaḿ,2,Pratikulavedaniiyam,,auto,
pratikúlavedaniiyam,2,pratikoolavedaniiyam,,auto,
Pratikúlavedaniiyam,2,Pratikoolavedaniiyam,,auto,
pratisaḿvedanika,2,pratisamvedanika,,auto,
Pratiśt́ha,2,Pratishtha,,auto,
pratiśt́hati,2,pratishthati,,auto,
pratiśt́ht́á,2,pratishthtaa,,auto,
pratyá,2,pratyaa,,auto,
pratyabhijiṋá,2,pratyabhijnyaaa,,auto,
Pratyabhijiṋá,2,Pratyabhijnyaaa,,auto,
pratyáhara,2,pratyaahara,,auto,
Pratyakśánumánágamáh,2,Pratyakshaaanumaanaagamaah,,auto,
Pratyakśyaeva,2,Pratyakshayaeva,,auto,
pratyanudhiuṋg-nikasá-ntará-ntareńa-yávadbhih,2,pratyanudhiuṋg-nikasaa-ntaraa-ntareńa-yaavadbhih,,auto,
pratyatyaekatánatá,2,pratyatyaekataanataa,,auto,
pratyávaya,2,pratyaavaya,,auto,
pratyayá,2,pratyayaa,,auto,
Pratyayamúlaka,2,Pratyayamoolaka,,auto,
pratyúśe,2,pratyooshe,,auto,
Praveshiká,2,Praveshikaa,,auto,
Prayág,2,Prayaag,,auto,
Prayágiiya,2,Prayaagiiya,,auto,
prekśá,2,prekshaaa,,auto,
prekśágrha,2,prekshaaagrha,,auto,
prekśańa,2,prekshaańa,,auto,
premasamgatá,2,premasamgataa,,auto,
premasauṋgata,2,premasauṋgata,,auto,
premasúryáḿshusámyabhak,2,premasooryaamshusaamyabhak,,auto,
premasúryáungsu,2,premasooryaaungsu,,auto,
Premasvarúpah,2,Premasvaroopah,,auto,
preśitah,2,preshitah,,auto,
Preyaskará,2,Preyaskaraa,,auto,
priyabálá,2,priyabaalaa,,auto,
Priyaiṋca,2,Priyaiṋcha,,auto,
Priyashivánanda,2,Priyashivaananda,,auto,
prjáyate,2,prjaayate,,auto,
prśt́ha,2,prshtha,,auto,
Prthviiráj,2,Prthviiraaj,,auto,
Púja,2,Pooja,,auto,
PÚJÁ,2,PooJaa,,auto,
pújaniiyam,2,poojaniiyam,,auto,
pújiiche,2,poojiiche,,auto,
pújoy,2,poojoy,,auto,
puḿsáḿ,2,pumsaam,,auto,
puḿsi,2,pumsi,,auto,
puṋi,2,puṋi,,auto,
Puṋi,2,Puṋi,,auto,
PUṊI,2,PUṊI,,auto,
puṋi's,2,puṋi's,,auto,
Punjábi,2,Punjaabi,,auto,
Punt́úm,2,Puntoom,,auto,
Puńyamahorátraḿ,2,Puńyamahoraatram,,auto,
Punyánagini,2,Punyaanagini,,auto,
punyatmá,2,punyatmaa,,auto,
Puńyavána,2,Puńyavaana,,auto,
punyavantá,2,punyavantaa,,auto,
Puńyáya,2,Puńyaaya,,auto,
Purańa,2,Purańa,,auto,
purańá,2,purańaa,,auto,
purána,2,puraana,,auto,
purańeśu,2,purańeshu,,auto,
PURASHCARAŃA,2,PURASHCARAŃA,,auto,
Purátana,2,Puraatana,,auto,
Purátma,2,Puraatma,,auto,
Puravrttakathá,2,Puravrttakathaa,,auto,
Púrńá,2,Poorńaa,,auto,
Púrnamidaḿ,2,Poornamidam,,auto,
púrnámudacyate,2,poornaamudacyate,,auto,
púrńát,2,poorńaat,,auto,
púrńávatár,2,poorńaavataar,,auto,
puŕnendutuśáraháradhavalá,2,puŕnendutushaarahaaradhavalaa,,auto,
Púrnima,2,Poornima,,auto,
Puro'vrttakatháyuktamitihása,2,Puro'vrttakathaayuktamitihaasa,,auto,
Purośottamáya,2,Puroshottamaaya,,auto,
Puruśa-begotten,2,Purusha-begotten,,auto,
Puruśa-earth,2,Purusha-earth,,auto,
puruśábhása,2,purushaabhaasa,,auto,
puruśabháva,2,purushabhaava,,auto,
PURUŚABHÁVA,2,PURUŚABHaaVA,,auto,
Puruśaeva,2,Purushaeva,,auto,
purúsah,2,puroosah,,auto,
puruśakhyati,2,purushakhyati,,auto,
Puruśashreśt́ha,2,Purushashreshtha,,auto,
PURUŚATATTVA,2,PURUŚATATTVA,,auto,
puruśer,2,purusher,,auto,
puruśottamah,2,purushottamah,,auto,
Puruśottamahood,2,Purushottamahood,,auto,
Puruśottamaya,2,Purushottamaya,,auto,
púrvádra,2,poorvaadra,,auto,
púrváhńa,2,poorvaahńa,,auto,
Púrvvo,2,Poorvvo,,auto,
Puśpadhara,2,Pushpadhara,,auto,
puśpavarńábhá,2,pushpavarńaabhaa,,auto,
puśpavat,2,pushpavat,,auto,
puśt́i,2,pushti,,auto,
put́rá,2,putraa,,auto,
putraḿ,2,putram,,auto,
putravadhú,2,putravadhoo,,auto,
put́t́ara,2,puttara,,auto,
puuṋgiphalam,2,puuṋgiphalam,,auto,
pyát́,2,pyaat,,auto,
qhájá,2,qhaajaa,,auto,
ŕ,2,ŕ,,auto,
Ŕa,2,Ŕa,,auto,
RÁDHA,2,RaaDHA,,auto,
Rádhámańi,2,Raadhaamańi,,auto,
rádhár,2,raadhaar,,auto,
Rádhikágaiṋja,2,Raadhikaagaiṋja,,auto,
rágá,2,raagaa,,auto,
ráganugá,2,raaganugaa,,auto,
rágánugábhakti,2,raagaanugaabhakti,,auto,
Rágánugácayate,2,Raagaanugaachayate,,auto,
ragasádhaná,2,ragasaadhanaa,,auto,
Rágátmikámanusrt́a,2,Raagaatmikaamanusrta,,auto,
ráhá-kharac,2,raahaa-kharac,,auto,
ráhiá,2,raahiaa,,auto,
ráhii,2,raahii,,auto,
rahimá,2,rahimaa,,auto,
Ráhunáhasao,2,Raahunaahasao,,auto,
raiṋjak,2,raiṋjak,,auto,
Raiṋjan,2,Raiṋjan,,auto,
ráis,2,raais,,auto,
Rajá,2,Rajaa,,auto,
rájádhiráj,2,raajaadhiraaj,,auto,
Rájadhirája,2,Raajadhiraaja,,auto,
rajahguńii,2,rajahguńii,,auto,
Rájamálá,2,Raajamaalaa,,auto,
rájáḿka,2,raajaamka,,auto,
rájamńih,2,raajamńih,,auto,
rájan,2,raajan,,auto,
Rájánukúla,2,Raajaanukoola,,auto,
rájapatha,2,raajapatha,,auto,
rájapuruśa,2,raajapurusha,,auto,
Rájaputra,2,Raajaputra,,auto,
Rájaputta,2,Raajaputta,,auto,
Rájarśi,2,Raajarshi,,auto,
Rájasii,2,Raajasii,,auto,
rajastamaguńii,2,rajastamaguńii,,auto,
rájatilak,2,raajatilak,,auto,
Rájavaḿshiis,2,Raajavamshiis,,auto,
Rájávasán,2,Raajaavasaan,,auto,
Rájbándh,2,Raajbaandh,,auto,
Rájgir,2,Raajgir,,auto,
Rájiyá,2,Raajiyaa,,auto,
Rájnagar,2,Raajnagar,,auto,
rajoguńah,2,rajoguńah,,auto,
rajogúnii,2,rajogoonii,,auto,
Rájpat́h,2,Raajpath,,auto,
Rajsáhii,2,Rajsaahii,,auto,
Rájvanshiis,2,Raajvanshiis,,auto,
Rájyam,2,Raajyam,,auto,
Rájyavarddana's,2,Raajyavarddana's,,auto,
rákhi,2,raakhi,,auto,
rákhta,2,raakhta,,auto,
Rakśá,2,Rakshaaa,,auto,
Rákśasa,2,Raakshaasa,,auto,
rákśaser,2,raakshaaser,,auto,
rakśasii,2,rakshaasii,,auto,
rákśasiis,2,raakshaasiis,,auto,
Raḿ,2,Ram,,auto,
Raḿacaritmánas,2,Ramacharitmaanas,,auto,
Rámagotra,2,Raamagotra,,auto,
Rámajiivana,2,Raamajiivana,,auto,
Rámaḿ,2,Raamam,,auto,
Rámananda,2,Raamananda,,auto,
Rámánńasti,2,Raamaanńasti,,auto,
Rámát,2,Raamaat,,auto,
Rámáya,2,Raamaaya,,auto,
rámbágáne,2,raambaagaane,,auto,
Rambhá,2,Rambhaa,,auto,
Rámeńa,2,Raameńa,,auto,
Rámeńá,2,Raameńaa,,auto,
Rameshaḿ,2,Ramesham,,auto,
Rámprasád,2,Raamprasaad,,auto,
Raḿpuri,2,Rampuri,,auto,
raḿrut́,2,ramrut,,auto,
rámtulsi,2,raamtulsi,,auto,
Rámu,2,Raamu,,auto,
rańahuḿkár,2,rańahumkaar,,auto,
Ráńiigáchi,2,Raańiigaachi,,auto,
ránŕ,2,raanŕ,,auto,
raodá,2,raodaa,,auto,
Rápah,2,Raapah,,auto,
Rárh,2,Raarh,,auto,
RÁŔH,2,RaaŔH,,auto,
Ráŕh-Samatat-Barendra-D́abák,2,Raaŕh-Samatat-Barendra-Dabaak,,auto,
Ráŕhbhum,2,Raaŕhbhum,,auto,
rasakhańd́a,2,rasakhańda,,auto,
RÁSALIILÁ,2,RaaSALIILaa,,auto,
rashmiresá,2,rashmiresaa,,auto,
rasogollá,2,rasogollaa,,auto,
rástáy,2,raastaay,,auto,
Rástáy,2,Raastaay,,auto,
rástra,2,raastra,,auto,
Ráśt́raḿ,2,Raashtram,,auto,
rát,2,raat,,auto,
Rat́antii,2,Ratantii,,auto,
Rathtalá,2,Rathtalaa,,auto,
ratnakalpojjvaláḿgaḿ,2,ratnakalpojjvalaamgam,,auto,
Ratnásaŕii,2,Ratnaasaŕii,,auto,
Rátram,2,Raatram,,auto,
Rátri,2,Raatri,,auto,
rátryá,2,raatryaa,,auto,
Rát́t́ha,2,Raattha,,auto,
Rátu,2,Raatu,,auto,
ráuṋáile,2,raauṋaaile,,auto,
ráuṋáiyá,2,raauṋaaiyaa,,auto,
ráunámát́ir,2,raaunaamaatir,,auto,
ráuṋgá,2,raauṋgaa,,auto,
ráuṋgámát́ir,2,raauṋgaamaatir,,auto,
ráungii,2,raaungii,,auto,
ráungiye,2,raaungiye,,auto,
Rávan,2,Raavan,,auto,
Rávańa's,2,Raavańa's,,auto,
Rávanas,2,Raavanas,,auto,
Rávha,2,Raavha,,auto,
ravivár,2,ravivaar,,auto,
Ráygainj,2,Raaygainj,,auto,
red́i,2,redi,,auto,
rekávi,2,rekaavi,,auto,
rekháy,2,rekhaay,,auto,
Renet́i,2,Reneti,,auto,
reoyáj,2,reoyaaj,,auto,
Ŕeŕi,2,Ŕeŕi,,auto,
Ŕha,2,Ŕha,,auto,
ŕhan,2,ŕhan,,auto,
riśi,2,rishi,,auto,
riská,2,riskaa,,auto,
rń,2,rń,,auto,
Rńaḿ,2,Rńam,,auto,
rńii,2,rńii,,auto,
rogamúlam,2,rogamoolam,,auto,
rojhá,2,rojhaa,,auto,
romáiṋca,2,romaaiṋcha,,auto,
romál,2,romaal,,auto,
Rot́ii,2,Rotii,,auto,
rovvár,2,rovvaar,,auto,
rpauṋkhii,2,rpauṋkhii,,auto,
rśidevebhyonamah,2,rshidevebhyonamah,,auto,
Rudrakśa,2,Rudrakshaa,,auto,
Rudrákśa,2,Rudraakshaa,,auto,
rudrátirudra,2,rudraatirudra,,auto,
rudraviińá,2,rudraviińaa,,auto,
rudraviińáy,2,rudraviińaay,,auto,
rui-chátu,2,rui-chaatu,,auto,
ruichátu,2,ruichaatu,,auto,
rúp-a-váńii,2,roop-a-vaańii,,auto,
rúpaváńii,2,roopavaańii,,auto,
rúpváńii,2,roopvaańii,,auto,
rúśho'bhinivesha,2,rooshho'bhinivesha,,auto,
Ruśmá,2,Rushmaa,,auto,
ruśt́ao,2,rushtao,,auto,
rut́is,2,rutis,,auto,
śa-re-gá-má-pá-dhá-ni,2,sha-re-gaa-maa-paa-dhaa-ni,,auto,
sá-re-gá-má-pá-dhá-ni-sá,2,saa-re-gaa-maa-paa-dhaa-ni-saa,,auto,
sabáikár,2,sabaaikaar,,auto,
sábáŕ,2,saabaaŕ,,auto,
Sábarńa,2,Saabarńa,,auto,
sabbat́t́ha,2,sabbattha,,auto,
sabdájhari,2,sabdaajhari,,auto,
Sábdháner,2,Saabdhaaner,,auto,
Sabhyatá,2,Sabhyataa,,auto,
śad,2,shad,,auto,
Sadaevánumatam,2,Sadaevaanumatam,,auto,
sadákarya,2,sadaakarya,,auto,
sadáprápya,2,sadaapraapya,,auto,
sadásiinoo,2,sadaasiinoo,,auto,
sadásiittadániim,2,sadaasiittadaaniim,,auto,
sádávandita,2,saadaavandita,,auto,
Sadávrata,2,Sadaavrata,,auto,
sadbaoddha-karańa-káyastha-t́hakkur,2,sadbaoddha-karańa-kaayastha-thakkur,,auto,
sadbaoddha-karańa-káyattha-t́hakkura,2,sadbaoddha-karańa-kaayattha-thakkura,,auto,
Sadbháva,2,Sadbhaava,,auto,
Sádha,2,Saadha,,auto,
Sadhaná,2,Sadhanaa,,auto,
sádhana',2,saadhana',,auto,
Sádhanásaháyakam,2,Saadhanaasahaayakam,,auto,
Sádhanásamara,2,Saadhanaasamara,,auto,
Sádhavah,2,Saadhavah,,auto,
sádhikás,2,saadhikaas,,auto,
sádhújiivitáh,2,saadhoojiivitaah,,auto,
Sádhumá,2,Saadhumaa,,auto,
Sádhúnám,2,Saadhoonaam,,auto,
Sádhúnám',2,Saadhoonaam',,auto,
Sadyasnánasiktavasaná,2,Sadyasnaanasiktavasanaa,,auto,
ság,2,saag,,auto,
ságarapáriyá,2,saagarapaariyaa,,auto,
Ságardiighi,2,Saagardiighi,,auto,
ságnik,2,saagnik,,auto,
Ságnika,2,Saagnika,,auto,
saguńát,2,saguńaat,,auto,
saguńii,2,saguńii,,auto,
sáha,2,saaha,,auto,
Sahádeva,2,Sahaadeva,,auto,
Sahasá,2,Sahasaa,,auto,
sáhasádviśamáshanát,2,saahasaadvishamaashanaat,,auto,
Sahasráksa,2,Sahasraaksa,,auto,
sahasrapád,2,sahasrapaad,,auto,
sahasrashiirsá,2,sahasrashiirsaa,,auto,
Sahasrashiirsá,2,Sahasrashiirsaa,,auto,
sahasrashiirśá,2,sahasrashiirshaa,,auto,
Sáhávád,2,Saahaavaad,,auto,
sáhdhaka,2,saahdhaka,,auto,
sáheb,2,saaheb,,auto,
sáhib,2,saahib,,auto,
sáhii,2,saahii,,auto,
sahiśnuńa,2,sahishnuńa,,auto,
sahiśńutá,2,sahishńutaa,,auto,
sáhityanipuńa,2,saahityanipuńa,,auto,
sáhitye,2,saahitye,,auto,
sái,2,saai,,auto,
Saiṋcara's,2,Saiṋchara's,,auto,
saiṋcaramán,2,saiṋcharamaan,,auto,
saiṋcayah,2,saiṋchayah,,auto,
Sáinchithiinchá,2,Saainchithiinchaa,,auto,
Sáinchitthán,2,Saainchitthaan,,auto,
Saiṋjhihánastu,2,Saiṋjhihaanastu,,auto,
Sainthiyá,2,Sainthiyaa,,auto,
sájácchen,2,saajaacchen,,auto,
Sájáhán,2,Saajaahaan,,auto,
sájáte,2,saajaate,,auto,
sáji,2,saaji,,auto,
sájte,2,saajte,,auto,
Sakále,2,Sakaale,,auto,
sákańt́ak,2,saakańtak,,auto,
sakhasená,2,sakhasenaa,,auto,
sákśiceta,2,saakshaicheta,,auto,
Sákśiicetá,2,Saakshaiichetaa,,auto,
sákśyi,2,saakshayi,,auto,
śalākayā,2,shalaakayaa,,auto,
Salilaḿ,2,Salilam,,auto,
samá,2,samaa,,auto,
Samá,2,Samaa,,auto,
Sama-Samája,2,Sama-Samaaja,,auto,
sámáa,2,saamaaa,,auto,
samabhág,2,samabhaag,,auto,
samabhivyáhára,2,samabhivyaahaara,,auto,
samáchár,2,samaachaar,,auto,
samád́hi,2,samaadhi,,auto,
Samádhistha,2,Samaadhistha,,auto,
samádlii,2,samaadlii,,auto,
samagráḿ,2,samagraam,,auto,
samagryám,2,samagryaam,,auto,
Samájah,2,Samaajah,,auto,
samájajiiva,2,samaajajiiva,,auto,
samájashástra,2,samaajashaastra,,auto,
Samalháptii,2,Samalhaaptii,,auto,
Samáná,2,Samaanaa,,auto,
SAMÁNÁHRDAYÁNIVAH,2,SAMaaNaaHRDAYaaNIVAH,,auto,
SAMÁNAMASTU,2,SAMaaNAMASTU,,auto,
Samánamejati,2,Samaanamejati,,auto,
Samáni,2,Samaani,,auto,
SAMÁNI,2,SAMaaNI,,auto,
sámantarájá,2,saamantaraajaa,,auto,
saḿapatti,2,samapatti,,auto,
Samapluśińá,2,Samaplushińaa,,auto,
samapránáh,2,samapraanaah,,auto,
Samapráńáh,2,Samapraańaah,,auto,
sámarasya,2,saamarasya,,auto,
Samarpań,2,Samarpań,,auto,
samás,2,samaas,,auto,
samaśt́i,2,samashti,,auto,
samatabháva,2,samatabhaava,,auto,
Samatábháva,2,Samataabhaava,,auto,
Samatat́-Bágrii,2,Samatat-Baagrii,,auto,
Samatat-Barenda-Vauṋgabhumi,2,Samatat-Barenda-Vauṋgabhumi,,auto,
Samatat-D́abák,2,Samatat-Dabaak,,auto,
Samatat-Vauṋga-D́abák,2,Samatat-Vauṋga-Dabaak,,auto,
samaváda,2,samavaada,,auto,
samaváyena,2,samavaayena,,auto,
samávetáh,2,samaavetaah,,auto,
sambará,2,sambaraa,,auto,
sambhára,2,sambhaara,,auto,
saḿbhara,2,sambhara,,auto,
sambhávanáyáḿ,2,sambhaavanaayaam,,auto,
sambhránta,2,sambhraanta,,auto,
Saḿcoch,2,Samchoch,,auto,
samcukopántakále,2,samchukopaantakaale,,auto,
saḿcukopántakále,2,samchukopaantakaale,,auto,
SAḾGACCHADHVAḾ,2,SAḾGACCHADHVAḾ,,auto,
saḿgharśa,2,samgharsha,,auto,
Saḿgráme,2,Samgraame,,auto,
samgrámer,2,samgraamer,,auto,
Saḿharttá,2,Samharttaa,,auto,
sámii,2,saamii,,auto,
Samiikśá,2,Samiikshaaa,,auto,
sámil,2,saamil,,auto,
SAḾJÁNÁNÁ,2,SAḾJaaNaaNaa,,auto,
samjhaotá,2,samjhaotaa,,auto,
saḿkalpa-vikalpa,2,samkalpa-vikalpa,,auto,
saḿkalpas,2,samkalpas,,auto,
saḿkarśaka,2,samkarshaka,,auto,
Saḿketa,2,Samketa,,auto,
saḿklrpta,2,samklrpta,,auto,
saḿkoca-vikáshii,2,samkocha-vikaashii,,auto,
saḿkránta,2,samkraanta,,auto,
saḿliimańanasah,2,samliimańanasah,,auto,
Sammána,2,Sammaana,,auto,
Sammánei,2,Sammaanei,,auto,
sampadá,2,sampadaa,,auto,
sampádak,2,sampaadak,,auto,
sampáta,2,sampaata,,auto,
Samprajiṋátá,2,Samprajnyaaataa,,auto,
samprajnáta,2,samprajnaata,,auto,
sampramośah,2,sampramoshah,,auto,
samrát́,2,samraat,,auto,
Saḿsárat́á-i,2,Samsaarataa-i,,auto,
saḿsarga,2,samsarga,,auto,
saḿshleśańa,2,samshleshańa,,auto,
saḿskára-based,2,samskaara-based,,auto,
Saḿskára-based,2,Samskaara-based,,auto,
saḿskára-bound,2,samskaara-bound,,auto,
saḿskára-laden,2,samskaara-laden,,auto,
saḿskára-ridden,2,samskaara-ridden,,auto,
samskáraja,2,samskaaraja,,auto,
saḿskrtoktiśu,2,samskrtoktishu,,auto,
saḿsrjya,2,samsrjya,,auto,
Saḿsthápanártháya,2,Samsthaapanaarthaaya,,auto,
saḿsthitih,2,samsthitih,,auto,
Samudrá,2,Samudraa,,auto,
sámudrik,2,saamudrik,,auto,
samúha,2,samooha,,auto,
SAḾVADADHVAḾ,2,SAḾVADADHVAḾ,,auto,
Saḿvedaná,2,Samvedanaa,,auto,
saḿvedii,2,samvedii,,auto,
saḿvishanti,2,samvishanti,,auto,
SAḾVO,2,SAḾVO,,auto,
Saḿvrti,2,Samvrti,,auto,
saḿvrtti-bodhicitta,2,samvrtti-bodhichitta,,auto,
sámya,2,saamya,,auto,
samyagnirásena,2,samyagniraasena,,auto,
saḿyak,2,samyak,,auto,
samyauṋmasrnito,2,samyauṋmasrnito,,auto,
Samyaunnirásena,2,Samyaunniraasena,,auto,
saḿyoga,2,samyoga,,auto,
saḿyogo,2,samyogo,,auto,
saḿyuktá,2,samyuktaa,,auto,
Sań-mugam,2,Sań-mugam,,auto,
sanátanah,2,sanaatanah,,auto,
śańd́a,2,shańda,,auto,
Sandhivigráhks,2,Sandhivigraahks,,auto,
sáni,2,saani,,auto,
sánithiyá,2,saanithiyaa,,auto,
sánko,2,saanko,,auto,
Sánkomuŕo,2,Saankomuŕo,,auto,
Sańmugam,2,Sańmugam,,auto,
śańnám,2,shańnaam,,auto,
sannyásii-hood,2,sannyaasii-hood,,auto,
sannyásii's,2,sannyaasii's,,auto,
śánŕ,2,shaanŕ,,auto,
Śánŕat́á,2,Śaanŕataa,,auto,
santamivatmánaḿ,2,santamivatmaanam,,auto,
sántará,2,saantaraa,,auto,
sańvit,2,sańvit,,auto,
sanyásii's,2,sanyaasii's,,auto,
Sáontál,2,Saaontaal,,auto,
Saoráśt́rii,2,Saoraashtrii,,auto,
Saoráth,2,Saoraath,,auto,
sapásap-jhapájhap-damádam,2,sapaasap-jhapaajhap-damaadam,,auto,
Sápi,2,Saapi,,auto,
śaŕ,2,shaŕ,,auto,
Sára,2,Saara,,auto,
Sáradámat́h,2,Saaradaamath,,auto,
Sáradámat́hamárabhya,2,Saaradaamathamaarabhya,,auto,
sarái,2,saraai,,auto,
sárameya,2,saarameya,,auto,
Sárań,2,Saarań,,auto,
sarańa,2,sarańa,,auto,
Sarańa,2,Sarańa,,auto,
Sáranii,2,Saaranii,,auto,
sarásari,2,saraasari,,auto,
sárasattá,2,saarasattaa,,auto,
Sárasyanaeva,2,Saarasyanaeva,,auto,
sáráte,2,saaraate,,auto,
Sárathi,2,Saarathi,,auto,
SÁRATHI,2,SaaRATHI,,auto,
sárátsára,2,saaraatsaara,,auto,
Sarayúpád́ii,2,Sarayoopaadii,,auto,
Sáre,2,Saare,,auto,
Sáriputra,2,Saariputra,,auto,
Sariśá,2,Sarishaa,,auto,
Sarpirivárpitam,2,Sarpirivaarpitam,,auto,
Sárst́hi,2,Saarsthi,,auto,
śaŕúśańa,2,shaŕooshańa,,auto,
Sarvabhutádhi,2,Sarvabhutaadhi,,auto,
sarvabhútantáratmá,2,sarvabhootantaaratmaa,,auto,
Sarvabhuteśu,2,Sarvabhuteshu,,auto,
Sarvabhúteśu,2,Sarvabhooteshu,,auto,
Sarvácintáparityágo,2,Sarvaachintaaparityaago,,auto,
sarvadharmán,2,sarvadharmaan,,auto,
sarvadhiidháraka,2,sarvadhiidhaaraka,,auto,
sarvadyotanátmaka,2,sarvadyotanaatmaka,,auto,
sárvajanik,2,saarvajanik,,auto,
Sarvajiṋa,2,Sarvajnyaa,,auto,
sarvajiṋá,2,sarvajnyaaa,,auto,
sarvajiṋatvá,2,sarvajnyaatvaa,,auto,
sarvajiṋátva,2,sarvajnyaaatva,,auto,
sarvajiṋavijam,2,sarvajnyaavijam,,auto,
sarvamá,2,sarvamaa,,auto,
Sarvaḿsahá,2,Sarvamsahaa,,auto,
sarváń,2,sarvaań,,auto,
Sarvanásha,2,Sarvanaasha,,auto,
sarvanimnamána,2,sarvanimnamaana,,auto,
Sarvánllokaniishata,2,Sarvaanllokaniishata,,auto,
sarvarńaeh,2,sarvarńaeh,,auto,
sarvarúpavináshinna,2,sarvaroopavinaashinna,,auto,
sarvashaktimán,2,sarvashaktimaan,,auto,
sarvátma,2,sarvaatma,,auto,
sarváungiińa,2,sarvaaungiińa,,auto,
Sarvemáḿsaratáh,2,Sarvemaamsarataah,,auto,
sarvendriyágamya,2,sarvendriyaagamya,,auto,
Sárvjaniin,2,Saarvjaniin,,auto,
sarvsendriyágamyasatya,2,sarvsendriyaagamyasatya,,auto,
Saryupáriin,2,Saryupaariin,,auto,
sás,2,saas,,auto,
sasá,2,sasaa,,auto,
sásácchilen,2,saasaacchilen,,auto,
Sasiivávu,2,Sasiivaavu,,auto,
śaśt́hiir,2,shashthiir,,auto,
śaśt́i,2,shashti,,auto,
śaśt́ii,2,shashtii,,auto,
sát,2,saat,,auto,
Sát́,2,Saat,,auto,
śat́,2,shat,,auto,
Śat́,2,Śat,,auto,
śatcakra,2,shatchakra,,auto,
sat́eshan,2,sateshan,,auto,
sátishaya,2,saatishaya,,auto,
Sátpurá,2,Saatpuraa,,auto,
Sátrágáchi,2,Saatraagaachi,,auto,
sattvaguń,2,sattvaguń,,auto,
sattvagúna,2,sattvagoona,,auto,
sattvguńa,2,sattvguńa,,auto,
Sattvoguńa,2,Sattvoguńa,,auto,
sátvikii,2,saatvikii,,auto,
Satyá,2,Satyaa,,auto,
Satya-Svarúpa,2,Satya-Svaroopa,,auto,
Satyabháma,2,Satyabhaama,,auto,
Satyabrataḿ,2,Satyabratam,,auto,
satyadraśt́a,2,satyadrashta,,auto,
satyanáráyańer,2,satyanaaraayańer,,auto,
satyanetraḿ,2,satyanetram,,auto,
Satyaparaḿ,2,Satyaparam,,auto,
Satyashivánanda,2,Satyashivaananda,,auto,
Satyátmakaḿ,2,Satyaatmakam,,auto,
satyenaenáḿ,2,satyenaenaam,,auto,
sáuṋá,2,saauṋaa,,auto,
sauṋgatá,2,sauṋgataa,,auto,
saungharśa,2,saungharsha,,auto,
saungharśát,2,saungharshaat,,auto,
saungharśeńa,2,saungharsheńa,,auto,
saunkoc-vikáshii,2,saunkoc-vikaashii,,auto,
Savá,2,Savaa,,auto,
Sávarńa,2,Saavarńa,,auto,
Savedá,2,Savedaa,,auto,
savoṋke,2,savomke,,auto,
sáyare,2,saayare,,auto,
seer-rśi,2,seer-rshi,,auto,
sekendriyár,2,sekendriyaar,,auto,
selái,2,selaai,,auto,
sená,2,senaa,,auto,
senápati,2,senaapati,,auto,
Senpáháŕii,2,Senpaahaaŕii,,auto,
serestá,2,serestaa,,auto,
Seshvarsáḿkhya,2,Seshvarsaamkhya,,auto,
set́á,2,setaa,,auto,
sevaká,2,sevakaa,,auto,
seváyá,2,sevaayaa,,auto,
seviká,2,sevikaa,,auto,
shábi,2,shaabi,,auto,
Sháh,2,Shaah,,auto,
sháka,2,shaaka,,auto,
shákálu,2,shaakaalu,,auto,
shákaḿ,2,shaakam,,auto,
Shákha,2,Shaakha,,auto,
shákta,2,shaakta,,auto,
shakti-sampáta,2,shakti-sampaata,,auto,
Shaktikańa's,2,Shaktikańa's,,auto,
shaktisampáta,2,shaktisampaata,,auto,
shaktyatmakaḿ,2,shaktyatmakam,,auto,
Shákya,2,Shaakya,,auto,
Shál,2,Shaal,,auto,
shál-leaves,2,shaal-leaves,,auto,
shaláká,2,shalaakaa,,auto,
Sháli,2,Shaali,,auto,
shálmalii,2,shaalmalii,,auto,
sháluk,2,shaaluk,,auto,
sháluni,2,shaaluni,,auto,
Sháluniibáŕi,2,Shaaluniibaaŕi,,auto,
Shálvanii,2,Shaalvanii,,auto,
Shámasuddin,2,Shaamasuddin,,auto,
Shambú,2,Shamboo,,auto,
shaḿká,2,shamkaa,,auto,
sháms,2,shaams,,auto,
shámsunnáhár,2,shaamsunnaahaar,,auto,
shánkalu,2,shaankalu,,auto,
Shankarácarya,2,Shankaraacharya,,auto,
sháns,2,shaans,,auto,
shántá,2,shaantaa,,auto,
SHÁNTI,2,SHaaNTI,,auto,
Shántikarma,2,Shaantikarma,,auto,
shántimatyantamáti,2,shaantimatyantamaati,,auto,
shántmatyantamati,2,shaantmatyantamati,,auto,
Shaońd́ikah,2,Shaońdikah,,auto,
Shaorashreńii,2,Shaorashreńii,,auto,
sharáfat,2,sharaafat,,auto,
sharańágati-taking,2,sharańaagati-taking,,auto,
sharáńam,2,sharaańam,,auto,
Sharańkholá,2,Sharańkholaa,,auto,
sharáphat,2,sharaaphat,,auto,
Sharatsená,2,Sharatsenaa,,auto,
Sharf-Un-Nisá,2,Sharf-Un-Nisaa,,auto,
sháŕii,2,shaaŕii,,auto,
shariifá,2,shariifaa,,auto,
sháriira,2,shaariira,,auto,
sharikáná,2,sharikaanaa,,auto,
sharkará-báluka,2,sharkaraa-baaluka,,auto,
sharkará-jalam,2,sharkaraa-jalam,,auto,
Sharmá,2,Sharmaa,,auto,
shás,2,shaas,,auto,
Shás,2,Shaas,,auto,
Shásti,2,Shaasti,,auto,
Shástravyakhyana,2,Shaastravyakhyana,,auto,
shástravyákhyána,2,shaastravyaakhyaana,,auto,
shatabár,2,shatabaar,,auto,
Shatarúpe,2,Shataroope,,auto,
shatáyurbhava,2,shataayurbhava,,auto,
shatkará,2,shatkaraa,,auto,
shauńká,2,shauńkaa,,auto,
shauṋkar,2,shauṋkar,,auto,
Sháuṋkar,2,Shaauṋkar,,auto,
Shauṋkarácarya,2,Shauṋkaraacharya,,auto,
Shauṋkarácárya,2,Shauṋkaraachaarya,,auto,
Shauṋkat́ácańd́ii,2,Shauṋkataachańdii,,auto,
Sháuŕii,2,Shaauŕii,,auto,
sheoŕá,2,sheoŕaa,,auto,
Shersháhvádiyá,2,Shershaahvaadiyaa,,auto,
Sheśnág,2,Sheshnaag,,auto,
shiirśa,2,shiirsha,,auto,
shiitalám,2,shiitalaam,,auto,
Shiitátap,2,Shiitaatap,,auto,
Shiitośńa,2,Shiitoshńa,,auto,
shikhábandhana,2,shikhaabandhana,,auto,
shikharidashaná,2,shikharidashanaa,,auto,
shikhinaḿ,2,shikhinam,,auto,
shikśá,2,shikshaaa,,auto,
Shimúla-root,2,Shimoola-root,,auto,
Shiripuriyá,2,Shiripuriyaa,,auto,
Shishupálapálaka,2,Shishupaalapaalaka,,auto,
Shiv-a-rám,2,Shiv-a-raam,,auto,
shivá,2,shivaa,,auto,
Shiva-a-prasád,2,Shiva-a-prasaad,,auto,
shivabhávinii,2,shivabhaavinii,,auto,
Shivaprasád,2,Shivaprasaad,,auto,
shivapújár,2,shivapoojaar,,auto,
Shivapújár,2,Shivapoojaar,,auto,
Shivarám,2,Shivaraam,,auto,
Shivarátri,2,Shivaraatri,,auto,
Shivaságar,2,Shivasaagar,,auto,
Shivashaktivibhágasah,2,Shivashaktivibhaagasah,,auto,
Shiyáldaha,2,Shiyaaldaha,,auto,
Shiyársol,2,Shiyaarsol,,auto,
shleśmalá,2,shleshmalaa,,auto,
shleśmaláhitakárińii,2,shleshmalaahitakaarińii,,auto,
shmashán,2,shmashaan,,auto,
shobháiṋjana,2,shobhaaiṋjana,,auto,
shodhakárya,2,shodhakaarya,,auto,
shokarohitá,2,shokarohitaa,,auto,
Shońipura,2,Shońipura,,auto,
shráddhá,2,shraaddhaa,,auto,
shraddháiṋjali,2,shraddhaaiṋjali,,auto,
Shraddháván,2,Shraddhaavaan,,auto,
Shrávańá,2,Shraavańaa,,auto,
shrávańer,2,shraavańer,,auto,
Shrávańete,2,Shraavańete,,auto,
shreśt́hastattadevetare,2,shreshthastattadevetare,,auto,
Shreyaskará,2,Shreyaskaraa,,auto,
Shriigálánanda,2,Shriigaalaananda,,auto,
Shriihat́t́a,2,Shriihatta,,auto,
Shriipuriyá,2,Shriipuriyaa,,auto,
Shriirauṋgapattanam,2,Shriirauṋgapattanam,,auto,
shrńotyakarnáh,2,shrńotyakarnaah,,auto,
shrsá,2,shrsaa,,auto,
shrutishástra,2,shrutishaastra,,auto,
Shubhrajyotśnapulakitayáminii,2,Shubhrajyotshnapulakitayaaminii,,auto,
shubhravastrávrtá,2,shubhravastraavrtaa,,auto,
shuddhábhhakti,2,shuddhaabhhakti,,auto,
Shuddhasattá,2,Shuddhasattaa,,auto,
Shúddho'si,2,Shooddho'si,,auto,
shudhumátra,2,shudhumaatra,,auto,
shudrojáyata,2,shudrojaayata,,auto,
shuiyá,2,shuiyaa,,auto,
shukariiviśt́há,2,shukariivishthaa,,auto,
Shukjoŕá,2,Shukjoŕaa,,auto,
shuklébje,2,shuklébje,,auto,
Shukracárya,2,Shukrachaarya,,auto,
Shukradhátu,2,Shukradhaatu,,auto,
Shukrádyah,2,Shukraadyah,,auto,
Shukráyattam,2,Shukraayattam,,auto,
shuktá,2,shuktaa,,auto,
shúlapáńi,2,shoolapaańi,,auto,
shuńa,2,shuńa,,auto,
shuńáila,2,shuńaaila,,auto,
shuńo,2,shuńo,,auto,
shúńya,2,shoońya,,auto,
Shunyápuráńa,2,Shunyaapuraańa,,auto,
Shúnyapuráńa,2,Shoonyapuraańa,,auto,
Shúnyátma,2,Shoonyaatma,,auto,
Shushuniyá,2,Shushuniyaa,,auto,
shvása,2,shvaasa,,auto,
shvásh,2,shvaash,,auto,
Shváshuŕii,2,Shvaashuŕii,,auto,
Shvetámbar,2,Shvetaambar,,auto,
shvetapadmásaná,2,shvetapadmaasanaa,,auto,
shvetasára,2,shvetasaara,,auto,
shyáma,2,shyaama,,auto,
Shyámagotra,2,Shyaamagotra,,auto,
Shyámala,2,Shyaamala,,auto,
Shyámbájár,2,Shyaambaajaar,,auto,
Shyámpukur,2,Shyaampukur,,auto,
shyán,2,shyaan,,auto,
Siddhásana,2,Siddhaasana,,auto,
siddhi-bháuṋ,2,siddhi-bhaauṋ,,auto,
Siháŕasol,2,Sihaaŕasol,,auto,
siiásii,2,siiaasii,,auto,
siidhá,2,siidhaa,,auto,
siimánáy,2,siimaanaay,,auto,
Siitákuńd́a,2,Siitaakuńda,,auto,
siitkári,2,siitkaari,,auto,
Siitkárii,2,Siitkaarii,,auto,
Sikándár,2,Sikaandaar,,auto,
Silákantha,2,Silaakantha,,auto,
siḿ,2,sim,,auto,
siḿgha,2,simgha,,auto,
Siḿhabahu,2,Simhabahu,,auto,
siḿhodgára,2,simhodgaara,,auto,
siṋc,2,siṋc,,auto,
sindúr,2,sindoor,,auto,
sinduramut́hi,2,sinduramuthi,,auto,
sinŕi,2,sinŕi,,auto,
sint́iye,2,sintiye,,auto,
sipáhii,2,sipaahii,,auto,
sirká,2,sirkaa,,auto,
Sitá,2,Sitaa,,auto,
sitáphala,2,sitaaphala,,auto,
Sittá,2,Sittaa,,auto,
siuṋgi,2,siuṋgi,,auto,
skandha-kát́á,2,skandha-kaataa,,auto,
Smarámah,2,Smaraamah,,auto,
smarámastvamekaḿ,2,smaraamastvamekam,,auto,
Smaranityamanityatám,2,Smaranityamanityataam,,auto,
smareńyaḿ,2,smareńyam,,auto,
smashán,2,smashaan,,auto,
Smrtibháre,2,Smrtibhaare,,auto,
Smrtishástra,2,Smrtishaastra,,auto,
sńa,2,sńa,,auto,
snáyupet́aka,2,snaayupetaka,,auto,
Sńeya,2,Sńeya,,auto,
śneya,2,shneya,,auto,
śńeya,2,shńeya,,auto,
sodaśa,2,sodasha,,auto,
śod́asha,2,shodasha,,auto,
Śod́ashiirúpá,2,Śodashiiroopaa,,auto,
soń,2,soń,,auto,
sońa,2,sońa,,auto,
Sonáe,2,Sonaae,,auto,
sonár,2,sonaar,,auto,
sonára,2,sonaara,,auto,
sondál,2,sondaal,,auto,
Sondál,2,Sondaal,,auto,
Sopádhika,2,Sopaadhika,,auto,
soŕbaja-sorpuriya,2,soŕbaja-sorpuriya,,auto,
sparsha-tanmátra,2,sparsha-tanmaatra,,auto,
spaśt́atai,2,spashtatai,,auto,
sphot́a,2,sphota,,auto,
sphurańa,2,sphurańa,,auto,
sphúrtta,2,sphoortta,,auto,
sprśt́yá,2,sprshtyaa,,auto,
srast́á,2,srastaa,,auto,
sráśt́áraḿanekarúpam,2,sraashtaaramanekaroopam,,auto,
sriśt́i,2,srishti,,auto,
Srjámyaham,2,Srjaamyaham,,auto,
Srjámyaham',2,Srjaamyaham',,auto,
srotaśu,2,srotashu,,auto,
srśt́aḿ,2,srshtam,,auto,
Srśt́imátrká,2,Srshtimaatrkaa,,auto,
srśt́ir,2,srshtir,,auto,
stagitiikarańa,2,stagitiikarańa,,auto,
Stasyaeśa,2,Stasyaesha,,auto,
stathántaraḿ,2,stathaantaram,,auto,
sthán,2,sthaan,,auto,
Sthániishvar,2,Sthaaniishvar,,auto,
Sthániishvara,2,Sthaaniishvara,,auto,
sthániiya,2,sthaaniiya,,auto,
Sthánu,2,Sthaanu,,auto,
Sthavirvádii,2,Sthavirvaadii,,auto,
śt́hira,2,shthira,,auto,
sthirásana,2,sthiraasana,,auto,
Sthirasukhamásanam,2,Sthirasukhamaasanam,,auto,
sthiurabhúmi,2,sthiurabhoomi,,auto,
sthúliibhavane,2,sthooliibhavane,,auto,
stiśt́hate,2,stishthate,,auto,
striiyám,2,striiyaam,,auto,
striyáḿ,2,striyaam,,auto,
Stutyánirvacaniiyatákhilaguro,2,Stutyaanirvachaniiyataakhilaguro,,auto,
Stvamekaḿ,2,Stvamekam,,auto,
subás,2,subaas,,auto,
Sudámá's,2,Sudaamaa's,,auto,
sudiipatá,2,sudiipataa,,auto,
sudurácár,2,suduraachaar,,auto,
sudúŕe,2,sudooŕe,,auto,
Sujá-i-ghát́,2,Sujaa-i-ghaat,,auto,
Sujalám,2,Sujalaam,,auto,
Sukarńaputtrii,2,Sukarńaputtrii,,auto,
sukhárthaḿ,2,sukhaartham,,auto,
sukhátma,2,sukhaatma,,auto,
sukhátmakhyátiravidyá,2,sukhaatmakhyaatiravidyaa,,auto,
Súkśmacca,2,Sookshamaccha,,auto,
Suksmaprájiṋa,2,Suksmapraajnyaa,,auto,
súksmataraḿ,2,sooksmataram,,auto,
súkśmataram,2,sookshamataram,,auto,
súkśmátisúkśma,2,sookshamaatisookshama,,auto,
súkśmátisúkśmaḿ,2,sookshamaatisookshamam,,auto,
sumahán,2,sumahaan,,auto,
Suniilakomalacchaviḿ,2,Suniilakomalacchavim,,auto,
Supárii,2,Supaarii,,auto,
suphalám,2,suphalaam,,auto,
Suratarubarashákhá,2,Suratarubarashaakhaa,,auto,
surmá,2,surmaa,,auto,
súrpańakhá,2,soorpańakhaa,,auto,
súryadhvaja,2,sooryadhvaja,,auto,
súryakarojjvala,2,sooryakarojjvala,,auto,
Súryamukhi,2,Sooryamukhi,,auto,
súryamukhii,2,sooryamukhii,,auto,
Suśanga,2,Sushanga,,auto,
śusumná,2,shusumnaa,,auto,
suśupta,2,sushupta,,auto,
Suśupti,2,Sushupti,,auto,
Sútra,2,Sootra,,auto,
Sútre,2,Sootre,,auto,
Súttapit́aka,2,Soottapitaka,,auto,
suvá,2,suvaa,,auto,
suvádár,2,suvaadaar,,auto,
suvarńa,2,suvarńa,,auto,
Suvarńabańic,2,Suvarńabańic,,auto,
Suvarńagrám,2,Suvarńagraam,,auto,
suvarńaratnamańd́alaḿ,2,suvarńaratnamańdalam,,auto,
suvedár,2,suvedaar,,auto,
svabhávastvát,2,svabhaavastvaat,,auto,
svádhá,2,svaadhaa,,auto,
svadhayá,2,svadhayaa,,auto,
svádhiinatár,2,svaadhiinataar,,auto,
svádhinatá,2,svaadhinataa,,auto,
svádu,2,svaadu,,auto,
sváduh,2,svaaduh,,auto,
svagáta,2,svagaata,,auto,
svajátiya,2,svajaatiya,,auto,
Svámiisthán,2,Svaamiisthaan,,auto,
svámiisthána,2,svaamiisthaana,,auto,
svánuśt́hitát,2,svaanushthitaat,,auto,
Svarasováhii,2,Svarasovaahii,,auto,
svargabhúmi,2,svargabhoomi,,auto,
svásthyásanas,2,svaasthyaasanas,,auto,
Svayaḿ,2,Svayam,,auto,
Svayaḿ',2,Svayam',,auto,
svayaḿdhá,2,svayamdhaa,,auto,
Svayaḿdhá,2,Svayamdhaa,,auto,
Svidásiidupari,2,Svidaasiidupari,,auto,
svidásiit,2,svidaasiit,,auto,
syadadhámá,2,syadadhaamaa,,auto,
syámavájárer,2,syaamavaajaarer,,auto,
t́,2,t,,auto,
t́ac,2,tac,,auto,
T́ad,2,Tad,,auto,
Tadápeksá,2,Tadaapeksaa,,auto,
tadátmá,2,tadaatmaa,,auto,
tadbrahmádvyamasmyaham,2,tadbrahmaadvyamasmyaham,,auto,
Tadbrahmádvyamasmyaham,2,Tadbrahmaadvyamasmyaham,,auto,
taddivyamacintyarúpam,2,taddivyamachintyaroopam,,auto,
taddivyamcintyarúpaḿ,2,taddivyamchintyaroopam,,auto,
Táder,2,Taader,,auto,
tádrshaya,2,taadrshaya,,auto,
Tádrsháya,2,Taadrshaaya,,auto,
tadyacchecchánta,2,tadyacchecchaanta,,auto,
Tadyacchecchánta,2,Tadyacchecchaanta,,auto,
Tadyacchejiṋána,2,Tadyacchejnyaaana,,auto,
taeladhárávat,2,taeladhaaraavat,,auto,
Táhá,2,Taahaa,,auto,
táikyá,2,taaikyaa,,auto,
ták,2,taak,,auto,
takśak,2,takshaak,,auto,
Takśashilá,2,Takshaashilaa,,auto,
t́akt́ak,2,taktak,,auto,
Talátala,2,Talaatala,,auto,
Tálavya,2,Taalavya,,auto,
Táld́áuṋgá,2,Taaldaauṋgaa,,auto,
Táldi,2,Taaldi,,auto,
Táldihi,2,Taaldihi,,auto,
Táleber,2,Taaleber,,auto,
T́áligaiṋja,2,Taaligaiṋja,,auto,
tálikábhukta,2,taalikaabhukta,,auto,
tálim,2,taalim,,auto,
tálpatra,2,taalpatra,,auto,
Tálpukur,2,Taalpukur,,auto,
tálra,2,taalra,,auto,
tálrapatra,2,taalrapatra,,auto,
tálrii,2,taalrii,,auto,
Táltalá,2,Taaltalaa,,auto,
talvár,2,talvaar,,auto,
tamaguńii,2,tamaguńii,,auto,
tamáhura,2,tamaahura,,auto,
Tamáhurgryaḿ,2,Tamaahurgryam,,auto,
Tamáŕ,2,Tamaaŕ,,auto,
támar-i-ind,2,taamar-i-ind,,auto,
Támasii,2,Taamasii,,auto,
Tamásiittamasá,2,Tamaasiittamasaa,,auto,
Tamiishvaránám,2,Tamiishvaraanaam,,auto,
tamishrá,2,tamishraa,,auto,
tamoguńi,2,tamoguńi,,auto,
támuk,2,taamuk,,auto,
tańd́ú,2,tańdoo,,auto,
táńd́u,2,taańdu,,auto,
Tańd́ula,2,Tańdula,,auto,
tańd́ulam,2,tańdulam,,auto,
t́anka,2,tanka,,auto,
t́anká,2,tankaa,,auto,
tanmátra-discharging,2,tanmaatra-discharging,,auto,
Tanmátric,2,Tanmaatric,,auto,
tánmátric,2,taanmaatric,,auto,
Tanmátrika,2,Tanmaatrika,,auto,
Tánmátrika,2,Taanmaatrika,,auto,
tánḿstathaeva,2,taanmstathaeva,,auto,
Tánri,2,Taanri,,auto,
Táńrii,2,Taańrii,,auto,
tántra,2,taantra,,auto,
tántrik,2,taantrik,,auto,
t́ap-t́ap-t́ap-t́ap,2,tap-tap-tap-tap,,auto,
tápasa,2,taapasa,,auto,
Tapasyá,2,Tapasyaa,,auto,
Táptii,2,Taaptii,,auto,
t́ápur,2,taapur,,auto,
táŕa,2,taaŕa,,auto,
táŕá,2,taaŕaa,,auto,
tarája,2,taraaja,,auto,
Tarákeshvara,2,Taraakeshvara,,auto,
Táralipta,2,Taaralipta,,auto,
Táŕane,2,Taaŕane,,auto,
t́aŕi,2,taŕi,,auto,
Tasmáddhányanna,2,Tasmaaddhaanyanna,,auto,
tasmáddharma,2,tasmaaddharma,,auto,
tasmátágama,2,tasmaataagama,,auto,
Tasyábhidhyáhat,2,Tasyaabhidhyaahat,,auto,
tasyamataḿ,2,tasyamatam,,auto,
tasyávidhyánát,2,tasyaavidhyaanaat,,auto,
táte,2,taate,,auto,
táthá,2,taathaa,,auto,
tathá''tmani,2,tathaa''tmani,,auto,
tathárúd́ho'bhiniveshah,2,tathaaroodho'bhiniveshah,,auto,
Tathya-anubhúti,2,Tathya-anubhooti,,auto,
tathyánubhu'ti,2,tathyaanubhu'ti,,auto,
tatpadaṁ,2,tatpadam,,auto,
Tátparya,2,Taatparya,,auto,
tattvabháva,2,tattvabhaava,,auto,
tattvadraśt́á,2,tattvadrashtaa,,auto,
tává,2,taavaa,,auto,
tavákat,2,tavaakat,,auto,
Tejasásana,2,Tejasaasana,,auto,
tekká,2,tekkaa,,auto,
telákucá,2,telaakuchaa,,auto,
tená,2,tenaa,,auto,
teṋtul,2,teṋtul,,auto,
Tentuld́i,2,Tentuldi,,auto,
teŕe,2,teŕe,,auto,
Tesáḿ,2,Tesaam,,auto,
teuná,2,teunaa,,auto,
thác,2,thaac,,auto,
thaddashángulam,2,thaddashaangulam,,auto,
thákiyá,2,thaakiyaa,,auto,
t́hakkar,2,thakkar,,auto,
t́hakkara,2,thakkara,,auto,
T́hakkarah,2,Thakkarah,,auto,
t́hákre,2,thaakre,,auto,
t́hákruń,2,thaakruń,,auto,
t́hakuráli,2,thakuraali,,auto,
T́hákurs,2,Thaakurs,,auto,
thámá,2,thaamaa,,auto,
thán,2,thaan,,auto,
tháná,2,thaanaa,,auto,
T́háni,2,Thaani,,auto,
Thániisvar,2,Thaaniisvar,,auto,
t́heliyá,2,theliyaa,,auto,
Therápanthii,2,Theraapanthii,,auto,
t́hiiná,2,thiinaa,,auto,
t́ho,2,tho,,auto,
t́hoŕ,2,thoŕ,,auto,
t́iiká,2,tiikaa,,auto,
tiirthauṋkar,2,tiirthauṋkar,,auto,
Tiitá,2,Tiitaa,,auto,
t́ikt́ikiyá,2,tiktikiyaa,,auto,
tilakadhárańa,2,tilakadhaarańa,,auto,
Tint́i,2,Tinti,,auto,
Tiśt́htámi,2,Tishthtaami,,auto,
tiśt́up,2,tishtup,,auto,
Tivrashaktisampátena,2,Tivrashaktisampaatena,,auto,
t́opá,2,topaa,,auto,
t́opi,2,topi,,auto,
T́oŕi,2,Toŕi,,auto,
Tráhi,2,Traahi,,auto,
Trát́aka,2,Traataka,,auto,
tribhúje,2,tribhooje,,auto,
tribhuvanamauṋgala,2,tribhuvanamauṋgala,,auto,
Tridośaja,2,Tridoshaja,,auto,
triguńa,2,triguńa,,auto,
Triguńáshankarii,2,Triguńaashankarii,,auto,
trikálajiana,2,trikaalajiana,,auto,
trikalajiṋa,2,trikalajnyaa,,auto,
trikońam-aruńaprabham,2,trikońam-aruńaprabham,,auto,
Trilokiinátha,2,Trilokiinaatha,,auto,
Trimuńd́a,2,Trimuńda,,auto,
Tripáda,2,Tripaada,,auto,
Tripádavibhúti,2,Tripaadavibhooti,,auto,
trisatyaḿ,2,trisatyam,,auto,
trishástra,2,trishaastra,,auto,
Triśtupa,2,Trishtupa,,auto,
trivarńa,2,trivarńa,,auto,
Trńa,2,Trńa,,auto,
trśńar,2,trshńar,,auto,
Tucchyená,2,Tucchyenaa,,auto,
Tuládańd́ásana,2,Tulaadańdaasana,,auto,
Tulasiidásii,2,Tulasiidaasii,,auto,
tuḿ,2,tum,,auto,
T́ungidiighi,2,Tungidiighi,,auto,
t́upii,2,tupii,,auto,
Túriiya,2,Tooriiya,,auto,
turk-háoa-vallarii,2,turk-haaoa-vallarii,,auto,
t́usu-bhádu,2,tusu-bhaadu,,auto,
Tvamiishvaránáḿ,2,Tvamiishvaraanaam,,auto,
Tvamiishvaráńaḿ,2,Tvamiishvaraańam,,auto,
tyál,2,tyaal,,auto,
tyáná,2,tyaanaa,,auto,
tyauṋ,2,tyauṋ,,auto,
Ubhayaprájiṋa,2,Ubhayapraajnyaa,,auto,
uccarańa,2,uccarańa,,auto,
uccárańa,2,ucchaarańa,,auto,
uccatá,2,ucchataa,,auto,
uccát́aya,2,ucchaataya,,auto,
Ud́ana,2,Udana,,auto,
udárá,2,udaaraa,,auto,
udátta,2,udaatta,,auto,
Uddálaka,2,Uddaalaka,,auto,
Ud́d́ayána,2,Uddayaana,,auto,
uddhárimu,2,uddhaarimu,,auto,
ud́d́iisha,2,uddiisha,,auto,
udgátá,2,udgaataa,,auto,
udváhu,2,udvaahu,,auto,
Ugrakśatriya,2,Ugrakshaatriya,,auto,
úhinii,2,oohinii,,auto,
uiŕyá,2,uiŕyaa,,auto,
Ujjayinyá,2,Ujjayinyaa,,auto,
ujubát́e,2,ujubaate,,auto,
úk,2,ook,,auto,
ukhuŕi,2,ukhuŕi,,auto,
ulká,2,ulkaa,,auto,
Ulubeŕe,2,Ulubeŕe,,auto,
Uluberiyá,2,Uluberiyaa,,auto,
úlúpin,2,ooloopin,,auto,
uṋ,2,uṋ,,auto,
ún,2,oon,,auto,
uńá,2,uńaa,,auto,
uńii,2,uńii,,auto,
uniiśa,2,uniisha,,auto,
uṋkh,2,uṋkh,,auto,
unmīlitaṁ,2,unmeelitam,,auto,
unmúla,2,unmoola,,auto,
uńńá,2,uńńaa,,auto,
úno,2,oono,,auto,
upa-átmasthikarańam,2,upa-aatmasthikarańam,,auto,
Upabauṋga,2,Upabauṋga,,auto,
upacáryas,2,upachaaryas,,auto,
upádhigata,2,upaadhigata,,auto,
upadiiká,2,upadiikaa,,auto,
upakarań,2,upakarań,,auto,
Upákhyána,2,Upaakhyaana,,auto,
Upaniśada,2,Upanishada,,auto,
Upásaná,2,Upaasanaa,,auto,
upáyapratyaya,2,upaayapratyaya,,auto,
úrbii,2,oorbii,,auto,
úrddhve,2,oorddhve,,auto,
Úrdhvamukhe,2,oordhvamukhe,,auto,
úrdhvapadmásana,2,oordhvapadmaasana,,auto,
úrdva,2,oordva,,auto,
uŕiisha,2,uŕiisha,,auto,
urińa,2,urińa,,auto,
uŕisa,2,uŕisa,,auto,
uŕisha,2,uŕisha,,auto,
uŕiyá,2,uŕiyaa,,auto,
úrjá,2,oorjaa,,auto,
Úrjá,2,oorjaa,,auto,
úrju,2,oorju,,auto,
Úrju,2,oorju,,auto,
Uŕki,2,Uŕki,,auto,
úrńanábha,2,oorńanaabha,,auto,
úrvara,2,oorvara,,auto,
uśá,2,ushaa,,auto,
Úśa,2,oosha,,auto,
úśá,2,ooshaa,,auto,
Úśá,2,ooshaa,,auto,
Uśńa,2,Ushńa,,auto,
uśńik,2,ushńik,,auto,
Usńk,2,Usńk,,auto,
ustád,2,ustaad,,auto,
uśt́ra,2,ushtra,,auto,
Uśt́rásana,2,Ushtraasana,,auto,
ut-tála,2,ut-taala,,auto,
Ut́a,2,Uta,,auto,
Útámrtasyesháno,2,ootaamrtasyeshaano,,auto,
Utáḿrtatvasyesháno,2,Utaamrtatvasyeshaano,,auto,
Útámrtatvasyesháno,2,ootaamrtatvasyeshaano,,auto,
utcetaná,2,utchetanaa,,auto,
ut́hte,2,uthte,,auto,
ut́huk,2,uthuk,,auto,
Úti,2,ooti,,auto,
Utkat́ásana,2,Utkataasana,,auto,
utkháda,2,utkhaada,,auto,
utkháta,2,utkhaata,,auto,
Utkrśt́a,2,Utkrshta,,auto,
utkrśt́atá,2,utkrshtataa,,auto,
ut́pákhii,2,utpaakhii,,auto,
Utpát́ana,2,Utpaatana,,auto,
uttála,2,uttaala,,auto,
uttamávasthá,2,uttamaavasthaa,,auto,
Uttará,2,Uttaraa,,auto,
uttarárańim,2,uttaraarańim,,auto,
uttaráyańa,2,uttaraayańa,,auto,
uttarilá,2,uttarilaa,,auto,
ut́t́ha,2,uttha,,auto,
utthán,2,utthaan,,auto,
Utthán,2,Utthaan,,auto,
vacáya,2,vachaaya,,auto,
Vácáya,2,Vaachaaya,,auto,
váda-jalpa-vitańd́a,2,vaada-jalpa-vitańda,,auto,
vádhá,2,vaadhaa,,auto,
vad́ua,2,vadua,,auto,
vaecitryaḿ,2,vaechitryam,,auto,
Vaeduśyám,2,Vaedushyaam,,auto,
vaejayantiimálá,2,vaejayantiimaalaa,,auto,
Vaekúńtha,2,Vaekoońtha,,auto,
Vaekuńt́hadháma,2,Vaekuńthadhaama,,auto,
vaenci-shiyákul,2,vaenchi-shiyaakul,,auto,
vaepariityaḿ,2,vaepariityam,,auto,
Vaerágyaḿca,2,Vaeraagyamcha,,auto,
vaerágyamevábhayam,2,vaeraagyamevaabhayam,,auto,
Vaeshájha,2,Vaeshaajha,,auto,
Vaeshálii,2,Vaeshaalii,,auto,
vaeshyahpadbhyaḿ,2,vaeshyahpadbhyam,,auto,
vaevarńa,2,vaevarńa,,auto,
Vágdevii,2,Vaagdevii,,auto,
vághá,2,vaaghaa,,auto,
vahá,2,vahaa,,auto,
vahihkanańa,2,vahihkanańa,,auto,
váhini,2,vaahini,,auto,
vahiśt́haḿ,2,vahishtham,,auto,
Váhu,2,Vaahu,,auto,
váhurájano'bhavat,2,vaahuraajano'bhavat,,auto,
váhya,2,vaahya,,auto,
vái,2,vaai,,auto,
Váior,2,Vaaior,,auto,
vajárat,2,vajaarat,,auto,
Vájasaneyii,2,Vaajasaneyii,,auto,
vajiṋa,2,vajnyaa,,auto,
vajra-shuńya,2,vajra-shuńya,,auto,
Vajra-váráhii,2,Vajra-vaaraahii,,auto,
Vajrabáráhi,2,Vajrabaaraahi,,auto,
Vajrabaráhii,2,Vajrabaraahii,,auto,
Vajrashúnya,2,Vajrashoonya,,auto,
Vajraváráhi,2,Vajravaaraahi,,auto,
Vajráyána,2,Vajraayaana,,auto,
vákpatutá,2,vaakpatutaa,,auto,
vakśa,2,vakshaa,,auto,
vála,2,vaala,,auto,
válekum,2,vaalekum,,auto,
váluká-beláy,2,vaalukaa-belaay,,auto,
vámácárii,2,vaamaachaarii,,auto,
vaḿsh,2,vamsh,,auto,
vaḿsha,2,vamsha,,auto,
ván,2,vaan,,auto,
váńaliuṋga,2,vaańaliuṋga,,auto,
váńaliuṋgas,2,vaańaliuṋgas,,auto,
vanánii,2,vanaanii,,auto,
vánarii,2,vaanarii,,auto,
Váncibár,2,Vaanchibaar,,auto,
vandháboye,2,vandhaaboye,,auto,
Vandyapádhyáyas,2,Vandyapaadhyaayas,,auto,
Váńii,2,Vaańii,,auto,
vańitáh,2,vańitaah,,auto,
vánk,2,vaank,,auto,
vánká,2,vaankaa,,auto,
Vansavatiká,2,Vansavatikaa,,auto,
vanyárta,2,vanyaarta,,auto,
Vapra-Bappá-Bábá,2,Vapra-Bappaa-Baabaa,,auto,
vápuŕi,2,vaapuŕi,,auto,
vápuŕii,2,vaapuŕii,,auto,
vár,2,vaar,,auto,
Vár,2,Vaar,,auto,
vára,2,vaara,,auto,
varábhayá,2,varaabhayaa,,auto,
Varad́i,2,Varadi,,auto,
Váráhii,2,Vaaraahii,,auto,
varakośa,2,varakosha,,auto,
Váramasyá,2,Vaaramasyaa,,auto,
Várań,2,Vaarań,,auto,
várań-snán,2,vaarań-snaan,,auto,
várańii,2,vaarańii,,auto,
várańii-snán,2,vaarańii-snaan,,auto,
Várárii,2,Vaaraarii,,auto,
Váŕárii,2,Vaaŕaarii,,auto,
Váravigha,2,Vaaravigha,,auto,
varddhamán,2,varddhamaan,,auto,
varddhamán-er,2,varddhamaan-er,,auto,
Varddhamán-ete,2,Varddhamaan-ete,,auto,
vardhanaḿ,2,vardhanam,,auto,
Várendra,2,Vaarendra,,auto,
Vareńyam,2,Vareńyam,,auto,
vaŕi,2,vaŕi,,auto,
vári,2,vaari,,auto,
váricarah,2,vaaricharah,,auto,
várisambhava,2,vaarisambhava,,auto,
Varmmańa,2,Varmmańa,,auto,
Varńamáláy,2,Varńamaalaay,,auto,
Varńananekán,2,Varńananekaan,,auto,
Varńánanekáni,2,Varńaananekaani,,auto,
Varńaparicaya,2,Varńaparicaya,,auto,
varńárghyadána,2,varńaarghyadaana,,auto,
varnáshrama,2,varnaashrama,,auto,
Varńátiita,2,Varńaatiita,,auto,
várśik,2,vaarshik,,auto,
vártákii,2,vaartaakii,,auto,
vártikii,2,vaartikii,,auto,
vartmánuvartante,2,vartmaanuvartante,,auto,
Varttániyá,2,Varttaaniyaa,,auto,
Vaŕu,2,Vaŕu,,auto,
vaŕuá,2,vaŕuaa,,auto,
Varuńaya,2,Varuńaya,,auto,
váruńii,2,vaaruńii,,auto,
vás,2,vaas,,auto,
vásaka,2,vaasaka,,auto,
vasaḿta,2,vasamta,,auto,
Vasán,2,Vasaan,,auto,
vasantabáhár,2,vasantabaahaar,,auto,
Vashiikarańa,2,Vashiikarańa,,auto,
Vashiśt́a,2,Vashishta,,auto,
vashiśt́ha,2,vashishtha,,auto,
Vashiśt́há,2,Vashishthaa,,auto,
vāso,2,vaaso,,auto,
váśpáyańa,2,vaashpaayańa,,auto,
Vástavavádii,2,Vaastavavaadii,,auto,
vat́,2,vat,,auto,
vataḿsaḿ,2,vatamsam,,auto,
vátávii,2,vaataavii,,auto,
Vátáviipura,2,Vaataaviipura,,auto,
Vátávipura,2,Vaataavipura,,auto,
Vat́uka,2,Vatuka,,auto,
vauṋga,2,vauṋga,,auto,
Vauṋgá,2,Vauṋgaa,,auto,
vauṋgaduhitá,2,vauṋgaduhitaa,,auto,
váuṋmanasi,2,vaauṋmanasi,,auto,
váuṋmanaso,2,vaauṋmanaso,,auto,
váyaviitattva,2,vaayaviitattva,,auto,
váyuroga,2,vaayuroga,,auto,
vedaniiyaḿ,2,vedaniiyam,,auto,
Vedánta,2,Vedaanta,,auto,
vedántago,2,vedaantago,,auto,
Vedapát́hát,2,Vedapaathaat,,auto,
vedauṋgas,2,vedauṋgas,,auto,
vediimúle,2,vediimoole,,auto,
veḿt́e,2,vemte,,auto,
Veńu,2,Veńu,,auto,
vi-á-ghrá,2,vi-aa-ghraa,,auto,
vi-rańj,2,vi-rańj,,auto,
Vibhiiśań,2,Vibhiishań,,auto,
Vibhutinátha,2,Vibhutinaatha,,auto,
Vicarańa,2,Vicarańa,,auto,
vicarańam,2,vicarańam,,auto,
vidám,2,vidaam,,auto,
viddán,2,viddaan,,auto,
videhiimánase,2,videhiimaanase,,auto,
vidhátápi,2,vidhaataapi,,auto,
vidhiliuṋ,2,vidhiliuṋ,,auto,
vidhiyogát,2,vidhiyogaat,,auto,
Vidishá,2,Vidishaa,,auto,
vidusám,2,vidusaam,,auto,
viduśo'pi,2,vidusho'pi,,auto,
viduśohpi,2,vidushohpi,,auto,
vidvám,2,vidvaam,,auto,
Vidyá-dominated,2,Vidyaa-dominated,,auto,
Vidyáiṋcávidyánca,2,Vidyaaiṋchaavidyaancha,,auto,
Vidyámáya,2,Vidyaamaaya,,auto,
Vidyámáyá's,2,Vidyaamaayaa's,,auto,
vidyámrtamashnute,2,vidyaamrtamashnute,,auto,
vidyate-ayanáyá,2,vidyate-ayanaayaa,,auto,
vighavá,2,vighavaa,,auto,
vihána,2,vihaana,,auto,
vihauṋgama,2,vihauṋgama,,auto,
viikśańa,2,viikshaańa,,auto,
viiná,2,viinaa,,auto,
Viińá,2,Viińaa,,auto,
viińás,2,viińaas,,auto,
viińdbaradadańd́ashobhitá,2,viińdbaradadańdashobhitaa,,auto,
viińs,2,viińs,,auto,
Viirabhávah,2,Viirabhaavah,,auto,
Viirabhávam,2,Viirabhaavam,,auto,
Viirabhúma,2,Viirabhooma,,auto,
viirácárá,2,viiraachaaraa,,auto,
VIIRÁCÁRII,2,VIIRaaCaaRII,,auto,
Viirásana,2,Viiraasana,,auto,
vijánatam,2,vijaanatam,,auto,
vijátiita,2,vijaatiita,,auto,
Vijiṋán,2,Vijnyaaan,,auto,
VIJIṊÁNA,2,VIJNYAaaNA,,auto,
vijiṋátam,2,vijnyaaatam,,auto,
Vijnána,2,Vijnaana,,auto,
vikále,2,vikaale,,auto,
vikarśaka,2,vikarshaka,,auto,
VIKŚEPA,2,VIkshaEPA,,auto,
viksurańa,2,viksurańa,,auto,
viláyet,2,vilaayet,,auto,
Viḿsah,2,Vimsah,,auto,
vináshaya,2,vinaashaya,,auto,
vináyaka,2,vinaayaka,,auto,
Vináyaka,2,Vinaayaka,,auto,
vináyakaváda,2,vinaayakavaada,,auto,
Vinayapit́aka,2,Vinayapitaka,,auto,
vipákásháyaeh,2,vipaakaashaayaeh,,auto,
vipákáshayaeraparámrśth,2,vipaakaashayaeraparaamrshth,,auto,
vipańana,2,vipańana,,auto,
vipáshá,2,vipaashaa,,auto,
viprapattiváda,2,viprapattivaada,,auto,
Virága,2,Viraaga,,auto,
virahiń,2,virahiń,,auto,
virámánanda,2,viraamaananda,,auto,
virát́,2,viraat,,auto,
virát́puruśa,2,viraatpurusha,,auto,
Viśa,2,Visha,,auto,
visádaváyu,2,visaadavaayu,,auto,
viśakanyá,2,vishakanyaa,,auto,
Viśáńa,2,Vishaańa,,auto,
visarjanenáthá,2,visarjanenaathaa,,auto,
Viśaya,2,Vishaya,,auto,
viśáyánanda,2,vishaayaananda,,auto,
Viśayarasatmaka,2,Vishayarasatmaka,,auto,
viśaye,2,vishaye,,auto,
viśayrasa,2,vishayrasa,,auto,
Vishákhápattanam,2,Vishaakhaapattanam,,auto,
viśheśa,2,vishhesha,,auto,
Visheśah,2,Visheshah,,auto,
visheśátmá,2,visheshaatmaa,,auto,
vishiśt́a,2,vishishta,,auto,
vishleśańa,2,vishleshańa,,auto,
vishrámagrha,2,vishraamagrha,,auto,
vishvabhuvánánii,2,vishvabhuvaanaanii,,auto,
vishvabrahmáńd́a,2,vishvabrahmaańda,,auto,
vishvádya,2,vishvaadya,,auto,
Vishvaesyakaḿ,2,Vishvaesyakam,,auto,
Vishvajoŕá,2,Vishvajoŕaa,,auto,
vishvamádhao,2,vishvamaadhao,,auto,
vishvátiita,2,vishvaatiita,,auto,
vishvatomukhaḿ,2,vishvatomukham,,auto,
viśńor,2,vishńor,,auto,
viśńorvishvamidaḿ,2,vishńorvishvamidam,,auto,
Viśńu's,2,Vishńu's,,auto,
Viśńucakra,2,Vishńuchakra,,auto,
viṣṇuḥ,2,vishnuh,,auto,
Viśnumayaḿ,2,Vishnumayam,,auto,
Viśńupari,2,Vishńupari,,auto,
Viśńuparisthitah,2,Vishńuparisthitah,,auto,
Viśńurkhádati,2,Vishńurkhaadati,,auto,
Viśnurmamatá,2,Vishnurmamataa,,auto,
visŕ,2,visŕ,,auto,
visrśtiryata,2,visrshtiryata,,auto,
Viśt́ambhinii,2,Vishtambhinii,,auto,
Viśt́ambhińii,2,Vishtambhińii,,auto,
viśt́i,2,vishti,,auto,
Viśt́i,2,Vishti,,auto,
Vitrasaḿhár,2,Vitrasamhaar,,auto,
vivarńá,2,vivarńaa,,auto,
vrajabálákas,2,vrajabaalaakas,,auto,
Vrajabhákhá,2,Vrajabhaakhaa,,auto,
Vrajabháśá-Hindi,2,Vrajabhaashaa-Hindi,,auto,
Vrajagopála's,2,Vrajagopaala's,,auto,
Vrajogopála,2,Vrajogopaala,,auto,
vrátyakśatriya,2,vraatyakshaatriya,,auto,
vṛddhaḥ,2,vriddhah,,auto,
Vriśńipur,2,Vrishńipur,,auto,
vrkśádhama,2,vrkshaaadhama,,auto,
vrkśaru,2,vrkshaaru,,auto,
Vrńd́ávana,2,Vrńdaavana,,auto,
Vrńd́avane,2,Vrńdavane,,auto,
vrńt́e,2,vrńte,,auto,
Vrśńipura,2,Vrshńipura,,auto,
Vrśt́i,2,Vrshti,,auto,
vrtti-sárupya,2,vrtti-saarupya,,auto,
vrttvá,2,vrttvaa,,auto,
vrttvátyatiśt́haddasháḿgulam,2,vrttvaatyatishthaddashaamgulam,,auto,
vrtvá'tyatiśt́haddasháḿgulam,2,vrtvaa'tyatishthaddashaamgulam,,auto,
vrukśaru,2,vrukshaaru,,auto,
vyághra,2,vyaaghra,,auto,
vyághrámbara,2,vyaaghraambara,,auto,
vyághrásana,2,vyaaghraasana,,auto,
vyaiṋjanao,2,vyaiṋjanao,,auto,
vyaiṋjano,2,vyaiṋjano,,auto,
vyaiṋjanvarńa,2,vyaiṋjanvarńa,,auto,
vyákaran,2,vyaakaran,,auto,
vyákarań,2,vyaakarań,,auto,
vyakarańa,2,vyakarańa,,auto,
vyakarána,2,vyakaraana,,auto,
vyapakávyaktatattva,2,vyapakaavyaktatattva,,auto,
vyāptaṁ,2,vyaaptam,,auto,
vyápte,2,vyaapte,,auto,
vyathárta,2,vyathaarta,,auto,
Vyáthyá,2,Vyaathyaa,,auto,
vyavasá,2,vyavasaa,,auto,
Vyavasáya,2,Vyavasaaya,,auto,
vyavasthá,2,vyavasthaa,,auto,
vyáyam,2,vyaayam,,auto,
ways-vidyá,2,ways-vidyaa,,auto,
yacchajjiṋána,2,yacchajjnyaaana,,auto,
Yácche,2,Yaacche,,auto,
yacchecchánya,2,yacchecchaanya,,auto,
yácchetái-yácchetái,2,yaacchetaai-yaacchetaai,,auto,
yadáhi,2,yadaahi,,auto,
yadannenádhirohati,2,yadannenaadhirohati,,auto,
yadásiitta,2,yadaasiitta,,auto,
Yádráosi,2,Yaadraaosi,,auto,
Yadrcchá,2,Yadrcchaa,,auto,
Yaduvaḿshii,2,Yaduvamshii,,auto,
yáivám,2,yaaivaam,,auto,
YAJIṊA,2,YAJNYAA,,auto,
yajiṋa-d́umura,2,yajnyaa-dumura,,auto,
yajiṋopaviita,2,yajnyaopaviita,,auto,
Yáke,2,Yaake,,auto,
yakśer,2,yakshaer,,auto,
yakśiniis,2,yakshainiis,,auto,
yáma,2,yaama,,auto,
Yamaráj,2,Yamaraaj,,auto,
yámu,2,yaamu,,auto,
yamuná,2,yamunaa,,auto,
yamunáy,2,yamunaay,,auto,
yántrik,2,yaantrik,,auto,
yaoyá,2,yaoyaa,,auto,
yáoyá,2,yaaoyaa,,auto,
Yárá,2,Yaaraa,,auto,
yásya,2,yaasya,,auto,
Yasyámataḿ,2,Yasyaamatam,,auto,
Yathá''darshe,2,Yathaa''darshe,,auto,
Yathá'psu,2,Yathaa'psu,,auto,
YATHÁPURVE,2,YATHaaPURVE,,auto,
yathátmanoviist́ah,2,yathaatmanoviistah,,auto,
YATHÁVAH,2,YATHaaVAH,,auto,
Yátováco,2,Yaatovaacho,,auto,
yátrá,2,yaatraa,,auto,
yátriinivása,2,yaatriinivaasa,,auto,
Yavanánii,2,Yavanaanii,,auto,
yávat,2,yaavat,,auto,
Yáyávara,2,Yaayaavara,,auto,
yogamudrá,2,yogamudraa,,auto,
yogánushasánam,2,yogaanushasaanam,,auto,
yogánushásanam,2,yogaanushaasanam,,auto,
yogáŕ,2,yogaaŕ,,auto,
yogásana,2,yogaasana,,auto,
yogáte,2,yogaate,,auto,
Yogayákarttá,2,Yogayaakarttaa,,auto,
yogińam,2,yogińam,,auto,
Yogyakarttá,2,Yogyakarttaa,,auto,
yojanád,2,yojanaad,,auto,
yoniḿ,2,yonim,,auto,
Yudhiśt́hiira,2,Yudhishthiira,,auto,
Yudhiśt́hir,2,Yudhishthir,,auto,
yusmákam,2,yusmaakam,,auto,
yuyutsá,2,yuyutsaa,,auto,
'álif,1,'aalif,,auto,
'Bhútashrii',1,'Bhootashrii',,auto,
'Ját́syahidhruvarnrtyú',1,'Jaatsyahidhruvarnrtyoo',,auto,
'Náráyańa,1,'Naaraayańa,,auto,
'Shreyán,1,'Shreyaan,,auto,
'Svarńanakula,1,'Svarńanakula,,auto,
't́s',1,'ts',,auto,
á-dekhilá-paná,1,aa-dekhilaa-panaa,,auto,
ábháśa,1,aabhaasha,,auto,
ábháśe,1,aabhaashe,,auto,
Abhávapratyayá,1,Abhaavapratyayaa,,auto,
Abhávátmiká,1,Abhaavaatmikaa,,auto,
Ábhiiras,1,aabhiiras,,auto,
abhiját,1,abhijaat,,auto,
Abhijiṋánapatram,1,Abhijnyaaanapatram,,auto,
abibhávaná,1,abibhaavanaa,,auto,
Abidhyána,1,Abidhyaana,,auto,
ácamká,1,aachamkaa,,auto,
ácáras,1,aachaaras,,auto,
ÁCÁRYA,1,aaCaaRYA,,auto,
ÁCÁRYÁ,1,aaCaaRYaa,,auto,
ácárya-ship,1,aachaarya-ship,,auto,
acáryas,1,achaaryas,,auto,
Acchá,1,Acchaa,,auto,
Ácharya,1,aacharya,,auto,
áci,1,aachi,,auto,
acintá,1,achintaa,,auto,
acintyá,1,achintyaa,,auto,
Acintyarúpam,1,Achintyaroopam,,auto,
ácis,1,aachis,,auto,
ádá,1,aadaa,,auto,
ÁDÁ,1,aaDaa,,auto,
Ádamsumárii,1,aadamsumaarii,,auto,
ádarshi,1,aadarshi,,auto,
ad́d́á,1,addaa,,auto,
ádekhlepaná,1,aadekhlepanaa,,auto,
adhamádhama,1,adhamaadhama,,auto,
adhamarńa,1,adhamarńa,,auto,
ádhána,1,aadhaana,,auto,
ádhelii,1,aadhelii,,auto,
ádhidaeviká,1,aadhidaevikaa,,auto,
Ádhii,1,aadhii,,auto,
Adhikarańa,1,Adhikarańa,,auto,
Ádhikya,1,aadhikya,,auto,
Adhivása,1,Adhivaasa,,auto,
Adhvakálábhyám,1,Adhvakaalaabhyaam,,auto,
ád́hya,1,aadhya,,auto,
Adhyakśa,1,Adhyakshaa,,auto,
adhyápakas,1,adhyaapakas,,auto,
Adhyápakas,1,Adhyaapakas,,auto,
Ádhyátmarámáyańa,1,aadhyaatmaraamaayańa,,auto,
Ádhyátmika,1,aadhyaatmika,,auto,
adhyátmikatá,1,adhyaatmikataa,,auto,
adhyáya,1,adhyaaya,,auto,
Ad́i,1,Adi,,auto,
ádiiyádi,1,aadiiyaadi,,auto,
adikhyetá,1,adikhyetaa,,auto,
Áditya,1,aaditya,,auto,
Ádiyta,1,aadiyta,,auto,
Ádra,1,aadra,,auto,
aendrilá,1,aendrilaa,,auto,
aerávata,1,aeraavata,,auto,
Ágacchati,1,aagacchati,,auto,
Ágartalá,1,aagartalaa,,auto,
ágata,1,aagata,,auto,
aggaháyańa,1,aggahaayańa,,auto,
agghána,1,agghaana,,auto,
ágháta,1,aaghaata,,auto,
Aghorpanthá,1,Aghorpanthaa,,auto,
Agnáyii,1,Agnaayii,,auto,
ágnihotrii,1,aagnihotrii,,auto,
Agráhayań,1,Agraahayań,,auto,
agraháyańa,1,agrahaayańa,,auto,
Áh,1,aah,,auto,
Áhá,1,aahaa,,auto,
ahaḿkárá,1,ahamkaaraa,,auto,
AHAḾTATTVA,1,AHAḾTATTVA,,auto,
Áhiira,1,aahiira,,auto,
Áhirit́olá,1,aahiritolaa,,auto,
Ahorátra,1,Ahoraatra,,auto,
Ahorátraḿ,1,Ahoraatram,,auto,
áibaŕa,1,aaibaŕa,,auto,
áiha,1,aaiha,,auto,
aihaá,1,aihaaa,,auto,
áiṋcala,1,aaiṋchala,,auto,
áiṋcáno,1,aaiṋchaano,,auto,
Ájáŕa,1,aajaaŕa,,auto,
Ajátashatru,1,Ajaatashatru,,auto,
Ájhá,1,aajhaa,,auto,
ájij,1,aajij,,auto,
ájijuahak,1,aajijuahak,,auto,
ájijulhak,1,aajijulhak,,auto,
ájim,1,aajim,,auto,
ájimusyán,1,aajimusyaan,,auto,
Ájjápur,1,aajjaapur,,auto,
ákáshakusuma,1,aakaashakusuma,,auto,
Ákáshiipreta,1,aakaashiipreta,,auto,
ákkl,1,aakkl,,auto,
Aklesántika,1,Aklesaantika,,auto,
ákrtii,1,aakrtii,,auto,
akśema,1,akshaema,,auto,
Akśi,1,Akshai,,auto,
akśii,1,akshaii,,auto,
ákuyá,1,aakuyaa,,auto,
aláhidá,1,alaahidaa,,auto,
alávu,1,alaavu,,auto,
Álif,1,aalif,,auto,
áliph,1,aaliph,,auto,
Álláhábad,1,aallaahaabad,,auto,
áloka,1,aaloka,,auto,
álua,1,aalua,,auto,
ÁM,1,aaM,,auto,
Amákalá,1,Amaakalaa,,auto,
Ámáke,1,aamaake,,auto,
Ámar,1,aamar,,auto,
amaŕa,1,amaŕa,,auto,
ámará,1,aamaraa,,auto,
ámbá,1,aambaa,,auto,
ámdii,1,aamdii,,auto,
ámen,1,aamen,,auto,
Aḿgadesha,1,Amgadesha,,auto,
aḿgár,1,amgaar,,auto,
áḿgár,1,aamgaar,,auto,
aḿgur,1,amgur,,auto,
aḿk,1,amk,,auto,
ámlakii,1,aamlakii,,auto,
ÁMLAKII,1,aaMLAKII,,auto,
ámlika,1,aamlika,,auto,
Ámra,1,aamra,,auto,
ÁMRÁ,1,aaMRaa,,auto,
ámŕa,1,aamŕa,,auto,
Amrtakśarani,1,Amrtakshaarani,,auto,
amrutaphaŕa,1,amrutaphaŕa,,auto,
aḿshávatara,1,amshaavatara,,auto,
Aḿshuvarmańa,1,Amshuvarmańa,,auto,
Ámtalii,1,aamtalii,,auto,
ána,1,aana,,auto,
ANÁHATA,1,ANaaHATA,,auto,
ánánas,1,aanaanas,,auto,
ÁNANDA,1,aaNANDA,,auto,
ánandashru,1,aanandashru,,auto,
ánandasvarupa,1,aanandasvarupa,,auto,
ánandasvarúpa,1,aanandasvaroopa,,auto,
ánandena,1,aanandena,,auto,
Ánantam,1,aanantam,,auto,
ANANTAMÚLA,1,ANANTAMooLA,,auto,
ananyabháva,1,ananyabhaava,,auto,
ánár,1,aanaar,,auto,
ánáras,1,aanaaras,,auto,
Ánáras,1,aanaaras,,auto,
ÁNÁRAS,1,aaNaaRAS,,auto,
anáryyávartta,1,anaaryyaavartta,,auto,
anávat́t́á,1,anaavattaa,,auto,
ánbaa,1,aanbaa,,auto,
ánbsattva,1,aanbsattva,,auto,
ańd́ac,1,ańdac,,auto,
ándolacaná,1,aandolachanaa,,auto,
Angabhúmi,1,Angabhoomi,,auto,
ánjalá,1,aanjalaa,,auto,
ánjuni,1,aanjuni,,auto,
Áṋka,1,aaṋka,,auto,
ánkana,1,aankana,,auto,
ánkh,1,aankh,,auto,
ánkhe,1,aankhe,,auto,
ánná,1,aannaa,,auto,
Annadamauṋgal,1,Annadamauṋgal,,auto,
Annaḿ,1,Annam,,auto,
ánoná,1,aanonaa,,auto,
ánonámurikát́á,1,aanonaamurikaataa,,auto,
ánsha,1,aansha,,auto,
Áṋt,1,aaṋt,,auto,
ánt́á,1,aantaa,,auto,
antahsthavarńa,1,antahsthavarńa,,auto,
Antarátman,1,Antaraatman,,auto,
antariikśe,1,antariikshae,,auto,
Ánte,1,aante,,auto,
Áńt́ichak,1,aańtichak,,auto,
Ántke,1,aantke,,auto,
Anúbhutaviśayásampramośah,1,Anoobhutavishayaasampramoshah,,auto,
ÁNUBHÚTI,1,aaNUBHooTI,,auto,
Anubhútivisayásampramośah,1,Anubhootivisayaasampramoshah,,auto,
anúdita,1,anoodita,,auto,
anukarańa,1,anukarańa,,auto,
Anumáná,1,Anumaanaa,,auto,
Anurádhá,1,Anuraadhaa,,auto,
anuśt́apa,1,anushtapa,,auto,
anusvár,1,anusvaar,,auto,
anuváda,1,anuvaada,,auto,
aod́ra,1,aodra,,auto,
aodúkhala,1,aodookhala,,auto,
aokśava,1,aokshaava,,auto,
Ápa,1,aapa,,auto,
apa-saḿskrti,1,apa-samskrti,,auto,
ápádamastaka,1,aapaadamastaka,,auto,
apakrśt́a,1,apakrshta,,auto,
APÁMÁRGA,1,APaaMaaRGA,,auto,
Apánipáda,1,Apaanipaada,,auto,
Aparájiṋána,1,Aparaajnyaaana,,auto,
APARÁJITA,1,APARaaJITA,,auto,
aparámrst́a,1,aparaamrsta,,auto,
Aparánandá,1,Aparaanandaa,,auto,
aparánurakti,1,aparaanurakti,,auto,
APARÁVIDYÁ,1,APARaaVIDYaa,,auto,
aparokśánúbhuti,1,aparokshaaanoobhuti,,auto,
aparyápta,1,aparyaapta,,auto,
apavád,1,apavaad,,auto,
ÁPHIḾ,1,aaPHIḾ,,auto,
apitál,1,apitaal,,auto,
ápká,1,aapkaa,,auto,
Apráńiinatár,1,Apraańiinataar,,auto,
áptakámii,1,aaptakaamii,,auto,
ápyáyit,1,aapyaayit,,auto,
Arahań,1,Arahań,,auto,
AŔAHAR,1,AŔAHAR,,auto,
árám-kedárá,1,aaraam-kedaaraa,,auto,
árambha,1,aarambha,,auto,
árambhilá,1,aarambhilaa,,auto,
arańyas,1,arańyas,,auto,
árati,1,aarati,,auto,
árdálii,1,aardaalii,,auto,
ardhagrás,1,ardhagraas,,auto,
aŕhar,1,aŕhar,,auto,
arijihvá,1,arijihvaa,,auto,
árohigańa,1,aarohigańa,,auto,
árohii,1,aarohii,,auto,
arpańa,1,arpańa,,auto,
Arpańa,1,Arpańa,,auto,
Árrah,1,aarrah,,auto,
Arśa-ism,1,Arsha-ism,,auto,
árshá,1,aarshaa,,auto,
Áryas,1,aaryas,,auto,
Áryavarta,1,aaryavarta,,auto,
Áryyavartta,1,aaryyavartta,,auto,
asádhus,1,asaadhus,,auto,
ásamudrahimácala,1,aasamudrahimaachala,,auto,
Ásamudrahimácala,1,aasamudrahimaachala,,auto,
Ásán,1,aasaan,,auto,
Áśáŕh,1,aashaaŕh,,auto,
Áshánbibi,1,aashaanbibi,,auto,
áshas,1,aashas,,auto,
áshávarii,1,aashaavarii,,auto,
Asheśa,1,Ashesha,,auto,
Asheśaguńam,1,Asheshaguńam,,auto,
asheśaguńaḿ,1,asheshaguńam,,auto,
ashokariśt́a,1,ashokarishta,,auto,
ashokásava,1,ashokaasava,,auto,
Áshrama,1,aashrama,,auto,
áshritá,1,aashritaa,,auto,
Ashsháji,1,Ashshaaji,,auto,
áshu,1,aashu,,auto,
Áshu,1,aashu,,auto,
áshutośa,1,aashutosha,,auto,
ASHVAGANDHÁ,1,ASHVAGANDHaa,,auto,
ástika,1,aastika,,auto,
Ástikanagara,1,aastikanagara,,auto,
Ástiknagar,1,aastiknagar,,auto,
áśt́ottariiya,1,aashtottariiya,,auto,
atá,1,ataa,,auto,
Át́ak,1,aatak,,auto,
ÁTAP,1,aaTAP,,auto,
átiis,1,aatiis,,auto,
átiish,1,aatiish,,auto,
Át́káno,1,aatkaano,,auto,
átm,1,aatm,,auto,
atmajiṋánii,1,atmajnyaaanii,,auto,
átmajiṋánii,1,aatmajnyaaanii,,auto,
átmamokśa,1,aatmamokshaa,,auto,
Átmánam,1,aatmaanam,,auto,
Átmanedpadii,1,aatmanedpadii,,auto,
Átmans,1,aatmans,,auto,
átmápyaniish,1,aatmaapyaniish,,auto,
Átmavat,1,aatmavat,,auto,
áttá,1,aattaa,,auto,
at́t́ahási,1,attahaasi,,auto,
at́t́áliká,1,attaalikaa,,auto,
attán,1,attaan,,auto,
at́t́ha,1,attha,,auto,
Atyatiśt́ha,1,Atyatishtha,,auto,
áuchi,1,aauchi,,auto,
Ául,1,aaul,,auto,
auṋganá,1,auṋganaa,,auto,
Áuṋgárd́ihá,1,aauṋgaardihaa,,auto,
Áuṋgárd́ihi,1,aauṋgaardihi,,auto,
Áuṋgársuli,1,aauṋgaarsuli,,auto,
áungur,1,aaungur,,auto,
áush,1,aaush,,auto,
avadhút,1,avadhoot,,auto,
avadhúta's,1,avadhoota's,,auto,
avaguńt́hana,1,avaguńthana,,auto,
avakśaye,1,avakshaaye,,auto,
ávár-kháva,1,aavaar-khaava,,auto,
Ávarańa,1,aavarańa,,auto,
Avatarań,1,Avatarań,,auto,
ávayoh,1,aavayoh,,auto,
Ávega,1,aavega,,auto,
Avidhavá,1,Avidhavaa,,auto,
AVIDYÁMÁYÁ,1,AVIDYaaMaaYaa,,auto,
avihavá,1,avihavaa,,auto,
Ávr,1,aavr,,auto,
áya,1,aaya,,auto,
áyn,1,aayn,,auto,
ázim,1,aazim,,auto,
BÁBLÁ,1,BaaBLaa,,auto,
Baccá,1,Bacchaa,,auto,
báchur,1,baachur,,auto,
bacpaná,1,bacpanaa,,auto,
Bádámtalá,1,Baadaamtalaa,,auto,
báddha,1,baaddha,,auto,
báde,1,baade,,auto,
bádh,1,baadh,,auto,
Bádhate,1,Baadhate,,auto,
Baetarańii,1,Baetarańii,,auto,
bágáń,1,baagaań,,auto,
bágerhát́,1,baagerhaat,,auto,
bágh,1,baagh,,auto,
Bágmárii,1,Baagmaarii,,auto,
baháińd́,1,bahaaińd,,auto,
báhárii,1,baahaarii,,auto,
BAHEŔÁ,1,BAHEŔaa,,auto,
bahuŕii,1,bahuŕii,,auto,
bahusyám,1,bahusyaam,,auto,
Bajjaká,1,Bajjakaa,,auto,
bakreká,1,bakrekaa,,auto,
báksa,1,baaksa,,auto,
baladaḿ,1,baladam,,auto,
Balágaŕ,1,Balaagaŕ,,auto,
Bálaka,1,Baalaka,,auto,
bálakadvayah,1,baalakadvayah,,auto,
bálakah,1,baalakah,,auto,
bálakao,1,baalakao,,auto,
Báláruńasamá-ujjvaláuṋgábhá,1,Baalaaruńasamaa-ujjvalaauṋgaabhaa,,auto,
Báli,1,Baali,,auto,
Baliapaŕá,1,Baliapaŕaa,,auto,
Baliyá,1,Baliyaa,,auto,
ballám,1,ballaam,,auto,
Bállii,1,Baallii,,auto,
Bállii's,1,Baallii's,,auto,
Bállygunge,1,Baallygunge,,auto,
Báluca-Áráballii,1,Baalucha-aaraaballii,,auto,
baḿshveŕiyá,1,bamshveŕiyaa,,auto,
Bámungáchi,1,Baamungaachi,,auto,
bamunháti,1,bamunhaati,,auto,
baná,1,banaa,,auto,
banávat́ii,1,banaavatii,,auto,
bándha,1,baandha,,auto,
bándhu,1,baandhu,,auto,
báńii,1,baańii,,auto,
banjhá,1,banjhaa,,auto,
bánjhá,1,baanjhaa,,auto,
BÁṊSH,1,BaaṊSH,,auto,
bánshbeŕe,1,baanshbeŕe,,auto,
bant́i,1,banti,,auto,
bańt́ika,1,bańtika,,auto,
bańt́iká,1,bańtikaa,,auto,
Baoddhikatá,1,Baoddhikataa,,auto,
baomá,1,baomaa,,auto,
bápe,1,baape,,auto,
Bará,1,Baraa,,auto,
BAŔA,1,BAŔA,,auto,
Baŕabájár,1,Baŕabaajaar,,auto,
Baŕabájár's,1,Baŕabaajaar's,,auto,
Baŕabándh,1,Baŕabaandh,,auto,
baradánas,1,baradaanas,,auto,
Báŕbhum,1,Baaŕbhum,,auto,
barchá,1,barchaa,,auto,
baŕii,1,baŕii,,auto,
Báŕii,1,Baaŕii,,auto,
báŕiike,1,baaŕiike,,auto,
Baŕiśá's,1,Baŕishaa's,,auto,
Baŕjoŕa,1,Baŕjoŕa,,auto,
bároyárii,1,baaroyaarii,,auto,
Baŕŕa,1,Baŕŕa,,auto,
Báruipur,1,Baaruipur,,auto,
Báruipur's,1,Baaruipur's,,auto,
Báruipurii,1,Baaruipurii,,auto,
báska,1,baaska,,auto,
BAT́,1,BAT,,auto,
bát,1,baat,,auto,
bátii,1,baatii,,auto,
bat́uk,1,batuk,,auto,
Bat́ukabhaerava,1,Batukabhaerava,,auto,
Bat́ukashiva,1,Batukashiva,,auto,
Bátul,1,Baatul,,auto,
báuṋgál,1,baauṋgaal,,auto,
bauṋgálii,1,bauṋgaalii,,auto,
Baungládesh,1,Baunglaadesh,,auto,
be-ákkile,1,be-aakkile,,auto,
be-ákkl,1,be-aakkl,,auto,
be-kár,1,be-kaar,,auto,
be-wárish,1,be-waarish,,auto,
Bedáná,1,Bedaanaa,,auto,
bedrá,1,bedraa,,auto,
beháińd,1,behaaińd,,auto,
behudá,1,behudaa,,auto,
beimán,1,beimaan,,auto,
belábhumi,1,belaabhumi,,auto,
belellápaná,1,belellaapanaa,,auto,
BEŔELÁ,1,BEŔELaa,,auto,
bethuyád́ahari,1,bethuyaadahari,,auto,
beuṋgal,1,beuṋgal,,auto,
bewárish,1,bewaarish,,auto,
beyádavii,1,beyaadavii,,auto,
Bhadrá,1,Bhadraa,,auto,
Bhádruvái,1,Bhaadruvaai,,auto,
bhaerańd́a,1,bhaerańda,,auto,
bhága,1,bhaaga,,auto,
bhagavadkrpá,1,bhagavadkrpaa,,auto,
Bhagaván's,1,Bhagavaan's,,auto,
BHAGAVÁNA,1,BHAGAVaaNA,,auto,
bhági,1,bhaagi,,auto,
Bhágii,1,Bhaagii,,auto,
bháig,1,bhaaig,,auto,
Bhakti-Rúpa,1,Bhakti-Roopa,,auto,
bhaktiváda,1,bhaktivaada,,auto,
bhánotá,1,bhaanotaa,,auto,
Bhánu,1,Bhaanu,,auto,
bharasá,1,bharasaa,,auto,
bhárasámya,1,bhaarasaamya,,auto,
Bháratacandra,1,Bhaaratachandra,,auto,
bháratakhańd́e,1,bhaaratakhańde,,auto,
Bháratavasya,1,Bhaaratavasya,,auto,
bháre,1,bhaare,,auto,
Bharttá,1,Bharttaa,,auto,
Bháśá,1,Bhaashaa,,auto,
bhásáye,1,bhaasaaye,,auto,
Bháskar,1,Bhaaskar,,auto,
Bhát́,1,Bhaat,,auto,
bhátiyá,1,bhaatiyaa,,auto,
Bhát́iyáli,1,Bhaatiyaali,,auto,
bhátko,1,bhaatko,,auto,
Bhat́t́apallii,1,Bhattapallii,,auto,
Bhavábdhikarńadháraka,1,Bhavaabdhikarńadhaaraka,,auto,
bhávakendrastitah,1,bhaavakendrastitah,,auto,
Bhaván,1,Bhavaan,,auto,
bhávana,1,bhaavana,,auto,
Bhávanii,1,Bhaavanii,,auto,
bhávareńu,1,bhaavareńu,,auto,
bhavárńavatar,1,bhavaarńavatar,,auto,
Bhávátiitam,1,Bhaavaatiitam,,auto,
bhavetjiiváh,1,bhavetjiivaah,,auto,
bhávuk,1,bhaavuk,,auto,
bhávuka,1,bhaavuka,,auto,
bhicá,1,bhichaa,,auto,
bhiiśa,1,bhiisha,,auto,
Bhiiśańamiti,1,Bhiishańamiti,,auto,
bhiiśańanám,1,bhiishańanaam,,auto,
Bhiiśasmád,1,Bhiishasmaad,,auto,
bhikhárike,1,bhikhaarike,,auto,
bhikśájhuli,1,bhikshaaajhuli,,auto,
bhisá,1,bhisaa,,auto,
Bholanáth,1,Bholanaath,,auto,
Bhrátrdvitiiya,1,Bhraatrdvitiiya,,auto,
bhsamarúpa,1,bhsamaroopa,,auto,
Bhúh-Bhuvah-Svah,1,Bhooh-Bhuvah-Svah,,auto,
bhuiphonŕ,1,bhuiphonŕ,,auto,
BHÚMI,1,BHooMI,,auto,
Bhúmirvishvato,1,Bhoomirvishvato,,auto,
BHUṊICÁPÁ,1,BHUṊICaaPaa,,auto,
bhút,1,bhoot,,auto,
BHÚTA,1,BHooTA,,auto,
bhútabhavyatyám,1,bhootabhavyatyaam,,auto,
bhútáhá,1,bhootaahaa,,auto,
Bhútanátha,1,Bhootanaatha,,auto,
BHÚTAS,1,BHooTAS,,auto,
bhútashuddhi,1,bhootashuddhi,,auto,
Bhútatakál,1,Bhootatakaal,,auto,
bhútva,1,bhootva,,auto,
Bhuvanánii,1,Bhuvanaanii,,auto,
Bhuvánánii,1,Bhuvaanaanii,,auto,
bhúy,1,bhooy,,auto,
Bhúyáshcánte,1,Bhooyaashchaante,,auto,
bhyám,1,bhyaam,,auto,
Biás,1,Biaas,,auto,
BICHUT́I,1,BICHUTI,,auto,
biháińd́,1,bihaaińd,,auto,
biijapúrakam,1,biijapoorakam,,auto,
Biirabhúmi,1,Biirabhoomi,,auto,
bilábhed́,1,bilaabhed,,auto,
Biláspura,1,Bilaaspura,,auto,
bilvakáśt́ha,1,bilvakaashtha,,auto,
bolán,1,bolaan,,auto,
BORÁCAKA,1,BORaaCAKA,,auto,
BOŔÁCAKRA,1,BOŔaaCAKRA,,auto,
BRÁHMA,1,BRaaHMA,,auto,
Brahma-tattvábhávát,1,Brahma-tattvaabhaavaat,,auto,
Bráhman,1,Braahman,,auto,
Brahmarśidesha,1,Brahmarshidesha,,auto,
BRAHMAVÁDA,1,BRAHMAVaaDA,,auto,
Brahmavákyam,1,Brahmavaakyam,,auto,
brahmavijiṋána,1,brahmavijnyaaana,,auto,
Bráhmii-Kharośt́ii,1,Braahmii-Kharoshtii,,auto,
Bráhoi,1,Braahoi,,auto,
brḿhanattvád,1,brmhanattvaad,,auto,
BUCKIIDÁNÁ,1,BUCKIIDaaNaa,,auto,
Buŕigańd́aka,1,Buŕigańdaka,,auto,
byáḿk,1,byaamk,,auto,
cábhi,1,chaabhi,,auto,
cábikát́hi,1,chaabikaathi,,auto,
cácii,1,chaachii,,auto,
cád́d́i,1,chaaddi,,auto,
Caetanyacaritámrta,1,Chaetanyacharitaamrta,,auto,
cáha,1,chaaha,,auto,
cáhatii,1,chaahatii,,auto,
cáhatiin,1,chaahatiin,,auto,
cáhelá,1,chaahelaa,,auto,
cáhelii,1,chaahelii,,auto,
cáir,1,chaair,,auto,
Cákadá,1,Chaakadaa,,auto,
Cákdá,1,Chaakdaa,,auto,
cakitaharińiiprekśańá,1,chakitaharińiiprekshaańaa,,auto,
Cákmá,1,Chaakmaa,,auto,
Cakranábhi,1,Chakranaabhi,,auto,
cakrasára,1,chakrasaara,,auto,
Cakśu,1,Chakshau,,auto,
Cál,1,Chaal,,auto,
calá,1,chalaa,,auto,
calamán,1,chalamaan,,auto,
Cámuńd́á,1,Chaamuńdaa,,auto,
cańá,1,chańaa,,auto,
cánácur,1,chaanaachur,,auto,
cańaka,1,cańaka,,auto,
cánchá,1,chaanchaa,,auto,
cánchi,1,chaanchi,,auto,
cánda,1,chaanda,,auto,
cándá,1,chaandaa,,auto,
Cándamárii,1,Chaandamaarii,,auto,
cańd́iipát́h,1,chańdiipaath,,auto,
Cańd́iitalá,1,Chańdiitalaa,,auto,
CAŃD́IKÁ,1,CAŃDIKaa,,auto,
Cándmáris,1,Chaandmaaris,,auto,
candrakalá,1,chandrakalaa,,auto,
Caoraungiináth,1,Chaoraungiinaath,,auto,
capátii,1,chapaatii,,auto,
carácaraḿ,1,charaacharam,,auto,
Caŕak,1,Chaŕak,,auto,
Caŕakad́áuṋgá,1,Chaŕakadaauṋgaa,,auto,
Caŕakd́áuṋgás,1,Chaŕakdaauṋgaas,,auto,
carańa-kriyá,1,charańa-kriyaa,,auto,
caŕáo,1,chaŕaao,,auto,
caratiiyá,1,charatiiyaa,,auto,
cáridhár,1,chaaridhaar,,auto,
carpat́iká,1,charpatikaa,,auto,
Cáru,1,Chaaru,,auto,
cáśá-bhúśá,1,chaashaa-bhooshaa,,auto,
Cat́ana,1,Chatana,,auto,
cát́ana,1,chaatana,,auto,
cat́t́aráj,1,chattaraaj,,auto,
Caturájjasaccam,1,Chaturaajjasaccham,,auto,
caturáryasatyam,1,chaturaaryasatyam,,auto,
catuspáthii,1,chatuspaathii,,auto,
Catuspáthiis,1,Chatuspaathiis,,auto,
cáya,1,chaaya,,auto,
celiká,1,chelikaa,,auto,
cerá,1,cheraa,,auto,
chaditaḿ,1,chaditam,,auto,
cháditam,1,chaaditam,,auto,
chágadugdha,1,chaagadugdha,,auto,
chágal,1,chaagal,,auto,
cháger,1,chaager,,auto,
chágiir,1,chaagiir,,auto,
Chái-ná,1,Chaai-naa,,auto,
chál,1,chaal,,auto,
chánci,1,chaanchi,,auto,
CHÁṊCI,1,CHaaṊCI,,auto,
chandá,1,chandaa,,auto,
chánda,1,chaanda,,auto,
Chandimauṋgal,1,Chandimauṋgal,,auto,
Chandrabhagá,1,Chandrabhagaa,,auto,
chápáti,1,chaapaati,,auto,
chat́,1,chat,,auto,
chátá,1,chaataa,,auto,
chatrás,1,chatraas,,auto,
Chat́t́opadhyáya,1,Chattopadhyaaya,,auto,
cháyájáta,1,chaayaajaata,,auto,
Cháyáputra,1,Chaayaaputra,,auto,
chelemánśii,1,chelemaanshii,,auto,
chelemánuś,1,chelemaanush,,auto,
chelemánuśii,1,chelemaanushii,,auto,
chelet́i,1,cheleti,,auto,
chiniyá,1,chiniyaa,,auto,
chopácche,1,chopaacche,,auto,
choŕavi,1,choŕavi,,auto,
CHOT́A,1,CHOTA,,auto,
Chut́iyá,1,Chutiyaa,,auto,
Chuyáḿ,1,Chuyaam,,auto,
Cidánan,1,Chidaanan,,auto,
cidánandam,1,chidaanandam,,auto,
Cidánandam,1,Chidaanandam,,auto,
ciḿŕe,1,chimŕe,,auto,
Ciḿŕi,1,Chimŕi,,auto,
cinŕai,1,chinŕai,,auto,
Cintá,1,Chintaa,,auto,
ciruńii,1,ciruńii,,auto,
cit́ibác,1,chitibaac,,auto,
Citracáru,1,Chitrachaaru,,auto,
Citraiṋjan,1,Chitraiṋjan,,auto,
CITTÁŃU,1,CITTaaŃU,,auto,
Cittavrttinirodhá,1,Chittavrttinirodhaa,,auto,
COLÁ,1,COLaa,,auto,
cośńaḿ,1,choshńam,,auto,
cot́,1,chot,,auto,
culáculi,1,chulaachuli,,auto,
Cuncŕo's,1,Chuncŕo's,,auto,
cupisáre,1,chupisaare,,auto,
cuŕeil,1,chuŕeil,,auto,
cuyáŕ,1,chuyaaŕ,,auto,
Cuyárs,1,Chuyaars,,auto,
cyúta,1,cyoota,,auto,
d́ábá-hunko,1,daabaa-hunko,,auto,
d́abák,1,dabaak,,auto,
Daboká,1,Dabokaa,,auto,
dádágiri,1,daadaagiri,,auto,
dádáre,1,daadaare,,auto,
dádás,1,daadaas,,auto,
dádashii,1,daadashii,,auto,
Daeviiyeśa,1,Daeviiyesha,,auto,
d́agá,1,dagaa,,auto,
D́agmá,1,Dagmaa,,auto,
d́áhá,1,daahaa,,auto,
dáiŕbháuṋgá,1,daaiŕbhaauṋgaa,,auto,
D́aká,1,Dakaa,,auto,
Dákini,1,Daakini,,auto,
Dakśhińeshvara,1,Dakshahińeshvara,,auto,
dákśińa,1,daakshaińa,,auto,
DAKŚIŃÁCÁRA,1,DAkshaIŃaaCaaRA,,auto,
Dakśińácárii,1,Dakshaińaachaarii,,auto,
Dakśinatya,1,Dakshainatya,,auto,
Dakśińátya,1,Dakshaińaatya,,auto,
dakśińottarayoh,1,dakshaińottarayoh,,auto,
DÁL,1,DaaL,,auto,
DÁLIM,1,DaaLIM,,auto,
d́álim,1,daalim,,auto,
Dáma,1,Daama,,auto,
damá-dam,1,damaa-dam,,auto,
damanaḿ,1,damanam,,auto,
damdamá,1,damdamaa,,auto,
dámodara,1,daamodara,,auto,
d́ámrá,1,daamraa,,auto,
d́áḿrá,1,daamraa,,auto,
d́áṋt́á,1,daaṋtaa,,auto,
Dántan's,1,Daantan's,,auto,
daphádár,1,daphaadaar,,auto,
D́ar,1,Dar,,auto,
d́áŕái,1,daaŕaai,,auto,
daŕibháuṋgá,1,daŕibhaauṋgaa,,auto,
dáŕim,1,daaŕim,,auto,
darpań,1,darpań,,auto,
DÁRUCINI,1,DaaRUCINI,,auto,
darwájá,1,darwaajaa,,auto,
Dashávatára,1,Dashaavataara,,auto,
DÁSYA,1,DaaSYA,,auto,
Dattavat́i,1,Dattavati,,auto,
dáuṋgá,1,daauṋgaa,,auto,
Dáyábhága,1,Daayaabhaaga,,auto,
Dáye,1,Daaye,,auto,
dehágni,1,dehaagni,,auto,
Dekhái,1,Dekhaai,,auto,
dekháiṋ,1,dekhaaiṋ,,auto,
dekhalá,1,dekhalaa,,auto,
dekhláot́i,1,dekhlaaoti,,auto,
dekhlavat́ii,1,dekhlavatii,,auto,
deldár,1,deldaar,,auto,
Demi-Mágadhii-related,1,Demi-Maagadhii-related,,auto,
denádár,1,denaadaar,,auto,
Deshiinágarii,1,Deshiinaagarii,,auto,
d́euṋgo,1,deuṋgo,,auto,
devábhágaḿ,1,devaabhaagam,,auto,
devabháśá,1,devabhaashaa,,auto,
Deváḿshi,1,Devaamshi,,auto,
devatá's,1,devataa's,,auto,
Devatánám,1,Devataanaam,,auto,
Dhaiṋca,1,Dhaiṋcha,,auto,
D́háká,1,Dhaakaa,,auto,
D́hákeshvarii,1,Dhaakeshvarii,,auto,
dhámá,1,dhaamaa,,auto,
dhámah,1,dhaamah,,auto,
dhanuśes,1,dhanushes,,auto,
dhányeshvarii,1,dhaanyeshvarii,,auto,
dháraŕhán,1,dhaaraŕhaan,,auto,
Dharmádharmasama,1,Dharmaadharmasama,,auto,
DHARMARÁJYA,1,DHARMARaaJYA,,auto,
DHARŃÁ,1,DHARŃaa,,auto,
dhátuh,1,dhaatuh,,auto,
dhátuprasádánmahimánam,1,dhaatuprasaadaanmahimaanam,,auto,
dhavaŕa,1,dhavaŕa,,auto,
dhavlá,1,dhavlaa,,auto,
dhiyoasmákaḿ,1,dhiyoasmaakam,,auto,
D́holak,1,Dholak,,auto,
dhopá,1,dhopaa,,auto,
dhopáke,1,dhopaake,,auto,
Dhrtaráśt́rasya,1,Dhrtaraashtrasya,,auto,
DHRUVASATTÁ,1,DHRUVASATTaa,,auto,
dhruvatárá,1,dhruvataaraa,,auto,
Dhruvatárá,1,Dhruvataaraa,,auto,
dhum-dhám,1,dhum-dhaam,,auto,
dhúma,1,dhooma,,auto,
dhúna,1,dhoona,,auto,
dhúpcháyá,1,dhoopchaayaa,,auto,
dhvastádhvasti,1,dhvastaadhvasti,,auto,
dhyanaḿ,1,dhyanam,,auto,
dhyánp,1,dhyaanp,,auto,
digvásá,1,digvaasaa,,auto,
D́ihi,1,Dihi,,auto,
Diighá,1,Diighaa,,auto,
diiksá,1,diiksaa,,auto,
Diikśa,1,Diikshaa,,auto,
diipashikhá,1,diipashikhaa,,auto,
diipávalii,1,diipaavalii,,auto,
diiyán,1,diiyaan,,auto,
dijánye,1,dijaanye,,auto,
d́im,1,dim,,auto,
Dinhát́á,1,Dinhaataa,,auto,
d́iuṋgi,1,diuṋgi,,auto,
divánishi,1,divaanishi,,auto,
diyára,1,diyaara,,auto,
D́ográ,1,Dograa,,auto,
domá,1,domaa,,auto,
Dopáttar,1,Dopaattar,,auto,
dot́ho,1,dotho,,auto,
Dravid́,1,Dravid,,auto,
Drávid́ii,1,Draavidii,,auto,
drávil,1,draavil,,auto,
dráviŕ,1,draaviŕ,,auto,
dráviŕa,1,draaviŕa,,auto,
dream-sannyásii,1,dream-sannyaasii,,auto,
Drkdarshanashaktyorekátmatevásmitá,1,Drkdarshanashaktyorekaatmatevaasmitaa,,auto,
Drśad,1,Drshad,,auto,
DUGDHAKŚIIRÁ,1,DUGDHAkshaIIRaa,,auto,
DURÁCÁRII,1,DURaaCaaRII,,auto,
Dúŕat,1,Dooŕat,,auto,
DURBÁ,1,DURBaa,,auto,
Durlabhchaŕá,1,Durlabhchaŕaa,,auto,
Duśkrtám,1,Dushkrtaam,,auto,
DVAETÁDVAETA,1,DVAETaaDVAETA,,auto,
DVÁPARA,1,DVaaPARA,,auto,
dvariká-i,1,dvarikaa-i,,auto,
dvárikánáth,1,dvaarikaanaath,,auto,
Dvidháy,1,Dvidhaay,,auto,
Dvigarttabhúmi,1,Dvigarttabhoomi,,auto,
ebaḿ,1,ebam,,auto,
ed́á,1,edaa,,auto,
ed́inbará,1,edinbaraa,,auto,
Ekadá,1,Ekadaa,,auto,
ekádash,1,ekaadash,,auto,
ekádashyám,1,ekaadashyaam,,auto,
ekadhá,1,ekadhaa,,auto,
Ekákii,1,Ekaakii,,auto,
ekamevádvitiiyam,1,ekamevaadvitiiyam,,auto,
ekarasátmaka,1,ekarasaatmaka,,auto,
Ekáuṋga,1,Ekaauṋga,,auto,
ekáunkiká,1,ekaaunkikaa,,auto,
ekkále,1,ekkaale,,auto,
Ekohaḿ,1,Ekoham,,auto,
ekt́i,1,ekti,,auto,
ekt́u,1,ektu,,auto,
encoŕ,1,enchoŕ,,auto,
eńdi,1,eńdi,,auto,
Erá,1,Eraa,,auto,
erańd́o'pi,1,erańdo'pi,,auto,
Evamá,1,Evamaa,,auto,
eyágára,1,eyaagaara,,auto,
eyálif,1,eyaalif,,auto,
Fá-Hiyen,1,Faa-Hiyen,,auto,
feyár,1,feyaar,,auto,
fryát́ár,1,fryaataar,,auto,
gácmaric,1,gaacmaric,,auto,
gajarúpa,1,gajaroopa,,auto,
gálce,1,gaalche,,auto,
gáli,1,gaali,,auto,
Gaḿ,1,Gam,,auto,
GÁMBHÁRII,1,GaaMBHaaRII,,auto,
Gambhiirá,1,Gambhiiraa,,auto,
gamisyámi,1,gamisyaami,,auto,
gańa-pativáda,1,gańa-pativaada,,auto,
Gańábharańaḿ,1,Gańaabharańam,,auto,
gańapativáda,1,gańapativaada,,auto,
gándá,1,gaandaa,,auto,
gándál,1,gaandaal,,auto,
GÁṊDÁL,1,GaaṊDaaL,,auto,
gándála,1,gaandaala,,auto,
gandha-muthá,1,gandha-muthaa,,auto,
GANDHA-MUTHÁ,1,GANDHA-MUTHaa,,auto,
Gandhaceliká,1,Gandhachelikaa,,auto,
Gandhaghráńa,1,Gandhaghraańa,,auto,
Gand́haka,1,Gandhaka,,auto,
Gandhákśa,1,Gandhaakshaa,,auto,
Gandhapisháca,1,Gandhapishaacha,,auto,
Gándhárii's,1,Gaandhaarii's,,auto,
Gandharukmińii,1,Gandharukmińii,,auto,
gańeśaváda,1,gańeshavaada,,auto,
gańeshaváda,1,gańeshavaada,,auto,
gańeta,1,gańeta,,auto,
ganná-kát́á,1,gannaa-kaataa,,auto,
Gáńpatya,1,Gaańpatya,,auto,
gantaḿ,1,gantam,,auto,
Gaod́adesh,1,Gaodadesh,,auto,
gaohát́i,1,gaohaati,,auto,
gaoŕii,1,gaoŕii,,auto,
Gaoŕii,1,Gaoŕii,,auto,
Gaotamdhárá,1,Gaotamdhaaraa,,auto,
gaŕa,1,gaŕa,,auto,
gára,1,gaara,,auto,
Garáńahát́á,1,Garaańahaataa,,auto,
Gaŕhwal,1,Gaŕhwal,,auto,
gári,1,gaari,,auto,
Garimá,1,Garimaa,,auto,
gárjana,1,gaarjana,,auto,
gát,1,gaat,,auto,
gátraharidrá,1,gaatraharidraa,,auto,
Gauṋgádhara,1,Gauṋgaadhara,,auto,
Gáuṋgádhara,1,Gaauṋgaadhara,,auto,
Gáunguli,1,Gaaunguli,,auto,
gaveshańá,1,gaveshańaa,,auto,
gayáy,1,gayaay,,auto,
gáylii,1,gaaylii,,auto,
gáyliiye,1,gaayliiye,,auto,
gázi,1,gaazi,,auto,
gehaḿ,1,geham,,auto,
gehún,1,gehoon,,auto,
gelám,1,gelaam,,auto,
gemkháná,1,gemkhaanaa,,auto,
ghámtel,1,ghaamtel,,auto,
Gharańas,1,Gharańas,,auto,
gharśanakriyá,1,gharshanakriyaa,,auto,
Ghatánáyáh,1,Ghataanaayaah,,auto,
ghoŕanim,1,ghoŕanim,,auto,
GHOŔÁNIM,1,GHOŔaaNIM,,auto,
Ghoś,1,Ghosh,,auto,
Ghośal,1,Ghoshal,,auto,
ghośańa,1,ghoshańa,,auto,
Ghrńańá,1,Ghrńańaa,,auto,
ghunghat́,1,ghunghat,,auto,
ghurńii,1,ghurńii,,auto,
Gimá,1,Gimaa,,auto,
GIMÁ,1,GIMaa,,auto,
giyechilám,1,giyechilaam,,auto,
Godhúma,1,Godhooma,,auto,
gohad́d́ia,1,gohaddia,,auto,
gohád́i,1,gohaadi,,auto,
goháŕgil,1,gohaaŕgil,,auto,
goháŕi,1,gohaaŕi,,auto,
gohat́t́ika,1,gohattika,,auto,
Gohininátha,1,Gohininaatha,,auto,
gohúm,1,gohoom,,auto,
gohúma,1,gohooma,,auto,
Goládhyáya,1,Golaadhyaaya,,auto,
Golawári,1,Golawaari,,auto,
gondúma,1,gondooma,,auto,
gopabálákas,1,gopabaalaakas,,auto,
gopálah,1,gopaalah,,auto,
Gopikáveńu,1,Gopikaaveńu,,auto,
gorásá,1,goraasaa,,auto,
gosáp,1,gosaap,,auto,
Gosáp,1,Gosaap,,auto,
Goyábágán,1,Goyaabaagaan,,auto,
Goyári,1,Goyaari,,auto,
goyáŕi,1,goyaaŕi,,auto,
Goyáŕi,1,Goyaaŕi,,auto,
gráma,1,graama,,auto,
grámiiń,1,graamiiń,,auto,
Granthákśaram,1,Granthaakshaaram,,auto,
Grhágata,1,Grhaagata,,auto,
Grhát,1,Grhaat,,auto,
griiśma,1,griishma,,auto,
guák,1,guaak,,auto,
gubá,1,gubaa,,auto,
gud́aḿ,1,gudam,,auto,
guháyita,1,guhaayita,,auto,
guisáp,1,guisaap,,auto,
GULAIṊCA,1,GULAIṊCA,,auto,
gulám,1,gulaam,,auto,
Gumlá,1,Gumlaa,,auto,
Guńábhivyakti,1,Guńaabhivyakti,,auto,
GUŃADHIINA,1,GUŃADHIINA,,auto,
GUŃÁDHIISHA,1,GUŃaaDHIISHA,,auto,
Guńahiinamasheśagańábharanam,1,Guńahiinamasheshagańaabharanam,,auto,
guńamaya,1,guńamaya,,auto,
GUŃASRIŚT́A,1,GUŃASRIŚTA,,auto,
guńigańa,1,guńigańa,,auto,
GUŔ,1,GUŔ,,auto,
guraoruśt́e,1,guraorushte,,auto,
Guŕmukhii,1,Guŕmukhii,,auto,
Guruḿ,1,Gurum,,auto,
guváhát́i,1,guvaahaati,,auto,
guvákahat́t́ika,1,guvaakahattika,,auto,
Guvávágán,1,Guvaavaagaan,,auto,
guwá,1,guwaa,,auto,
Guwábágán,1,Guwaabaagaan,,auto,
Guwahát́i,1,Guwahaati,,auto,
guwáhát́i,1,guwaahaati,,auto,
guwáhat́t́i,1,guwaahatti,,auto,
há-bhátiyá,1,haa-bhaatiyaa,,auto,
hábbháv,1,haabbhaav,,auto,
hábebhábe,1,haabebhaabe,,auto,
hábháte,1,haabhaate,,auto,
Hájauṋga,1,Haajauṋga,,auto,
Haldiá,1,Haldiaa,,auto,
Haldibáŕi,1,Haldibaaŕi,,auto,
Hálsibágán,1,Haalsibaagaan,,auto,
hámán-distá,1,haamaan-distaa,,auto,
Hámár,1,Haamaar,,auto,
hamáre,1,hamaare,,auto,
hamárii,1,hamaarii,,auto,
hamjátahii,1,hamjaatahii,,auto,
hammá,1,hammaa,,auto,
hamrásan,1,hamraasan,,auto,
haḿsa-dimba,1,hamsa-dimba,,auto,
haḿser,1,hamser,,auto,
hánsati,1,haansati,,auto,
Hánsd́ihá,1,Haansdihaa,,auto,
hánstá,1,haanstaa,,auto,
Hanumánji,1,Hanumaanji,,auto,
háoli,1,haaoli,,auto,
Haoyá,1,Haoyaa,,auto,
harańa,1,harańa,,auto,
Harayáná,1,Harayaanaa,,auto,
harbaŕá,1,harbaŕaa,,auto,
hárcháŕá,1,haarchaaŕaa,,auto,
hárgáchá,1,haargaachaa,,auto,
hárgáchit́á,1,haargaachitaa,,auto,
HARIDRÁ,1,HARIDRaa,,auto,
Harikathá,1,Harikathaa,,auto,
Harinábhángá,1,Harinaabhaangaa,,auto,
Harinád́angá,1,Harinaadangaa,,auto,
harináma,1,harinaama,,auto,
harisabhá,1,harisabhaa,,auto,
Harśavarddhan,1,Harshavarddhan,,auto,
Haŕsavarddhana,1,Haŕsavarddhana,,auto,
Harśavarddhana's,1,Harshavarddhana's,,auto,
Hartukibágán,1,Hartukibaagaan,,auto,
Háspátal,1,Haaspaatal,,auto,
haspitál,1,haspitaal,,auto,
hát's,1,haat's,,auto,
Háthiiyá,1,Haathiiyaa,,auto,
hát́i,1,haati,,auto,
HÁTISHUNŔÁ,1,HaaTISHUNŔaa,,auto,
Hattamálá,1,Hattamaalaa,,auto,
hat́t́amálá,1,hattamaalaa,,auto,
háuz-wáif,1,haauz-waaif,,auto,
hávháv,1,haavhaav,,auto,
haviśánna,1,havishaanna,,auto,
hávŕali,1,haavŕali,,auto,
hazár,1,hazaar,,auto,
hazárá,1,hazaaraa,,auto,
Házára,1,Haazaara,,auto,
Hazáribág,1,Hazaaribaag,,auto,
Helár,1,Helaar,,auto,
HELEINCÁ,1,HELEINCaa,,auto,
Hentáli,1,Hentaali,,auto,
Hiirápur,1,Hiiraapur,,auto,
hilamociká,1,hilamochikaa,,auto,
himácal,1,himaachal,,auto,
himánii,1,himaanii,,auto,
Himavána,1,Himavaana,,auto,
hiḿsa,1,himsa,,auto,
Hintálii,1,Hintaalii,,auto,
HIRAŃMAYA,1,HIRAŃMAYA,,auto,
hirańya,1,hirańya,,auto,
hirańyakasipu,1,hirańyakasipu,,auto,
hitaeśańá,1,hitaeshańaa,,auto,
hitakárakaḿ,1,hitakaarakam,,auto,
hitecchá,1,hitecchaa,,auto,
hiuṋgul,1,hiuṋgul,,auto,
Hiuṋgul,1,Hiuṋgul,,auto,
Hlád,1,Hlaad,,auto,
Ho-Muńd́á,1,Ho-Muńdaa,,auto,
Hogalkunŕe,1,Hogalkunŕe,,auto,
honshiyár,1,honshiyaar,,auto,
hriiḿ,1,hriim,,auto,
hukm-i-rám,1,hukm-i-raam,,auto,
hukmiirám,1,hukmiiraam,,auto,
Hukmiirám,1,Hukmiiraam,,auto,
hukumdár,1,hukumdaar,,auto,
hunshiyár,1,hunshiyaar,,auto,
hyá,1,hyaa,,auto,
hyánre,1,hyaanre,,auto,
Hyánre,1,Hyaanre,,auto,
hyáptakáma,1,hyaaptakaama,,auto,
i-á-ti,1,i-aa-ti,,auto,
idá,1,idaa,,auto,
ihásana,1,ihaasana,,auto,
iihaketaná,1,iihaketanaa,,auto,
iihásana,1,iihaasana,,auto,
iikśa,1,iikshaa,,auto,
Iikśa,1,Iikshaa,,auto,
Iikśańika,1,Iikshaańika,,auto,
Iikśańiká,1,Iikshaańikaa,,auto,
IIKŚU,1,IIkshaU,,auto,
Iisháneshvara,1,Iishaaneshvara,,auto,
Iishitá,1,Iishitaa,,auto,
ikŕá,1,ikŕaa,,auto,
Ikś,1,Iksha,,auto,
ikśańa,1,ikshaańa,,auto,
ilshá,1,ilshaa,,auto,
imándár,1,imaandaar,,auto,
inára,1,inaara,,auto,
Indása,1,Indaasa,,auto,
indrakáśt́ha,1,indrakaashtha,,auto,
Indrakúpa,1,Indrakoopa,,auto,
indránii,1,indraanii,,auto,
indrauyá,1,indrauyaa,,auto,
indravrkśa,1,indravrkshaa,,auto,
Iŕápallii,1,Iŕaapallii,,auto,
Iravána,1,Iravaana,,auto,
irávána,1,iraavaana,,auto,
Ishádya,1,Ishaadya,,auto,
Ishádyamáya,1,Ishaadyamaaya,,auto,
ishán,1,ishaan,,auto,
Ishána,1,Ishaana,,auto,
islám,1,islaam,,auto,
Iśta,1,Ishta,,auto,
Iśtá,1,Ishtaa,,auto,
itá,1,itaa,,auto,
itahpúrve,1,itahpoorve,,auto,
Itár,1,Itaar,,auto,
itihás,1,itihaas,,auto,
Itihás,1,Itihaas,,auto,
Itihaśa,1,Itihasha,,auto,
itopúrve,1,itopoorve,,auto,
ityáhu,1,ityaahu,,auto,
ityarthá,1,ityarthaa,,auto,
Iuḿ,1,Ium,,auto,
iuṋgite,1,iuṋgite,,auto,
Ivanavatutá,1,Ivanavatutaa,,auto,
iyárii,1,iyaarii,,auto,
jabá,1,jabaa,,auto,
JABÁ,1,JABaa,,auto,
jábár,1,jaabaar,,auto,
jábek,1,jaabek,,auto,
jábi,1,jaabi,,auto,
jábo,1,jaabo,,auto,
jácchai,1,jaacchai,,auto,
jácci,1,jaacchi,,auto,
Jádá,1,Jaadaa,,auto,
jadasphot́a,1,jadasphota,,auto,
JAD́ASPHOT́A,1,JADASPHOTA,,auto,
Jad́atár,1,Jadataar,,auto,
jádii,1,jaadii,,auto,
Jádu,1,Jaadu,,auto,
Jádugar,1,Jaadugar,,auto,
jád́ya,1,jaadya,,auto,
jád́yá,1,jaadyaa,,auto,
Jágatika,1,Jaagatika,,auto,
jágatikatá,1,jaagatikataa,,auto,
JÁGRTI,1,JaaGRTI,,auto,
jáhár,1,jaahaar,,auto,
jáhii,1,jaahii,,auto,
jáitye,1,jaaitye,,auto,
jáiva,1,jaaiva,,auto,
jáivek,1,jaaivek,,auto,
jal-uká,1,jal-ukaa,,auto,
jalpái,1,jalpaai,,auto,
jalsá,1,jalsaa,,auto,
JÁM,1,JaaM,,auto,
Jámál,1,Jaamaal,,auto,
jamburá,1,jamburaa,,auto,
jámerii,1,jaamerii,,auto,
JÁMIR,1,JaaMIR,,auto,
jámu,1,jaamu,,auto,
Janái,1,Janaai,,auto,
Jánakii,1,Jaanakii,,auto,
Janasmbharańa,1,Janasmbharańa,,auto,
jánowár,1,jaanowaar,,auto,
JÁNUSPARSHA,1,JaaNUSPARSHA,,auto,
jánye,1,jaanye,,auto,
jápámálá,1,jaapaamaalaa,,auto,
jáŕáha,1,jaaŕaaha,,auto,
jaŕáni,1,jaŕaani,,auto,
jaŕata,1,jaŕata,,auto,
jáŕh,1,jaaŕh,,auto,
Járigán,1,Jaarigaan,,auto,
jaŕita,1,jaŕita,,auto,
járnál,1,jaarnaal,,auto,
Ját,1,Jaat,,auto,
játahi,1,jaatahi,,auto,
játarahalbáhi,1,jaatarahalbaahi,,auto,
játe,1,jaate,,auto,
jáucho,1,jaaucho,,auto,
jáum,1,jaaum,,auto,
jáuṋgá,1,jaauṋgaa,,auto,
Jauṋgama,1,Jauṋgama,,auto,
jávek,1,jaavek,,auto,
Jayapáńd́á,1,Jayapaańdaa,,auto,
jáyaphal,1,jaayaphal,,auto,
jáybo,1,jaaybo,,auto,
jáycham,1,jaaycham,,auto,
jáychii,1,jaaychii,,auto,
Jaydá,1,Jaydaa,,auto,
jehádd,1,jehaadd,,auto,
Jelekháli,1,Jelekhaali,,auto,
jelládár,1,jellaadaar,,auto,
jemkháná,1,jemkhaanaa,,auto,
jháláno,1,jhaalaano,,auto,
jhálmuŕi,1,jhaalmuŕi,,auto,
Jhalúm,1,Jhaloom,,auto,
jhánjha,1,jhaanjha,,auto,
Jhauyákut́hi,1,Jhauyaakuthi,,auto,
jhiá,1,jhiaa,,auto,
JHIḾGÁ,1,JHIḾGaa,,auto,
JHIḾGE,1,JHIḾGE,,auto,
JHIUṊE,1,JHIUṊE,,auto,
Jiimútabáhana,1,Jiimootabaahana,,auto,
Jiivakot́i,1,Jiivakoti,,auto,
jiivátamá,1,jiivaatamaa,,auto,
Jiivátmá-Paramátmanah,1,Jiivaatmaa-Paramaatmanah,,auto,
jiivátma's,1,jiivaatma's,,auto,
Jiivátmás,1,Jiivaatmaas,,auto,
jijiiviśet,1,jijiivishet,,auto,
Jimútabahan,1,Jimootabahan,,auto,
jiṋ,1,jnya,,auto,
Jiṋ,1,Jnya,,auto,
jiṋána-bhakti,1,jnyaaana-bhakti,,auto,
jiṋána-bhakti-karma,1,jnyaaana-bhakti-karma,,auto,
jiṋána-karma,1,jnyaaana-karma,,auto,
jiṋánamanantam,1,jnyaaanamanantam,,auto,
Jiṋánamanantaḿ,1,Jnyaaanamanantam,,auto,
Jiṋánanirmathana,1,Jnyaaananirmathana,,auto,
Jiṋánanushiilana,1,Jnyaaananushiilana,,auto,
Jiṋánasvarúpa,1,Jnyaaanasvaroopa,,auto,
Jiṋánaváda,1,Jnyaaanavaada,,auto,
jiṋánisamúha,1,jnyaaanisamooha,,auto,
jiṋát,1,jnyaaat,,auto,
Jonhá,1,Jonhaa,,auto,
joŕa,1,joŕa,,auto,
Joŕásánko,1,Joŕaasaanko,,auto,
Judhit́t́thir,1,Judhittthir,,auto,
juhiá,1,juhiaa,,auto,
Junput́,1,Junput,,auto,
juśamána,1,jushamaana,,auto,
juśt́ast,1,jushtast,,auto,
Juśt́ast,1,Jushtast,,auto,
Jyeśt́há,1,Jyeshthaa,,auto,
k-śa,1,k-sha,,auto,
Kábul,1,Kaabul,,auto,
kacariyá,1,kachariyaa,,auto,
kaccariá,1,kacchariaa,,auto,
Kácháŕ,1,Kaachaaŕ,,auto,
kachárii,1,kachaarii,,auto,
kad́u,1,kadu,,auto,
kágjii,1,kaagjii,,auto,
káhans,1,kaahans,,auto,
Káhinii,1,Kaahinii,,auto,
kaiá,1,kaiaa,,auto,
kájubádám,1,kaajubaadaam,,auto,
kákadhvajá,1,kaakadhvajaa,,auto,
kákákush,1,kaakaakush,,auto,
kákalatá,1,kaakalataa,,auto,
kákali,1,kaakali,,auto,
kákalii,1,kaakalii,,auto,
kákárih,1,kaakaarih,,auto,
Kákasya,1,Kaakasya,,auto,
kálabos,1,kaalabos,,auto,
Kalacakrayániis,1,Kalachakrayaaniis,,auto,
Kaláchaŕá,1,Kalaachaŕaa,,auto,
Káládhisha,1,Kaalaadhisha,,auto,
káládhvanaratyanatasaḿyoge,1,kaalaadhvanaratyanatasamyoge,,auto,
Kalágáchiyá,1,Kalaagaachiyaa,,auto,
kálaharańam',1,kaalaharańam',,auto,
KALÁI,1,KALaaI,,auto,
kalakátáy,1,kalakaataay,,auto,
kálásá,1,kaalaasaa,,auto,
kálashaktis,1,kaalashaktis,,auto,
Kalávatára,1,Kalaavataara,,auto,
kálce,1,kaalche,,auto,
káligokhro,1,kaaligokhro,,auto,
káliińa,1,kaaliińa,,auto,
káliká,1,kaalikaa,,auto,
Kálikájii,1,Kaalikaajii,,auto,
kalikála,1,kalikaala,,auto,
Kálikála,1,Kaalikaala,,auto,
Kálikáshakti,1,Kaalikaashakti,,auto,
Kalikátá-e,1,Kalikaataa-e,,auto,
kalikátár,1,kalikaataar,,auto,
Kalikátáy,1,Kalikaataay,,auto,
Kálindii,1,Kaalindii,,auto,
Kalkátá,1,Kalkaataa,,auto,
kálmegh,1,kaalmegh,,auto,
Kálmegh,1,Kaalmegh,,auto,
kálrakálra,1,kaalrakaalra,,auto,
kalratrá,1,kalratraa,,auto,
kálvaeshákhii,1,kaalvaeshaakhii,,auto,
kálya,1,kaalya,,auto,
kalyáńakári,1,kalyaańakaari,,auto,
Kalyáńii,1,Kalyaańii,,auto,
KÁMAMAYA,1,KaaMAMAYA,,auto,
kámaráuṋgá,1,kaamaraauṋgaa,,auto,
kámashariitane,1,kaamashariitane,,auto,
kámavasáyitá,1,kaamavasaayitaa,,auto,
Kambod́iyá,1,Kambodiyaa,,auto,
kampavakśe,1,kampavakshae,,auto,
kampravakśa,1,kampravakshaa,,auto,
kaḿsárih,1,kamsaarih,,auto,
Kaḿsasya,1,Kamsasya,,auto,
kańda,1,kańda,,auto,
kándá,1,kaandaa,,auto,
káńd́a,1,kaańda,,auto,
Kandhakátá,1,Kandhakaataa,,auto,
kandulaḿ,1,kandulam,,auto,
kánhá,1,kaanhaa,,auto,
kanháko,1,kanhaako,,auto,
kánháko,1,kaanhaako,,auto,
Káni,1,Kaani,,auto,
kańiká,1,kańikaa,,auto,
kanjáḿshán,1,kanjaamshaan,,auto,
kanjánt́iyan,1,kanjaantiyan,,auto,
Kánkai,1,Kaankai,,auto,
kankaiá,1,kankaiaa,,auto,
kankatiká,1,kankatikaa,,auto,
Kankatiká,1,Kankatikaa,,auto,
Kánkuŕgáchi,1,Kaankuŕgaachi,,auto,
KÁṊSÁ,1,KaaṊSaa,,auto,
Kánsái,1,Kaansaai,,auto,
kańt́akiiphalam,1,kańtakiiphalam,,auto,
Kánt́ál,1,Kaantaal,,auto,
kánt́álii,1,kaantaalii,,auto,
kánt́álsattva,1,kaantaalsattva,,auto,
KÁṊT́ANAT́E,1,KaaṊTANATE,,auto,
kánthá,1,kaanthaa,,auto,
kánthika,1,kaanthika,,auto,
Kaońdilya,1,Kaońdilya,,auto,
Kaońd́ilya,1,Kaońdilya,,auto,
Kaońd́ińńa,1,Kaońdińńa,,auto,
Kaońd́inya,1,Kaońdinya,,auto,
Kaoshámbi,1,Kaoshaambi,,auto,
kaová,1,kaovaa,,auto,
kaovájoŕii,1,kaovaajoŕii,,auto,
Kaoyákol,1,Kaoyaakol,,auto,
kapálra-likhana,1,kapaalra-likhana,,auto,
kapára,1,kapaara,,auto,
Kapotákśa,1,Kapotaakshaa,,auto,
kapotákśii,1,kapotaakshaii,,auto,
Kár,1,Kaar,,auto,
kár-i-gar,1,kaar-i-gar,,auto,
Kár-o,1,Kaar-o,,auto,
Karaduḿ,1,Karadum,,auto,
kaŕáishunt́i,1,kaŕaaishunti,,auto,
káraka-vibhakti,1,kaaraka-vibhakti,,auto,
kárakáh,1,kaarakaah,,auto,
káŕákáŕi,1,kaaŕaakaaŕi,,auto,
karamcá,1,karamchaa,,auto,
Kárań,1,Kaarań,,auto,
Karańábhávát,1,Karańaabhaavaat,,auto,
karańártha,1,karańaartha,,auto,
kárańasamagráḿ,1,kaarańasamagraam,,auto,
karańe,1,karańe,,auto,
karanjá,1,karanjaa,,auto,
karatiyá,1,karatiyaa,,auto,
karbúrá,1,karbooraa,,auto,
káŕe,1,kaaŕe,,auto,
Kaŕeyá,1,Kaŕeyaa,,auto,
Kárkatii,1,Kaarkatii,,auto,
Karḿadhyakśah,1,Karmadhyakshaah,,auto,
karmakańd́a,1,karmakańda,,auto,
Karńacúŕá,1,Karńachooŕaa,,auto,
karńaráti,1,karńaraati,,auto,
karńári,1,karńaari,,auto,
Karńát,1,Karńaat,,auto,
Karśú,1,Karshoo,,auto,
Kártiik,1,Kaartiik,,auto,
Karttiká,1,Karttikaa,,auto,
Kárttikeyam,1,Kaarttikeyam,,auto,
kaŕu,1,kaŕu,,auto,
kaŕuyá,1,kaŕuyaa,,auto,
káryyábhávah,1,kaaryyaabhaavah,,auto,
káryyabrahma,1,kaaryyabrahma,,auto,
kaśágháta,1,kashaaghaata,,auto,
kaśava,1,kashava,,auto,
kashágháta,1,kashaaghaata,,auto,
Káshiite,1,Kaashiite,,auto,
Káshyapas,1,Kaashyapas,,auto,
Kásimbájár,1,Kaasimbaajaar,,auto,
kátá,1,kaataa,,auto,
kat́ál,1,kataal,,auto,
kát́che,1,kaatche,,auto,
Kathá',1,Kathaa',,auto,
kat́hal,1,kathal,,auto,
kathániká,1,kathaanikaa,,auto,
kathányása,1,kathaanyaasa,,auto,
Kathár,1,Kathaar,,auto,
kat́hor,1,kathor,,auto,
Kat́kat́e,1,Katkate,,auto,
Katraiṋjan,1,Katraiṋjan,,auto,
kattiká,1,kattikaa,,auto,
kat́ubiijam,1,katubiijam,,auto,
Katyáyánii,1,Katyaayaanii,,auto,
kául,1,kaaul,,auto,
Kavaśńa,1,Kavashńa,,auto,
Kavirá,1,Kaviraa,,auto,
kavitá,1,kavitaa,,auto,
kávyatiirtha,1,kaavyatiirtha,,auto,
Káyam,1,Kaayam,,auto,
káyaḿ,1,kaayam,,auto,
KELEKOṊŔÁ,1,KELEKomŔaa,,auto,
Kenakárańena,1,Kenakaarańena,,auto,
keńakáráńena,1,keńakaaraańena,,auto,
Keoŕátalá,1,Keoŕaatalaa,,auto,
KESENDÁ,1,KESENDaa,,auto,
keshriyá,1,keshriyaa,,auto,
Khá,1,Khaa,,auto,
kháai,1,khaaai,,auto,
kháati,1,khaaati,,auto,
kháben,1,khaaben,,auto,
Khadganátha,1,Khadganaatha,,auto,
khadirá,1,khadiraa,,auto,
Khádya,1,Khaadya,,auto,
Khágŕábáŕi,1,Khaagŕaabaaŕi,,auto,
Kháike,1,Khaaike,,auto,
kháiyá,1,khaaiyaa,,auto,
khámu,1,khaamu,,auto,
Khamúrttimán,1,Khamoorttimaan,,auto,
khańdávatára,1,khańdaavataara,,auto,
Khańd́avatára,1,Khańdavataara,,auto,
Khándeshii,1,Khaandeshii,,auto,
khánŕ,1,khaanŕ,,auto,
Kháŕá,1,Khaaŕaa,,auto,
Khaŕdá,1,Khaŕdaa,,auto,
Kháre,1,Khaare,,auto,
Khaŕi,1,Khaŕi,,auto,
Khaŕiyá,1,Khaŕiyaa,,auto,
khaŕyantra,1,khaŕyantra,,auto,
Kháshiyas,1,Khaashiyas,,auto,
khat́-khat́,1,khat-khat,,auto,
khat́-khat́-khat́-khat́-khat́-khat́,1,khat-khat-khat-khat-khat-khat,,auto,
kháti,1,khaati,,auto,
khátiir,1,khaatiir,,auto,
khayrá,1,khayraa,,auto,
khedáno,1,khedaano,,auto,
kheládhúloya,1,khelaadhooloya,,auto,
Kheŕiyá-Kháḿgár,1,Kheŕiyaa-Khaamgaar,,auto,
khit́á,1,khitaa,,auto,
khit́kel,1,khitkel,,auto,
Khokákamalá,1,Khokaakamalaa,,auto,
Kholá,1,Kholaa,,auto,
Khot́t́á,1,Khottaa,,auto,
khovánii,1,khovaanii,,auto,
khudáparastii,1,khudaaparastii,,auto,
Khyát́an's,1,Khyaatan's,,auto,
kid́hár,1,kidhaar,,auto,
kimásiidagaha,1,kimaasiidagaha,,auto,
Kiśáńgaiṋj,1,Kishaańgaiṋj,,auto,
Kiśańganj,1,Kishańganj,,auto,
kitáb,1,kitaab,,auto,
klás,1,klaas,,auto,
kláser,1,klaaser,,auto,
Klesántika,1,Klesaantika,,auto,
Kliśt́akliśt́á,1,Klishtaklishtaa,,auto,
Kliśt́áKliśt́á,1,KlishtaaKlishtaa,,auto,
Koḿkanii,1,Komkanii,,auto,
koptá,1,koptaa,,auto,
Koráńasharif,1,Koraańasharif,,auto,
kot́hi,1,kothi,,auto,
KRÁNTI,1,KRaaNTI,,auto,
krdhátu,1,krdhaatu,,auto,
krkalása,1,krkalaasa,,auto,
Krśak,1,Krshak,,auto,
Krśd́adás,1,Krshdadaas,,auto,
krśibala,1,krshibala,,auto,
krśipańd́ita,1,krshipańdita,,auto,
Krśnánagare,1,Krshnaanagare,,auto,
Krśńanagarete,1,Krshńanagarete,,auto,
Krśńas-ya,1,Krshńas-ya,,auto,
krśńasár,1,krshńasaar,,auto,
Krśńasvarúpa,1,Krshńasvaroopa,,auto,
Krśńavijaya,1,Krshńavijaya,,auto,
krśnendus,1,krshnendus,,auto,
krtiká,1,krtikaa,,auto,
krttiká,1,krttikaa,,auto,
kryá,1,kryaa,,auto,
Kśará,1,kshaaraa,,auto,
kśaram,1,kshaaram,,auto,
KśatriyA,1,kshaatriyA,,auto,
Kśáya,1,kshaaaya,,auto,
Ksáyamás,1,Ksaayamaas,,auto,
kśiirasamudra,1,kshaiirasamudra,,auto,
kśiiya,1,kshaiiya,,auto,
Kśirakśirika,1,kshairakshairika,,auto,
kśullatáta,1,kshaullataata,,auto,
kśuradhárávat,1,kshauradhaaraavat,,auto,
kśuri,1,kshauri,,auto,
kúa,1,kooa,,auto,
kucchá,1,kucchaa,,auto,
kuiṋjarah,1,kuiṋjarah,,auto,
Kuiṋjavana,1,Kuiṋjavana,,auto,
kuiṋjii,1,kuiṋjii,,auto,
KUKSIIMÁ,1,KUKSIIMaa,,auto,
kuksiimá-leaf,1,kuksiimaa-leaf,,auto,
kuksimá,1,kuksimaa,,auto,
kúl,1,kool,,auto,
kúl-kin,1,kool-kin,,auto,
Kulakúńdalinii,1,Kulakoońdalinii,,auto,
kuláttha,1,kulaattha,,auto,
KULÁTTHA,1,KULaaTTHA,,auto,
kulupkát́hi,1,kulupkaathi,,auto,
Kumárajiiva,1,Kumaarajiiva,,auto,
Kumárii,1,Kumaarii,,auto,
Kumárt́ulii,1,Kumaartulii,,auto,
KUMŔÁ,1,KUMŔaa,,auto,
kuńd́alini,1,kuńdalini,,auto,
Kuńdálinii,1,Kuńdaalinii,,auto,
kuńthá,1,kuńthaa,,auto,
Kuńt́há,1,Kuńthaa,,auto,
Kúrmanád́ii,1,Koormanaadii,,auto,
Kuŕmun,1,Kuŕmun,,auto,
kuryám,1,kuryaam,,auto,
Kuryát,1,Kuryaat,,auto,
kusaḿskára,1,kusamskaara,,auto,
kushaerá,1,kushaeraa,,auto,
kusheruká,1,kusherukaa,,auto,
kushiár,1,kushiaar,,auto,
kushiyáŕa,1,kushiyaaŕa,,auto,
Kushmet́e,1,Kushmete,,auto,
KUŚMÁŃD́A,1,KUŚMaaŃDA,,auto,
Kust́hia,1,Kusthia,,auto,
Kusumsambhavá,1,Kusumsambhavaa,,auto,
Kut́hi,1,Kuthi,,auto,
kut́il,1,kutil,,auto,
kuvacakáh,1,kuvachakaah,,auto,
kyával,1,kyaaval,,auto,
lá-wárish,1,laa-waarish,,auto,
lábhd́,1,laabhd,,auto,
lad́akpan,1,ladakpan,,auto,
lád́d́us,1,laaddus,,auto,
laghushaḿká,1,laghushamkaa,,auto,
lágii,1,laagii,,auto,
lágiyá,1,laagiyaa,,auto,
láguchi,1,laaguchi,,auto,
Láhándei,1,Laahaandei,,auto,
Láheriyásarái,1,Laaheriyaasaraai,,auto,
láike,1,laaike,,auto,
lakśádhik,1,lakshaaadhik,,auto,
lakśamańa,1,lakshaamańa,,auto,
lakśana,1,lakshaana,,auto,
Lakśmiichaŕá,1,Lakshamiichaŕaa,,auto,
lalátalikhana,1,lalaatalikhana,,auto,
lálce,1,laalche,,auto,
lálii,1,laalii,,auto,
Lalitáditya,1,Lalitaaditya,,auto,
laŕiká,1,laŕikaa,,auto,
Laŕká,1,Laŕkaa,,auto,
laŕke,1,laŕke,,auto,
lárnd,1,laarnd,,auto,
lárned,1,laarned,,auto,
lat-ám,1,lat-aam,,auto,
latám,1,lataam,,auto,
latáyen,1,lataayen,,auto,
lát́hálát́hi,1,laathaalaathi,,auto,
láti,1,laati,,auto,
lat́ke,1,latke,,auto,
LÁU,1,LaaU,,auto,
LAVAUṊGA,1,LAVAUṊGA,,auto,
left́enyáńt́,1,leftenyaańt,,auto,
leḿŕa,1,lemŕa,,auto,
leruyá,1,leruyaa,,auto,
leshád,1,leshaad,,auto,
Liilábháva,1,Liilaabhaava,,auto,
Limpá,1,Limpaa,,auto,
LODHÁ,1,LODHaa,,auto,
Lokavyamohakáraka,1,Lokavyamohakaaraka,,auto,
Lokavyamohakárakah,1,Lokavyamohakaarakah,,auto,
Lot́á,1,Lotaa,,auto,
lrt́,1,lrt,,auto,
Luuṋgi,1,Luuṋgi,,auto,
Lyut́a,1,Lyuta,,auto,
má-táŕáno,1,maa-taaŕaano,,auto,
Mácántalá,1,Maachaantalaa,,auto,
Madálasa's,1,Madaalasa's,,auto,
Madálasollápamuv,1,Madaalasollaapamuv,,auto,
mádáṋ,1,maadaaṋ,,auto,
madbhaktáh,1,madbhaktaah,,auto,
Madhumálaiṋca,1,Madhumaalaiṋcha,,auto,
Madhumitá,1,Madhumitaa,,auto,
madhusára,1,madhusaara,,auto,
madhuvátá,1,madhuvaataa,,auto,
Madhvabháve,1,Madhvabhaave,,auto,
Madhyakapála,1,Madhyakapaala,,auto,
Madinápura,1,Madinaapura,,auto,
mádur,1,maadur,,auto,
mágadhii,1,maagadhii,,auto,
máhábhuta,1,maahaabhuta,,auto,
mahájan,1,mahaajan,,auto,
Mahájan,1,Mahaajan,,auto,
mahájaniiya,1,mahaajaniiya,,auto,
Mahákapála,1,Mahaakapaala,,auto,
Mahákavi,1,Mahaakavi,,auto,
mahámahopádhyáya,1,mahaamahopaadhyaaya,,auto,
Mahámaodagallan,1,Mahaamaodagallan,,auto,
MAHÁMÁYÁ,1,MAHaaMaaYaa,,auto,
Máhámáyámic,1,Maahaamaayaamic,,auto,
mahámopádhyaya,1,mahaamopaadhyaya,,auto,
mahánirvańa,1,mahaanirvańa,,auto,
maháparinirváńa,1,mahaaparinirvaańa,,auto,
mahapátaki,1,mahapaataki,,auto,
Mahápátakii,1,Mahaapaatakii,,auto,
MAHÁPÁTAKII,1,MAHaaPaaTAKII,,auto,
Mahápát́alii,1,Mahaapaatalii,,auto,
Mahápráńa,1,Mahaapraańa,,auto,
Maháprayáńa,1,Mahaaprayaańa,,auto,
mahápurush,1,mahaapurush,,auto,
mahápuśpa,1,mahaapushpa,,auto,
Mahárliińá,1,Mahaarliińaa,,auto,
Mahárliká,1,Mahaarlikaa,,auto,
Maharśis,1,Maharshis,,auto,
Mahásaḿghik,1,Mahaasamghik,,auto,
Mahásaḿghikas,1,Mahaasamghikas,,auto,
Maháshúnya,1,Mahaashoonya,,auto,
MAHÁSHÚNYA,1,MAHaaSHooNYA,,auto,
mahattvá,1,mahattvaa,,auto,
Mahavidyálaya,1,Mahavidyaalaya,,auto,
Maháviira's,1,Mahaaviira's,,auto,
maháviśuvákśa,1,mahaavishuvaakshaa,,auto,
mahávyáhuti,1,mahaavyaahuti,,auto,
Maháyánism,1,Mahaayaanism,,auto,
Maháyogi,1,Mahaayogi,,auto,
mahiidharaḿ,1,mahiidharam,,auto,
mahimá-siddhi,1,mahimaa-siddhi,,auto,
mahuyá,1,mahuyaa,,auto,
MAHUYÁ,1,MAHUYaa,,auto,
mait́,1,mait,,auto,
Májdiyá,1,Maajdiyaa,,auto,
májherhát́,1,maajherhaat,,auto,
mákaŕsá,1,maakaŕsaa,,auto,
mákhá,1,maakhaa,,auto,
Málákáravás,1,Maalaakaaravaas,,auto,
Málakha,1,Maalakha,,auto,
málkoca,1,maalkocha,,auto,
Mallálpur,1,Mallaalpur,,auto,
Málpáháŕii,1,Maalpaahaaŕii,,auto,
malpoá,1,malpoaa,,auto,
málpoá,1,maalpoaa,,auto,
Mám,1,Maam,,auto,
mámábábu,1,maamaabaabu,,auto,
mámananyábhák,1,maamananyaabhaak,,auto,
Mamánbhúm,1,Mamaanbhoom,,auto,
Mamáta,1,Mamaata,,auto,
MÁNA,1,MaaNA,,auto,
Máná,1,Maanaa,,auto,
Mana-Pradhána,1,Mana-Pradhaana,,auto,
mánasatattva,1,maanasatattva,,auto,
mánavamrtavallarii,1,maanavamrtavallarii,,auto,
Mánavas,1,Maanavas,,auto,
Mánavatávád,1,Maanavataavaad,,auto,
Mánavik,1,Maanavik,,auto,
Mánbhum,1,Maanbhum,,auto,
Mańd́al's,1,Mańdal's,,auto,
Mańd́ala,1,Mańdala,,auto,
Mańd́alákáram,1,Mańdalaakaaram,,auto,
mańd́alákáraḿ,1,mańdalaakaaram,,auto,
Mangalacańd́ii,1,Mangalachańdii,,auto,
Mańikganj,1,Mańikganj,,auto,
mańipadhme,1,mańipadhme,,auto,
mantrádhipati,1,mantraadhipati,,auto,
mantramúlaḿ,1,mantramoolam,,auto,
manuś,1,manush,,auto,
Manuś,1,Manush,,auto,
MÁNUŚA,1,MaaNUŚA,,auto,
Manusaḿhita,1,Manusamhita,,auto,
Maodgalyáyan,1,Maodgalyaayan,,auto,
mápa,1,maapa,,auto,
mará,1,maraa,,auto,
Mára,1,Maara,,auto,
márámári,1,maaraamaari,,auto,
Marańamiti,1,Marańamiti,,auto,
Márápháŕii,1,Maaraaphaaŕii,,auto,
Máraváŕii,1,Maaravaaŕii,,auto,
máraya,1,maaraya,,auto,
Máraya,1,Maaraya,,auto,
márgaḿ,1,maargam,,auto,
Márgashiirśa,1,Maargashiirsha,,auto,
Maŕiici,1,Maŕiichi,,auto,
máritaḿ,1,maaritam,,auto,
marttamán,1,marttamaan,,auto,
Maryáda,1,Maryaada,,auto,
maryádá,1,maryaadaa,,auto,
máś,1,maash,,auto,
mashán,1,mashaan,,auto,
Mashánjoŕ,1,Mashaanjoŕ,,auto,
mási-má,1,maasi-maa,,auto,
másimá,1,maasimaa,,auto,
MASINÁ,1,MASINaa,,auto,
Máskalái,1,Maaskalaai,,auto,
MÁSKALÁI,1,MaaSKALaaI,,auto,
másma,1,maasma,,auto,
MASÚR,1,MASooR,,auto,
mát,1,maat,,auto,
Mátádiin,1,Maataadiin,,auto,
mat́arshunt́i,1,matarshunti,,auto,
Mataváda,1,Matavaada,,auto,
Máthábhauṋgá,1,Maathaabhauṋgaa,,auto,
Máthábháuṋgá,1,Maathaabhaauṋgaa,,auto,
Máthur,1,Maathur,,auto,
mat́i,1,mati,,auto,
mát́ii,1,maatii,,auto,
Matimána,1,Matimaana,,auto,
mátrrúpá,1,maatrroopaa,,auto,
matsyásana,1,matsyaasana,,auto,
Mayámetaḿ,1,Mayaametam,,auto,
máyámetám,1,maayaametaam,,auto,
Mayárakśii,1,Mayaarakshaii,,auto,
mayat́,1,mayat,,auto,
MÁYÁVÁDA,1,MaaYaaVaaDA,,auto,
máye,1,maaye,,auto,
Mayurákśii,1,Mayuraakshaii,,auto,
medám,1,medaam,,auto,
meghamallár,1,meghamallaar,,auto,
meghánanda,1,meghaananda,,auto,
Meghásthinis,1,Meghaasthinis,,auto,
Melánpur,1,Melaanpur,,auto,
Menaká,1,Menakaa,,auto,
MEOYÁ,1,MEOYaa,,auto,
Meśras,1,Meshras,,auto,
Migadába,1,Migadaaba,,auto,
Miiná,1,Miinaa,,auto,
Miiná's,1,Miinaa's,,auto,
milegá,1,milegaa,,auto,
Mirkássim,1,Mirkaassim,,auto,
mishkálo,1,mishkaalo,,auto,
MIŚT́I,1,MIŚTI,,auto,
MITHYÁ,1,MITHYaa,,auto,
Mogalbágán,1,Mogalbaagaan,,auto,
Moghulpurá,1,Moghulpuraa,,auto,
Mohánáma,1,Mohaanaama,,auto,
Mohanbágán,1,Mohanbaagaan,,auto,
mohanidrám,1,mohanidraam,,auto,
mohará,1,moharaa,,auto,
mokaddamá,1,mokaddamaa,,auto,
Mokáma,1,Mokaama,,auto,
Mokśakárańasamagryaḿ,1,Mokshaakaarańasamagryam,,auto,
Mokśamápnuyát,1,Mokshaamaapnuyaat,,auto,
morabbá,1,morabbaa,,auto,
Moráḿ,1,Moraam,,auto,
Mrcchiládhátudárv,1,Mrcchilaadhaatudaarv,,auto,
mrgashirá,1,mrgashiraa,,auto,
mrgayá,1,mrgayaa,,auto,
Mrtyuŕdhávati,1,Mrtyuŕdhaavati,,auto,
muhalláme,1,muhallaame,,auto,
mujáhid,1,mujaahid,,auto,
mujáhids,1,mujaahids,,auto,
mukadmá,1,mukadmaa,,auto,
mukhágnikriyá,1,mukhaagnikriyaa,,auto,
Mukhopádhyaya,1,Mukhopaadhyaya,,auto,
mukhośa,1,mukhosha,,auto,
Muktágáchá,1,Muktaagaachaa,,auto,
mukti-snán,1,mukti-snaan,,auto,
Múlya,1,Moolya,,auto,
Mumbábai,1,Mumbaabai,,auto,
mumbái,1,mumbaai,,auto,
muḿg,1,mumg,,auto,
Muńd́a,1,Muńda,,auto,
munirdugdhabálakah,1,munirdugdhabaalakah,,auto,
munirdughdabálakah,1,munirdughdabaalakah,,auto,
Munsiigaiṋja,1,Munsiigaiṋja,,auto,
múrkhopadeshena,1,moorkhopadeshena,,auto,
Múrshidá,1,Moorshidaa,,auto,
múrtipujá,1,moortipujaa,,auto,
MUTHÁ,1,MUTHaa,,auto,
mútratyága,1,mootratyaaga,,auto,
myáshánjor,1,myaashaanjor,,auto,
ná-ná,1,naa-naa,,auto,
nábá,1,naabaa,,auto,
Nábálak,1,Naabaalak,,auto,
nábhi,1,naabhi,,auto,
NÁDA,1,NaaDA,,auto,
Nádanghát́,1,Naadanghaat,,auto,
NÁD́II,1,NaaDII,,auto,
nadii-t́adi,1,nadii-tadi,,auto,
nad́iis,1,nadiis,,auto,
Nadiiyá,1,Nadiiyaa,,auto,
naehát́i,1,naehaati,,auto,
NÁGA,1,NaaGA,,auto,
Nágaballarii,1,Naagaballarii,,auto,
nágarbel,1,naagarbel,,auto,
nágarbilli,1,naagarbilli,,auto,
nágdona,1,naagdona,,auto,
NÁGDONÁ,1,NaaGDONaa,,auto,
NÁGESHVARA,1,NaaGESHVARA,,auto,
nágvallarii,1,naagvallarii,,auto,
Náhi,1,Naahi,,auto,
Nai-sarái,1,Nai-saraai,,auto,
najarulislám,1,najarulislaam,,auto,
nákashcana,1,naakashchana,,auto,
nakśatra,1,nakshaatra,,auto,
Nákshálbáŕii,1,Naakshaaalbaaŕii,,auto,
naktraḿ,1,naktram,,auto,
nálá,1,naalaa,,auto,
nalahát́i,1,nalahaati,,auto,
nalahat́t́ika,1,nalahattika,,auto,
Nálanda,1,Naalanda,,auto,
Nalhát́i,1,Nalhaati,,auto,
NÁLITÁ,1,NaaLITaa,,auto,
Nálitábáŕi,1,Naalitaabaaŕi,,auto,
nalkhágŕá,1,nalkhaagŕaa,,auto,
NÁLTE,1,NaaLTE,,auto,
Namashúdra,1,Namashoodra,,auto,
NAMASKÁR,1,NAMASKaaR,,auto,
namedVáńaviddha,1,namedVaańaviddha,,auto,
námii,1,naamii,,auto,
namranetrapáte,1,namranetrapaate,,auto,
námrtasyáḿ,1,naamrtasyaam,,auto,
nandá,1,nandaa,,auto,
Nandanaghát́,1,Nandanaghaat,,auto,
naová,1,naovaa,,auto,
nápit,1,naapit,,auto,
nápita,1,naapita,,auto,
Naptá,1,Naptaa,,auto,
nápte,1,naapte,,auto,
nár,1,naar,,auto,
Nára-da,1,Naara-da,,auto,
Naraliilá,1,Naraliilaa,,auto,
náráungi,1,naaraaungi,,auto,
naráya,1,naraaya,,auto,
Naráyana,1,Naraayana,,auto,
Náráyańgaiṋja,1,Naaraayańgaiṋja,,auto,
Náráyanii,1,Naaraayanii,,auto,
Naráyánii-Gańd́aka,1,Naraayaanii-Gańdaka,,auto,
náreńa,1,naareńa,,auto,
Naŕiyá,1,Naŕiyaa,,auto,
Nárkold́áuṋgá,1,Naarkoldaauṋgaa,,auto,
Náŕus,1,Naaŕus,,auto,
násh,1,naash,,auto,
Násirábád,1,Naasiraabaad,,auto,
nástánábud,1,naastaanaabud,,auto,
Nat́e,1,Nate,,auto,
NAT́E,1,NATE,,auto,
Náth,1,Naath,,auto,
NÁTHA,1,NaaTHA,,auto,
náti,1,naati,,auto,
Nát́or,1,Naator,,auto,
Nauṋgala,1,Nauṋgala,,auto,
navahat́t́ika,1,navahattika,,auto,
navká,1,navkaa,,auto,
Navyamánavatáváde,1,Navyamaanavataavaade,,auto,
Nayá-related,1,Nayaa-related,,auto,
náyaka,1,naayaka,,auto,
náyakas,1,naayakas,,auto,
náyás,1,naayaas,,auto,
Nayávasán,1,Nayaavasaan,,auto,
nayká,1,naykaa,,auto,
Náyyár,1,Naayyaar,,auto,
neŕá,1,neŕaa,,auto,
ni-khágii,1,ni-khaagii,,auto,
Nidrátyága,1,Nidraatyaaga,,auto,
niihára,1,niihaara,,auto,
niiháraka,1,niihaaraka,,auto,
NIITIVÁDA,1,NIITIVaaDA,,auto,
Nikáriir,1,Nikaariir,,auto,
Nikat́a,1,Nikata,,auto,
nillá,1,nillaa,,auto,
nimbá,1,nimbaa,,auto,
Nimtalá,1,Nimtalaa,,auto,
nipuńa,1,nipuńa,,auto,
nirábhása,1,niraabhaasa,,auto,
Nirábhásam,1,Niraabhaasam,,auto,
Niraiṋjanam,1,Niraiṋjanam,,auto,
Nirákáram,1,Niraakaaram,,auto,
nirálamba,1,niraalamba,,auto,
Nirapekśa,1,Nirapekshaa,,auto,
nirghośa,1,nirghosha,,auto,
Nirguńashca,1,Nirguńashca,,auto,
NIRVÁŃA,1,NIRVaaŃA,,auto,
niśedhas,1,nishedhas,,auto,
nishcayatá,1,nishchayataa,,auto,
Nishcintá,1,Nishchintaa,,auto,
nishcitatá,1,nishchitataa,,auto,
niśkalatva,1,nishkalatva,,auto,
niśt́a,1,nishta,,auto,
nit́hur,1,nithur,,auto,
Nityabháva,1,Nityabhaava,,auto,
nityamádyantashúnyam,1,nityamaadyantashoonyam,,auto,
nityasamása,1,nityasamaasa,,auto,
Nityopalabdhisvarúp,1,Nityopalabdhisvaroop,,auto,
nivárańa,1,nivaarańa,,auto,
nivása,1,nivaasa,,auto,
nivedayámi,1,nivedayaami,,auto,
Nivedayámicátmanam,1,Nivedayaamichaatmanam,,auto,
niyantrakáh,1,niyantrakaah,,auto,
non-Tántrikas,1,non-Taantrikas,,auto,
not-drśt́a,1,not-drshta,,auto,
nrpáládbhay,1,nrpaalaadbhay,,auto,
nrsiḿha,1,nrsimha,,auto,
NUNESHÁK,1,NUNESHaaK,,auto,
núneshák,1,nooneshaak,,auto,
Núr,1,Noor,,auto,
Núrsarái,1,Noorsaraai,,auto,
nut́i,1,nuti,,auto,
nuyá,1,nuyaa,,auto,
Nyákŕá,1,Nyaakŕaa,,auto,
Nyátá,1,Nyaataa,,auto,
nyáyikas,1,nyaayikas,,auto,
Occidento-Demi-Mágadhii,1,Occhidento-Demi-Maagadhii,,auto,
okálati,1,okaalati,,auto,
Olácandi,1,Olaachandi,,auto,
onár,1,onaar,,auto,
OṊḾ,1,omḾ,,auto,
Orán's,1,Oraan's,,auto,
Oráon,1,Oraaon,,auto,
Ośadhi,1,Oshadhi,,auto,
Ośt́ha,1,Oshtha,,auto,
Ounkár,1,Ounkaar,,auto,
Ounkárabhat́t́a,1,Ounkaarabhatta,,auto,
paampośp,1,paamposhp,,auto,
pác,1,paac,,auto,
Pacái,1,Pachaai,,auto,
pád́ali,1,paadali,,auto,
pádamekaḿ,1,paadamekam,,auto,
padampośp,1,padamposhp,,auto,
pádape,1,paadape,,auto,
padávalii,1,padaavalii,,auto,
padmapuśpa,1,padmapushpa,,auto,
Pádo,1,Paado,,auto,
páegá,1,paaegaa,,auto,
paeshác,1,paeshaac,,auto,
páháŕa,1,paahaaŕa,,auto,
páhárádár,1,paahaaraadaar,,auto,
Páhaŕi,1,Paahaŕi,,auto,
Páháŕiyá,1,Paahaaŕiyaa,,auto,
páiin,1,paaiin,,auto,
paiṋ,1,paiṋ,,auto,
Páinc-Parganiya,1,Paainc-Parganiya,,auto,
PAIṊCA,1,PAIṊCA,,auto,
páiṋca,1,paaiṋcha,,auto,
PAIṊCABHÚTAS,1,PAIṊCABHooTAS,,auto,
Paiṋcabuddha-shakti,1,Paiṋchabuddha-shakti,,auto,
Paiṋcadrávid́ii,1,Paiṋchadraavidii,,auto,
Paiṋcagaod́ii,1,Paiṋchagaodii,,auto,
Paiṋcagrámii,1,Paiṋchagraamii,,auto,
paiṋcakośaḿ,1,paiṋchakosham,,auto,
Paiṋcama,1,Paiṋchama,,auto,
Paiṋcanada,1,Paiṋchanada,,auto,
Paiṋcánantalá,1,Paiṋchaanantalaa,,auto,
paiṋcaphut́áni,1,paiṋchaphutaani,,auto,
paiṋcasphot́ana,1,paiṋchasphotana,,auto,
páiṋjá,1,paaiṋjaa,,auto,
páirabo,1,paairabo,,auto,
Pákuŕ,1,Paakuŕ,,auto,
pálak,1,paalak,,auto,
pálakii,1,paalakii,,auto,
Pálaḿ,1,Paalam,,auto,
Pálámu-e,1,Paalaamu-e,,auto,
Pálámute,1,Paalaamute,,auto,
PALÁSH,1,PALaaSH,,auto,
Paláu,1,Palaau,,auto,
palitá,1,palitaa,,auto,
Palliigrám,1,Palliigraam,,auto,
Palliigráma,1,Palliigraama,,auto,
PALTÁ,1,PALTaa,,auto,
pampoś,1,pamposh,,auto,
PÁN,1,PaaN,,auto,
Páncálii,1,Paanchaalii,,auto,
páncphoŕan,1,paancphoŕan,,auto,
Páńd́avavarjita,1,Paańdavavarjita,,auto,
Pańd́it,1,Pańdit,,auto,
pániisá,1,paaniisaa,,auto,
pánjá,1,paanjaa,,auto,
pánká,1,paankaa,,auto,
Pánŕe,1,Paanŕe,,auto,
pánŕi,1,paanŕi,,auto,
pánse,1,paanse,,auto,
páonádár,1,paaonaadaar,,auto,
PAORÁŃIK,1,PAORaaŃIK,,auto,
Pápá,1,Paapaa,,auto,
pápad,1,paapad,,auto,
pápah,1,paapah,,auto,
Pápakśayaḿ,1,Paapakshaayam,,auto,
pápánityarthe,1,paapaanityarthe,,auto,
pápánna,1,paapaanna,,auto,
pápavinirmukta,1,paapavinirmukta,,auto,
Páper,1,Paaper,,auto,
pápire,1,paapire,,auto,
pápires,1,paapires,,auto,
PARÁ,1,PARaa,,auto,
paŕá,1,paŕaa,,auto,
Páŕá,1,Paaŕaa,,auto,
páráa,1,paaraaa,,auto,
PARÁBHAKTI,1,PARaaBHAKTI,,auto,
Páŕágán,1,Paaŕaagaan,,auto,
parahastagataḿ,1,parahastagatam,,auto,
páraichiye,1,paaraichiye,,auto,
páralaokik,1,paaralaokik,,auto,
páŕali,1,paaŕali,,auto,
Paramahaḿsa,1,Paramahamsa,,auto,
Paramánanda,1,Paramaananda,,auto,
parámáńika,1,paraamaańika,,auto,
parámarsha,1,paraamarsha,,auto,
PARAMÁRTHA,1,PARAMaaRTHA,,auto,
Paramasvarúpa,1,Paramasvaroopa,,auto,
Paramat́man,1,Paramatman,,auto,
Paránandá,1,Paraanandaa,,auto,
parańe,1,parańe,,auto,
parápara,1,paraapara,,auto,
Parápara,1,Paraapara,,auto,
PARÁSHAKTI,1,PARaaSHAKTI,,auto,
Parásharasmrti,1,Paraasharasmrti,,auto,
parashu-mrga-barábhiitihast,1,parashu-mrga-baraabhiitihast,,auto,
parashu-mrga-barábhiitihastam,1,parashu-mrga-baraabhiitihastam,,auto,
PARATHÁ,1,PARATHaa,,auto,
páratrika,1,paaratrika,,auto,
Parávare,1,Paraavare,,auto,
párávata,1,paaraavata,,auto,
Párávata,1,Paaraavata,,auto,
Párávate,1,Paaraavate,,auto,
páŕáy,1,paaŕaay,,auto,
párba,1,paarba,,auto,
párbek,1,paarbek,,auto,
párbuni,1,paarbuni,,auto,
Pareshánanda,1,Pareshaananda,,auto,
pargat́ati,1,pargatati,,auto,
párima,1,paarima,,auto,
PARINIRVÁŃA,1,PARINIRVaaŃA,,auto,
Parkat́iipur,1,Parkatiipur,,auto,
Parmátmá's,1,Parmaatmaa's,,auto,
parńashálá,1,parńashaalaa,,auto,
PAROKŚA,1,PAROkshaA,,auto,
parot́á,1,parotaa,,auto,
pársán,1,paarsaan,,auto,
Párthakya,1,Paarthakya,,auto,
Párthasarathi,1,Paarthasarathi,,auto,
párul,1,paarul,,auto,
Parvatamálá,1,Parvatamaalaa,,auto,
páschattya,1,paaschattya,,auto,
paschimottánásana,1,paschimottaanaasana,,auto,
PÁSHA,1,PaaSHA,,auto,
pásháḿkusha-sharacápa,1,paashaamkusha-sharachaapa,,auto,
páshamukta,1,paashamukta,,auto,
páshasamuktah,1,paashasamuktah,,auto,
Pashatyacakśuh,1,Pashatyachakshauh,,auto,
pashcádutthitah,1,pashchaadutthitah,,auto,
Pashchimá,1,Pashchimaa,,auto,
páshmukta,1,paashmukta,,auto,
páshu,1,paashu,,auto,
Páshupata,1,Paashupata,,auto,
pasiindá,1,pasiindaa,,auto,
PÁT́,1,PaaT,,auto,
Pataiṋjali's,1,Pataiṋjali's,,auto,
pat́al,1,patal,,auto,
pát́ali,1,paatali,,auto,
pát́aliputra,1,paataliputra,,auto,
pát́aráńii,1,paataraańii,,auto,
pat́há,1,pathaa,,auto,
pat́hana,1,pathana,,auto,
pát́hana,1,paathana,,auto,
páthár,1,paathaar,,auto,
PÁTHARKUCI,1,PaaTHARKUCI,,auto,
páti,1,paati,,auto,
pát́isápt́ás,1,paatisaaptaas,,auto,
Patná,1,Patnaa,,auto,
Pat́ńá,1,Patńaa,,auto,
Pat́ná-e,1,Patnaa-e,,auto,
Pat́náy,1,Patnaay,,auto,
PAT́OL,1,PATOL,,auto,
pátramúrvii,1,paatramoorvii,,auto,
pat́t́anáyaka,1,pattanaayaka,,auto,
pat́t́aráńii,1,pattaraańii,,auto,
Pat́uyá,1,Patuyaa,,auto,
Pat́uyápáŕá,1,Patuyaapaaŕaa,,auto,
páyá,1,paayaa,,auto,
páyra,1,paayra,,auto,
páyrá,1,paayraa,,auto,
páyŕa,1,paayŕa,,auto,
páyruyá,1,paayruyaa,,auto,
peiṋcá,1,peiṋchaa,,auto,
PEṊPE,1,PEṊPE,,auto,
pep-ár,1,pep-aar,,auto,
pepár,1,pepaar,,auto,
pesh-áb,1,pesh-aab,,auto,
pesháb,1,peshaab,,auto,
peshkár,1,peshkaar,,auto,
pestá,1,pestaa,,auto,
Pestá,1,Pestaa,,auto,
PEYÁRÁ,1,PEYaaRaa,,auto,
Pháguya,1,Phaaguya,,auto,
phajalur-rahamán,1,phajalur-rahamaan,,auto,
Phájul,1,Phaajul,,auto,
Phálgun,1,Phaalgun,,auto,
Phaliśyatitii,1,Phalishyatitii,,auto,
phalsaphá,1,phalsaphaa,,auto,
phánda,1,phaanda,,auto,
phánká,1,phaankaa,,auto,
phaojdár,1,phaojdaar,,auto,
phár,1,phaar,,auto,
phaŕa,1,phaŕa,,auto,
pháras,1,phaaras,,auto,
pharsá,1,pharsaa,,auto,
phoŕan,1,phoŕan,,auto,
phot́á,1,photaa,,auto,
phut́eche,1,phuteche,,auto,
piitavarńá,1,piitavarńaa,,auto,
pinŕe,1,pinŕe,,auto,
pinŕi,1,pinŕi,,auto,
pishi-má,1,pishi-maa,,auto,
pishimá,1,pishimaa,,auto,
pistá,1,pistaa,,auto,
pit́her,1,pither,,auto,
piyárá,1,piyaaraa,,auto,
piyáro,1,piyaaro,,auto,
piyásál,1,piyaasaal,,auto,
Poŕahát,1,Poŕahaat,,auto,
Poŕámátalá,1,Poŕaamaatalaa,,auto,
pośp,1,poshp,,auto,
Postá,1,Postaa,,auto,
potakyupadiiká,1,potakyupadiikaa,,auto,
potaḿ,1,potam,,auto,
prabalapátakiikula,1,prabalapaatakiikula,,auto,
prábalye,1,praabalye,,auto,
prabhá,1,prabhaa,,auto,
PRABHÁT,1,PRABHaaT,,auto,
pracáre,1,prachaare,,auto,
Práciina,1,Praachiina,,auto,
práciiráviita,1,praachiiraaviita,,auto,
prácodayát,1,praachodayaat,,auto,
Prádurbháva,1,Praadurbhaava,,auto,
Prajiṋa-dhiipaka,1,Prajnyaa-dhiipaka,,auto,
Prakrśt́a,1,Prakrshta,,auto,
PRÁKRTA,1,PRaaKRTA,,auto,
Prákrta-descendant,1,Praakrta-deschendant,,auto,
Prákrta-speaking,1,Praakrta-speaking,,auto,
Prákrti,1,Praakrti,,auto,
prakśayet,1,prakshaayet,,auto,
pralayá,1,pralayaa,,auto,
Pramańa,1,Pramańa,,auto,
prań,1,prań,,auto,
PRAŃÁMA,1,PRAŃaaMA,,auto,
práńarasa,1,praańarasa,,auto,
PRAŃÁSHA,1,PRAŃaaSHA,,auto,
PRAŃAVA,1,PRAŃAVA,,auto,
Pránidhána,1,Praanidhaana,,auto,
práńii,1,praańii,,auto,
prapaiṋcadeha,1,prapaiṋchadeha,,auto,
práptavákya,1,praaptavaakya,,auto,
PRÁRAMBHIKA,1,PRaaRAMBHIKA,,auto,
prasád,1,prasaad,,auto,
prasáratá,1,prasaarataa,,auto,
prasravańa,1,prasravańa,,auto,
prátahkáliin,1,praatahkaaliin,,auto,
prátam,1,praatam,,auto,
prátarbhramańa,1,praatarbhramańa,,auto,
prátasya,1,praatasya,,auto,
prátát,1,praataat,,auto,
prátáya,1,praataaya,,auto,
prátena,1,praatena,,auto,
práter,1,praater,,auto,
pratihanyamán,1,pratihanyamaan,,auto,
pratiikśá,1,pratiikshaaa,,auto,
Pratikúlavedaniiyaḿ,1,Pratikoolavedaniiyam,,auto,
Pratisaḿvedanika,1,Pratisamvedanika,,auto,
PRATIŚTHÁ,1,PRATIŚTHaa,,auto,
PRATIŚT́HÁ,1,PRATIŚTHaa,,auto,
Pratyagatmá,1,Pratyagatmaa,,auto,
PRATYAGÁTMÁ,1,PRATYAGaaTMaa,,auto,
pratyagátmánamaekśa-da,1,pratyagaatmaanamaekshaa-da,,auto,
Pratyaiṋjanaḿstiśt́,1,Pratyaiṋjanamstisht,,auto,
Pratyaḿjanáḿstist́ha,1,Pratyamjanaamstistha,,auto,
Pratyauṋjanáḿstiśt́,1,Pratyauṋjanaamstisht,,auto,
pratyuśe,1,pratyushe,,auto,
práutiśt́,1,praautisht,,auto,
praveshilá,1,praveshilaa,,auto,
prayág,1,prayaag,,auto,
Práyashcitta,1,Praayashchitta,,auto,
prayatnatáh,1,prayatnataah,,auto,
Prthviináráyańa,1,Prthviinaaraayańa,,auto,
pudiná,1,pudinaa,,auto,
pujaniiyaḿ,1,pujaniiyam,,auto,
pújańiiyam,1,poojańiiyam,,auto,
puḿgaphalam,1,pumgaphalam,,auto,
PUNARNAVÁ,1,PUNARNAVaa,,auto,
puńyaká,1,puńyakaa,,auto,
Puńyaḿ,1,Puńyam,,auto,
puńyavána,1,puńyavaana,,auto,
puńyavánas,1,puńyavaanas,,auto,
Púravsarái,1,Pooravsaraai,,auto,
púrńagrás,1,poorńagraas,,auto,
púrnendus,1,poornendus,,auto,
PÚRŃIMÁ,1,PooRŃIMaa,,auto,
PURODHÁ,1,PURODHaa,,auto,
Pursuśottama,1,Pursushottama,,auto,
Puruśake,1,Purushake,,auto,
Puruśapur,1,Purushapur,,auto,
Puruśapura,1,Purushapura,,auto,
Puruśasúkta,1,Purushasookta,,auto,
Puruśasúktam,1,Purushasooktam,,auto,
púrvaka,1,poorvaka,,auto,
Púrvasthalii,1,Poorvasthalii,,auto,
púrve,1,poorve,,auto,
puśpala,1,pushpala,,auto,
puśpalatá,1,pushpalataa,,auto,
Pustakántaragatá,1,Pustakaantaragataa,,auto,
Rá-ma,1,Raa-ma,,auto,
ráá,1,raaaa,,auto,
RÁDHÁ,1,RaaDHaa,,auto,
Rádhábinod,1,Raadhaabinod,,auto,
RÁGA,1,RaaGA,,auto,
RÁGIŃII,1,RaaGIŃII,,auto,
Rágińiis,1,Raagińiis,,auto,
ráha,1,raaha,,auto,
ráhá,1,raahaa,,auto,
Ráhá,1,Raahaa,,auto,
rahilá,1,rahilaa,,auto,
Raiṋjana,1,Raiṋjana,,auto,
Ŕajá,1,Ŕajaa,,auto,
rájagarha,1,raajagarha,,auto,
rájaghar,1,raajaghar,,auto,
rájaghara,1,raajaghara,,auto,
rájagira,1,raajagira,,auto,
rájagiri,1,raajagiri,,auto,
rájár,1,raajaar,,auto,
rájárhát́,1,raajaarhaat,,auto,
rájás,1,raajaas,,auto,
rájasabhá,1,raajasabhaa,,auto,
rájasabhár,1,raajasabhaar,,auto,
rájasii,1,raajasii,,auto,
Rájghar,1,Raajghar,,auto,
rájgir,1,raajgir,,auto,
Rájovaḿshii,1,Raajovamshii,,auto,
Rájya,1,Raajya,,auto,
RÁJYA,1,RaaJYA,,auto,
Rákha,1,Raakha,,auto,
Rákhaállá,1,Raakhaaallaa,,auto,
Rákhahari,1,Raakhahari,,auto,
Rakśaśa,1,Rakshaasha,,auto,
Rakśekálii,1,Rakshaekaalii,,auto,
Rám's,1,Raam's,,auto,
ráma,1,raama,,auto,
Rámaeva,1,Raamaeva,,auto,
Ramaprasád,1,Ramaprasaad,,auto,
rámasya,1,raamasya,,auto,
rámáya,1,raamaaya,,auto,
Rámayańa,1,Raamayańa,,auto,
Rámbábur,1,Raambaabur,,auto,
rámdháná,1,raamdhaanaa,,auto,
Rámdhuna,1,Raamdhuna,,auto,
Rámeshvára,1,Raameshvaara,,auto,
Rámeshvarah',1,Raameshvarah',,auto,
Rámgáŕh,1,Raamgaaŕh,,auto,
Rámji,1,Raamji,,auto,
rámke,1,raamke,,auto,
Ramná,1,Ramnaa,,auto,
ráni,1,raani,,auto,
ráńii,1,raańii,,auto,
raodrabháva,1,raodrabhaava,,auto,
Ráŕhá,1,Raaŕhaa,,auto,
Ráŕho,1,Raaŕho,,auto,
Ráŕulii,1,Raaŕulii,,auto,
rás,1,raas,,auto,
rasá,1,rasaa,,auto,
Rása,1,Raasa,,auto,
rasál,1,rasaal,,auto,
raśála,1,rashaala,,auto,
Rásaliilá,1,Raasaliilaa,,auto,
rasamálái,1,rasamaalaai,,auto,
rasána,1,rasaana,,auto,
Rasaságara,1,Rasasaagara,,auto,
rásasamudra,1,raasasamudra,,auto,
rastá,1,rastaa,,auto,
Raśt́rakut's,1,Rashtrakut's,,auto,
Ratneshvá,1,Ratneshvaa,,auto,
ratrimána,1,ratrimaana,,auto,
rátrimáńa,1,raatrimaańa,,auto,
rauṋg,1,rauṋg,,auto,
raungrut́,1,raungrut,,auto,
Rávańaśya,1,Raavańashya,,auto,
Rávańsya,1,Raavańsya,,auto,
Rayá,1,Rayaa,,auto,
Ráya,1,Raaya,,auto,
Ráycaodhurii,1,Raaychaodhurii,,auto,
Reŕi,1,Reŕi,,auto,
REŔI,1,REŔI,,auto,
restorán,1,restoraan,,auto,
reśt́ureńt́,1,reshtureńt,,auto,
Riińá,1,Riińaa,,auto,
riksá,1,riksaa,,auto,
rikśa,1,rikshaa,,auto,
riŕi,1,riŕi,,auto,
rju-márga,1,rju-maarga,,auto,
rjutá,1,rjutaa,,auto,
Rkśa,1,Rkshaa,,auto,
Rńj,1,Rńj,,auto,
rrńj,1,rrńj,,auto,
Rśidevebhyo,1,Rshidevebhyo,,auto,
Rśikuńd́a,1,Rshikuńda,,auto,
Rśyashrnga,1,Rshyashrnga,,auto,
Rtá,1,Rtaa,,auto,
RÚPA,1,RooPA,,auto,
Rúpaháráyańa,1,Roopahaaraayańa,,auto,
RÚPATANMÁTRA,1,RooPATANMaaTRA,,auto,
rúpeńa,1,roopeńa,,auto,
RUT́I,1,RUTI,,auto,
sá-dhaná,1,saa-dhanaa,,auto,
sabáike,1,sabaaike,,auto,
Sábálak,1,Saabaalak,,auto,
Śabdha,1,Śabdha,,auto,
sabhásundara,1,sabhaasundara,,auto,
sábu,1,saabu,,auto,
sáda,1,saada,,auto,
Sadáharih,1,Sadaaharih,,auto,
śad́aungii,1,shadaungii,,auto,
śad́ayantra,1,shadayantra,,auto,
Sadbaoddha-Karańa-Káyastha-T́hakkur,1,Sadbaoddha-Karańa-Kaayastha-Thakkur,,auto,
Sádhaná-i,1,Saadhanaa-i,,auto,
Sádhanáin,1,Saadhanaain,,auto,
Sádhanár,1,Saadhanaar,,auto,
sádhanáuṋga,1,saadhanaauṋga,,auto,
sadhavá,1,sadhavaa,,auto,
sadhúnám,1,sadhoonaam,,auto,
Sadr-i-riyásat,1,Sadr-i-riyaasat,,auto,
ságara-páriyá,1,saagara-paariyaa,,auto,
Ságardviipa,1,Saagardviipa,,auto,
Saguńásthiti,1,Saguńaasthiti,,auto,
sahakára,1,sahakaara,,auto,
Saharśá,1,Saharshaa,,auto,
Sahasrapád,1,Sahasrapaad,,auto,
Sahasrarám,1,Sahasraraam,,auto,
Sahasraráma,1,Sahasraraama,,auto,
Sahasrashirśa,1,Sahasrashirsha,,auto,
Sáhebbándh,1,Saahebbaandh,,auto,
Sáhib,1,Saahib,,auto,
SÁHITYIKA,1,SaaHITYIKA,,auto,
Sahyádri,1,Sahyaadri,,auto,
Saiṋjay,1,Saiṋjay,,auto,
Saiṋjihánastu,1,Saiṋjihaanastu,,auto,
Sákadviip,1,Saakadviip,,auto,
Sákaldviip,1,Saakaldviip,,auto,
sákar,1,saakar,,auto,
Sákśii,1,Saakshaii,,auto,
Sáksiibhútaḿ,1,Saaksiibhootam,,auto,
salána,1,salaana,,auto,
SÁLEM,1,SaaLEM,,auto,
salitá,1,salitaa,,auto,
Sam-pra-dá,1,Sam-pra-daa,,auto,
SAMA-SAMÁJA,1,SAMA-SAMaaJA,,auto,
Samágamam,1,Samaagamam,,auto,
Sámagrika,1,Saamagrika,,auto,
Samájamitram,1,Samaajamitram,,auto,
Sámájik,1,Saamaajik,,auto,
samaḿ,1,samam,,auto,
Sámanta,1,Saamanta,,auto,
Sámantarája,1,Saamantaraaja,,auto,
Sámantarájá's,1,Saamantaraajaa's,,auto,
sámányá,1,saamaanyaa,,auto,
samarthitaḿ,1,samarthitam,,auto,
sámarthya,1,saamarthya,,auto,
Samatat́a,1,Samatata,,auto,
SAMBHÚTI,1,SAMBHooTI,,auto,
Saḿcukopántakále,1,Samchukopaantakaale,,auto,
SAḾGHA,1,SAḾGHA,,auto,
SAḾGIITA,1,SAḾGIITA,,auto,
saḿgr,1,samgr,,auto,
saḿgrah,1,samgrah,,auto,
SAḾGRAHA,1,SAḾGRAHA,,auto,
SAḾKALPA,1,SAḾKALPA,,auto,
saḿkhyá,1,samkhyaa,,auto,
SÁḾKHYA,1,SaaḾKHYA,,auto,
Saḿkránti,1,Samkraanti,,auto,
saḿpádak,1,sampaadak,,auto,
śámrájya,1,shaamraajya,,auto,
saḿskara,1,samskara,,auto,
saḿskará,1,samskaraa,,auto,
Samudrabándh,1,Samudrabaandh,,auto,
saḿvarddhan,1,samvarddhan,,auto,
saḿvarddhaná,1,samvarddhanaa,,auto,
saḿvid,1,samvid,,auto,
Samvidhánaḿ,1,Samvidhaanam,,auto,
sán,1,saan,,auto,
Sán-Kácin,1,Saan-Kaachin,,auto,
Sán-Kácins,1,Saan-Kaachins,,auto,
Sándhivigráhika,1,Saandhivigraahika,,auto,
sandhyábeláy,1,sandhyaabelaay,,auto,
sándic,1,saandic,,auto,
Sáńd́ilya,1,Saańdilya,,auto,
Sáńd́ilyas,1,Saańdilyas,,auto,
sánjh,1,saanjh,,auto,
sáṋkar,1,saaṋkar,,auto,
SANNYÁSA,1,SANNYaaSA,,auto,
SANNYÁSIN,1,SANNYaaSIN,,auto,
sánotta,1,saanotta,,auto,
sánottaráa,1,saanottaraaa,,auto,
Sántará,1,Saantaraa,,auto,
sántarágáchi,1,saantaraagaachi,,auto,
sántaráyá,1,saantaraayaa,,auto,
Santośii,1,Santoshii,,auto,
Saodámińii,1,Saodaamińii,,auto,
Saoráśtrii,1,Saoraashtrii,,auto,
sáphlii,1,saaphlii,,auto,
sapot́á,1,sapotaa,,auto,
Saptad́iuṋga,1,Saptadiuṋga,,auto,
saptaparńii,1,saptaparńii,,auto,
Sarái,1,Saraai,,auto,
saŕak,1,saŕak,,auto,
Saŕak,1,Saŕak,,auto,
sáráńa,1,saaraańa,,auto,
Sáranáth,1,Saaranaath,,auto,
Sáranganáth,1,Saaranganaath,,auto,
sarańii,1,sarańii,,auto,
sárártha,1,saaraartha,,auto,
Sáras,1,Saaras,,auto,
Sarashauṋká,1,Sarashauṋkaa,,auto,
Sarayúpáŕii,1,Sarayoopaaŕii,,auto,
sarbhájá,1,sarbhaajaa,,auto,
sardár,1,sardaar,,auto,
sariśá,1,sarishaa,,auto,
Sarkár,1,Sarkaar,,auto,
Sárnath,1,Saarnath,,auto,
SARPAGANDHÁ,1,SARPAGANDHaa,,auto,
Sarpalehaná,1,Sarpalehanaa,,auto,
sarpeńa,1,sarpeńa,,auto,
SARŚAP,1,SARŚAP,,auto,
sarvabodhantarátmá,1,sarvabodhantaraatmaa,,auto,
Sarvácintáparityágoniscinta,1,Sarvaachintaaparityaagonischinta,,auto,
sarvadyotanátmakah,1,sarvadyotanaatmakah,,auto,
sarvakála,1,sarvakaala,,auto,
Sarvát,1,Sarvaat,,auto,
sarvauṋgásana,1,sarvauṋgaasana,,auto,
sarvavarńaeh,1,sarvavarńaeh,,auto,
Sarvendriyágamay,1,Sarvendriyaagamay,,auto,
Sarvendriyaguńábh,1,Sarvendriyaguńaabh,,auto,
śasárám,1,shasaaraam,,auto,
Śaśt́hiitalá,1,Śashthiitalaa,,auto,
śát,1,shaat,,auto,
sátálu,1,saataalu,,auto,
Sátgáon,1,Saatgaaon,,auto,
sattvá,1,sattvaa,,auto,
Sattvá,1,Sattvaa,,auto,
satyaniśt́há,1,satyanishthaa,,auto,
savár,1,savaar,,auto,
savedá,1,savedaa,,auto,
sávitrii,1,saavitrii,,auto,
sehái,1,sehaai,,auto,
sekeńd́,1,sekeńd,,auto,
selái-cańd́iipát́h,1,selaai-chańdiipaath,,auto,
Seraikelá-Kharsoán,1,Seraikelaa-Kharsoaan,,auto,
Śet́erá,1,Śeteraa,,auto,
SEVÁ,1,SEVaa,,auto,
sevamána,1,sevamaana,,auto,
Shá,1,Shaa,,auto,
Shabdaguńánupátii,1,Shabdaguńaanupaatii,,auto,
SHAEVÁCÁRA,1,SHAEVaaCaaRA,,auto,
sháfar,1,shaafar,,auto,
sháh,1,shaah,,auto,
sháhii,1,shaahii,,auto,
Shákhá,1,Shaakhaa,,auto,
Shákhámrga,1,Shaakhaamrga,,auto,
shákhar,1,shaakhar,,auto,
SHÁL,1,SHaaL,,auto,
shaláh,1,shalaah,,auto,
shaláh-i,1,shalaah-i,,auto,
shaláh-parámarsha,1,shalaah-paraamarsha,,auto,
Shaláká,1,Shalaakaa,,auto,
SHÁLAM,1,SHaaLAM,,auto,
shálama,1,shaalama,,auto,
shaláparámarsha,1,shalaaparaamarsha,,auto,
Shálibahan,1,Shaalibahan,,auto,
Shálibáhan,1,Shaalibaahan,,auto,
Shálikhá,1,Shaalikhaa,,auto,
SHAMBHÚLIUṊGA,1,SHAMBHooLIUṊGA,,auto,
Shambhúshivánanda,1,Shambhooshivaananda,,auto,
shaḿkar,1,shamkar,,auto,
shaḿkara,1,shamkara,,auto,
Shaḿkarácarya,1,Shamkaraacharya,,auto,
shaḿkhuli,1,shamkhuli,,auto,
shaḿkhulii,1,shamkhulii,,auto,
Shańigraha,1,Shańigraha,,auto,
SHÁṊKÁLU,1,SHaaṊKaaLU,,auto,
Shánkáris,1,Shaankaaris,,auto,
shánsa,1,shaansa,,auto,
shántátmani,1,shaantaatmani,,auto,
shántiḿ,1,shaantim,,auto,
shariiphá,1,shariiphaa,,auto,
sháriirik,1,shaariirik,,auto,
Sháriirika,1,Shaariirika,,auto,
Sharkará,1,Sharkaraa,,auto,
Sharkarákanda,1,Sharkaraakanda,,auto,
shásan,1,shaasan,,auto,
Shatadalavásinii,1,Shatadalavaasinii,,auto,
Shatadhá,1,Shatadhaa,,auto,
shataḿ,1,shatam,,auto,
shatruńám,1,shatruńaam,,auto,
Shauḿkarvarmá,1,Shaumkarvarmaa,,auto,
shauṋkara,1,shauṋkara,,auto,
shayána,1,shayaana,,auto,
shayáte,1,shayaate,,auto,
shiikśa,1,shiikshaa,,auto,
Shiitaládevii,1,Shiitalaadevii,,auto,
shikkábáb,1,shikkaabaab,,auto,
shikśa,1,shikshaa,,auto,
Shikśá,1,Shikshaaa,,auto,
Shilahat́,1,Shilahat,,auto,
shilpana-kriyá,1,shilpana-kriyaa,,auto,
Shishupála,1,Shishupaala,,auto,
SHIVABHÁVA,1,SHIVABHaaVA,,auto,
Shivabháviinii,1,Shivabhaaviinii,,auto,
Shivaliuṋga,1,Shivaliuṋga,,auto,
Shiváyana,1,Shivaayana,,auto,
shiyákul,1,shiyaakul,,auto,
Shmashán-ándhár,1,Shmashaan-aandhaar,,auto,
Shmashánkálii,1,Shmashaankaalii,,auto,
Shokarahitá,1,Shokarahitaa,,auto,
shokárta,1,shokaarta,,auto,
Shońa,1,Shońa,,auto,
shośań,1,shoshań,,auto,
Shośańa,1,Shoshańa,,auto,
SHRÁDDHA,1,SHRaaDDHA,,auto,
shráddhah,1,shraaddhah,,auto,
Shráddhe,1,Shraaddhe,,auto,
Shrávána,1,Shraavaana,,auto,
shreśt́hastattadevetaro,1,shreshthastattadevetaro,,auto,
Shriijiṋána,1,Shriijnyaaana,,auto,
Shriikrśńacandram,1,Shriikrshńachandram,,auto,
shriilatá,1,shriilataa,,auto,
shriilekhá,1,shriilekhaa,,auto,
Shriinivásdiiyá,1,Shriinivaasdiiyaa,,auto,
Shriinivásdviipa,1,Shriinivaasdviipa,,auto,
Shriipaiṋcamii,1,Shriipaiṋchamii,,auto,
Shriirámpur,1,Shriiraampur,,auto,
shriśáh,1,shrishaah,,auto,
Shuddhaḿ,1,Shuddham,,auto,
shukreńa,1,shukreńa,,auto,
Shúktam,1,Shooktam,,auto,
shuńechilam,1,shuńechilam,,auto,
shunt́,1,shunt,,auto,
Shunt́,1,Shunt,,auto,
shuńt́,1,shuńt,,auto,
shunt́i,1,shunti,,auto,
shuńt́i-like,1,shuńti-like,,auto,
SHÚNYA,1,SHooNYA,,auto,
Shúnyát,1,Shoonyaat,,auto,
Shúnyavádin,1,Shoonyavaadin,,auto,
Shúnyavádináḿ,1,Shoonyavaadinaam,,auto,
Shúnye,1,Shoonye,,auto,
shuśumná,1,shushumnaa,,auto,
Shyámdesh,1,Shyaamdesh,,auto,
Siháŕsol,1,Sihaaŕsol,,auto,
siḿhaváhu,1,simhavaahu,,auto,
Siḿmuńd́á,1,Simmuńdaa,,auto,
Sirájganj,1,Siraajganj,,auto,
Sitái,1,Sitaai,,auto,
sit́ibás,1,sitibaas,,auto,
siunáŕá,1,siunaaŕaa,,auto,
Smárta,1,Smaarta,,auto,
Smártta,1,Smaartta,,auto,
Smrtáyo,1,Smrtaayo,,auto,
SNÁNA,1,SNaaNA,,auto,
śńya,1,shńya,,auto,
soámii,1,soaamii,,auto,
sodála,1,sodaala,,auto,
Sohsarái,1,Sohsaraai,,auto,
Soná,1,Sonaa,,auto,
sońá,1,sońaa,,auto,
Sońárgáno,1,Sońaargaano,,auto,
sońvarśá,1,sońvarshaa,,auto,
Sophiyásarái,1,Sophiyaasaraai,,auto,
spaśt́atah,1,spashtatah,,auto,
spaśt́atahi,1,spashtatahi,,auto,
sphat́ika,1,sphatika,,auto,
Sriśt́irahasya,1,Srishtirahasya,,auto,
srjámyahaḿ,1,srjaamyaham,,auto,
Stán,1,Staan,,auto,
st́ap,1,stap,,auto,
Staravinyás,1,Staravinyaas,,auto,
st́eshan,1,steshan,,auto,
śt́eshan,1,shteshan,,auto,
Sthána,1,Sthaana,,auto,
Sthánam,1,Sthaanam,,auto,
Striyáḿ,1,Striyaam,,auto,
SUBHÁŚITA,1,SUBHaaŚITA,,auto,
Sucáru,1,Suchaaru,,auto,
sudhárasam,1,sudhaarasam,,auto,
sudhására,1,sudhaasaara,,auto,
SUDURÁCÁRA,1,SUDURaaCaaRA,,auto,
sudurácariis,1,suduraachariis,,auto,
Suhásarainjitádharam,1,Suhaasarainjitaadharam,,auto,
Súkśma,1,Sookshama,,auto,
sulekhá,1,sulekhaa,,auto,
sumása,1,sumaasa,,auto,
Surá,1,Suraa,,auto,
suráhii,1,suraahii,,auto,
Surajagaŕá,1,Surajagaŕaa,,auto,
surására,1,suraasaara,,auto,
Súrya's,1,Soorya's,,auto,
súryakumŕo,1,sooryakumŕo,,auto,
súryamukhi,1,sooryamukhi,,auto,
Suryasiddhánta,1,Suryasiddhaanta,,auto,
susamá,1,susamaa,,auto,
suśumná-márga,1,sushumnaa-maarga,,auto,
sutá,1,sutaa,,auto,
Sutanut́i,1,Sutanuti,,auto,
SÚTRA,1,SooTRA,,auto,
Sútras,1,Sootras,,auto,
Suvarńarehká,1,Suvarńarehkaa,,auto,
suvarńavarśa,1,suvarńavarsha,,auto,
svabhávártha,1,svabhaavaartha,,auto,
Svádhisthána,1,Svaadhisthaana,,auto,
Svádhiśt́hana,1,Svaadhishthana,,auto,
SVÁDHYÁYA,1,SVaaDHYaaYA,,auto,
sváha,1,svaaha,,auto,
Svajáta,1,Svajaata,,auto,
SVAJÁTIIYA,1,SVAJaaTIIYA,,auto,
Svajátiya,1,Svajaatiya,,auto,
svarńanakulakathá,1,svarńanakulakathaa,,auto,
SVARÚPA,1,SVARooPA,,auto,
Svásthyásanas,1,Svaasthyaasanas,,auto,
svátu,1,svaatu,,auto,
SVAYAMBHÚLIUṊGA,1,SVAYAMBHooLIUṊGA,,auto,
syánsurá,1,syaansuraa,,auto,
tábij,1,taabij,,auto,
tádana,1,taadana,,auto,
taddhitártha,1,taddhitaartha,,auto,
tadyacchecchántátmani,1,tadyacchecchaantaatmani,,auto,
t́ai,1,tai,,auto,
t́ak-t́ak-t́ak,1,tak-tak-tak,,auto,
táká,1,taakaa,,auto,
t́ákápaysá,1,taakaapaysaa,,auto,
takśaka,1,takshaaka,,auto,
T́ál,1,Taal,,auto,
Tálamákháná,1,Taalamaakhaanaa,,auto,
táldáḿrá,1,taaldaamraa,,auto,
T́alii,1,Talii,,auto,
táliká,1,taalikaa,,auto,
tálmákháná,1,taalmaakhaanaa,,auto,
tálsháns,1,taalshaans,,auto,
Támákhun,1,Taamaakhun,,auto,
támar,1,taamar,,auto,
támasii,1,taamasii,,auto,
támásik,1,taamaasik,,auto,
támbula,1,taambula,,auto,
Támbula,1,Taambula,,auto,
tamekaḿ,1,tamekam,,auto,
támra,1,taamra,,auto,
t́ámras,1,taamras,,auto,
táḿte,1,taamte,,auto,
tánbá,1,taanbaa,,auto,
t́ángá,1,taangaa,,auto,
TANMÁTRATATTVA,1,TANMaaTRATATTVA,,auto,
tánḿste,1,taanmste,,auto,
tántric,1,taantric,,auto,
tapasvinivása,1,tapasvinivaasa,,auto,
Táŕá,1,Taaŕaa,,auto,
tarań,1,tarań,,auto,
tarańii,1,tarańii,,auto,
tarańńapashyat,1,tarańńapashyat,,auto,
táŕáno,1,taaŕaano,,auto,
Tárápiit́ha,1,Taaraapiitha,,auto,
táŕi,1,taaŕi,,auto,
Táŕi,1,Taaŕi,,auto,
Tasyábhidyánát,1,Tasyaabhidyaanaat,,auto,
Tat́a,1,Tata,,auto,
tat́asthá,1,tatasthaa,,auto,
tatpurśa,1,tatpursha,,auto,
táuṋgávála,1,taauṋgaavaala,,auto,
Tayorvirodho'yamupádhih,1,Tayorvirodho'yamupaadhih,,auto,
t́egrá,1,tegraa,,auto,
T́egŕi,1,Tegŕi,,auto,
t́egrii,1,tegrii,,auto,
T́egŕii,1,Tegŕii,,auto,
tejasviitá,1,tejasviitaa,,auto,
T́ekŕi,1,Tekŕi,,auto,
tellákucá,1,tellaakuchaa,,auto,
T́eḿŕei,1,Temŕei,,auto,
tenáhaḿ,1,tenaaham,,auto,
tenntaŕi,1,tenntaŕi,,auto,
tentuŕ,1,tentuŕ,,auto,
teoŕá,1,teoŕaa,,auto,
tepáyá,1,tepaayaa,,auto,
Tepáyá,1,Tepaayaa,,auto,
terachá,1,terachaa,,auto,
Terapanthá,1,Terapanthaa,,auto,
terechá,1,terechaa,,auto,
teuṋgá,1,teuṋgaa,,auto,
teuṋgás,1,teuṋgaas,,auto,
Tevahagá,1,Tevahagaa,,auto,
Tewárii,1,Tewaarii,,auto,
t́háini,1,thaaini,,auto,
thákuni,1,thaakuni,,auto,
T́hakur's,1,Thakur's,,auto,
thálá,1,thaalaa,,auto,
THÁNÁ,1,THaaNaa,,auto,
thánakuni,1,thaanakuni,,auto,
t́hánam,1,thaanam,,auto,
t́háni-e,1,thaani-e,,auto,
Thániishvar,1,Thaaniishvar,,auto,
Thánisvara's,1,Thaanisvara's,,auto,
t́hant́han,1,thanthan,,auto,
Tháru,1,Thaaru,,auto,
Thárus,1,Thaarus,,auto,
t́hekche,1,thekche,,auto,
t́hekla,1,thekla,,auto,
t́hesát́hesi,1,thesaathesi,,auto,
thinyá,1,thinyaa,,auto,
T́hinyá,1,Thinyaa,,auto,
t́hiyá,1,thiyaa,,auto,
t́hunt́o,1,thunto,,auto,
t́ikit́,1,tikit,,auto,
tincukiyá,1,tinchukiyaa,,auto,
Tinkál,1,Tinkaal,,auto,
tinsukiyá,1,tinsukiyaa,,auto,
tint́i,1,tinti,,auto,
tinttaŕii,1,tinttaŕii,,auto,
tinttiŕii,1,tinttiŕii,,auto,
tirachá,1,tirachaa,,auto,
Tirucirápallii,1,Tiruchiraapallii,,auto,
titá,1,titaa,,auto,
Tomáder,1,Tomaader,,auto,
T́oppo,1,Toppo,,auto,
Torá,1,Toraa,,auto,
tośak,1,toshak,,auto,
t́ot́ká,1,totkaa,,auto,
traeḿ,1,traem,,auto,
trán,1,traan,,auto,
triguńá,1,triguńaa,,auto,
triguńii,1,triguńii,,auto,
Trihotriiyabhúmi,1,Trihotriiyabhoomi,,auto,
trikáladarshii,1,trikaaladarshii,,auto,
trikut́is,1,trikutis,,auto,
trilokii-I-nátha,1,trilokii-I-naatha,,auto,
Tripurásura's,1,Tripuraasura's,,auto,
trishirásiija,1,trishiraasiija,,auto,
Trńá,1,Trńaa,,auto,
tryáhasparsha,1,tryaahasparsha,,auto,
t́ukt́uke,1,tuktuke,,auto,
tumháre,1,tumhaare,,auto,
tumhárii,1,tumhaarii,,auto,
Tuphángainj,1,Tuphaangainj,,auto,
tvará,1,tvaraa,,auto,
tyaiṋ,1,tyaiṋ,,auto,
uájhá,1,uaajhaa,,auto,
uájhjháya,1,uaajhjhaaya,,auto,
Úcca,1,ooccha,,auto,
Ucchavása,1,Ucchavaasa,,auto,
ucchiśt́,1,ucchisht,,auto,
udár,1,udaar,,auto,
Ud́d́iisha,1,Uddiisha,,auto,
Udgáta,1,Udgaata,,auto,
udghośa,1,udghosha,,auto,
Úd́ha,1,oodha,,auto,
udhár,1,udhaar,,auto,
ud́umbar,1,udumbar,,auto,
Úh,1,ooh,,auto,
úha,1,ooha,,auto,
ui-d́hibi,1,ui-dhibi,,auto,
ujáŕ,1,ujaaŕ,,auto,
újjvala,1,oojjvala,,auto,
Úk,1,ook,,auto,
úkśa,1,ookshaa,,auto,
ulkámukhii,1,ulkaamukhii,,auto,
umdá,1,umdaa,,auto,
úna,1,oona,,auto,
únacallisha,1,oonachallisha,,auto,
únapaiṋcásha,1,oonapaiṋchaasha,,auto,
únatrisha,1,oonatrisha,,auto,
únaviḿsha,1,oonavimsha,,auto,
úńńá,1,oońńaa,,auto,
upa-acáryas,1,upa-achaaryas,,auto,
Upadevatás,1,Upadevataas,,auto,
UPÁDHI,1,UPaaDHI,,auto,
Upádhyá,1,Upaadhyaa,,auto,
Upádhyáyas,1,Upaadhyaayas,,auto,
Upaḿsu,1,Upamsu,,auto,
upasarańii,1,upasarańii,,auto,
upodiká,1,upodikaa,,auto,
uŕ,1,uŕ,,auto,
Úrda,1,oorda,,auto,
úrdha,1,oordha,,auto,
Úrdhve,1,oordhve,,auto,
urńanábha,1,urńanaabha,,auto,
Úrńanábha,1,oorńanaabha,,auto,
Úrńú,1,oorńoo,,auto,
uśná,1,ushnaa,,auto,
Ut́,1,Ut,,auto,
út,1,oot,,auto,
Út,1,oot,,auto,
Útá,1,ootaa,,auto,
Ut́aja,1,Utaja,,auto,
Utámrttvasyesha,1,Utaamrttvasyesha,,auto,
Ut́hbe,1,Uthbe,,auto,
ut́hla,1,uthla,,auto,
úti,1,ooti,,auto,
utkrśt́a,1,utkrshta,,auto,
utsarańa,1,utsarańa,,auto,
uttamarńa,1,uttamarńa,,auto,
Uttarápath,1,Uttaraapath,,auto,
uttarárańiḿ,1,uttaraarańim,,auto,
vacasá,1,vachasaa,,auto,
vácharu,1,vaacharu,,auto,
váchur,1,vaachur,,auto,
vad́hd́ha,1,vadhdha,,auto,
vadhú,1,vadhoo,,auto,
vaeḿk,1,vaemk,,auto,
Vaeshák,1,Vaeshaak,,auto,
Vaeshiśt́ya,1,Vaeshishtya,,auto,
VAEŚŃAVA,1,VAEŚŃAVA,,auto,
VAEŚŃAVÁCÁRA,1,VAEŚŃAVaaCaaRA,,auto,
Vaeśńviiya,1,Vaeshńviiya,,auto,
váikáuńt́,1,vaaikaauńt,,auto,
váje,1,vaaje,,auto,
vájikara,1,vaajikara,,auto,
Vajrabhumá,1,Vajrabhumaa,,auto,
vajranirghośe,1,vajranirghoshe,,auto,
Vakálat,1,Vakaalat,,auto,
Vákpathátiita,1,Vaakpathaatiita,,auto,
Vákstambha,1,Vaakstambha,,auto,
vakul-párul-rajaniigandhá,1,vakul-paarul-rajaniigandhaa,,auto,
Válekum,1,Vaalekum,,auto,
válig,1,vaalig,,auto,
Vámácára-oriented,1,Vaamaachaara-oriented,,auto,
vaḿka,1,vamka,,auto,
vaḿká,1,vamkaa,,auto,
vaḿshavát́iká,1,vamshavaatikaa,,auto,
Váńagarh,1,Vaańagarh,,auto,
Vanánii,1,Vanaanii,,auto,
Vánaprastha,1,Vaanaprastha,,auto,
Vánáriipáŕá,1,Vaanaariipaaŕaa,,auto,
vanát,1,vanaat,,auto,
vandá,1,vandaa,,auto,
VANDANÁ,1,VANDANaa,,auto,
Váńeshvara,1,Vaańeshvara,,auto,
vańt́anam,1,vańtanam,,auto,
vaoyá,1,vaoyaa,,auto,
Váp-khedáno,1,Vaap-khedaano,,auto,
Vár-e-Dewán,1,Vaar-e-Dewaan,,auto,
VARÁBHAYA,1,VARaaBHAYA,,auto,
Váramásyá,1,Vaaramaasyaa,,auto,
Varańa,1,Varańa,,auto,
varańasii,1,varańasii,,auto,
Varáŕi,1,Varaaŕi,,auto,
Váravighá,1,Vaaravighaa,,auto,
varddhamáne,1,varddhamaane,,auto,
Varddhamáne,1,Varddhamaane,,auto,
Varddhamánete,1,Varddhamaanete,,auto,
Varddhanamána,1,Varddhanamaana,,auto,
vareńi-yam,1,vareńi-yam,,auto,
vareńya,1,vareńya,,auto,
varenyaḿ,1,varenyam,,auto,
vargiiyá,1,vargiiyaa,,auto,
Varńád́hya,1,Varńaadhya,,auto,
Varńaratnákara,1,Varńaratnaakara,,auto,
VARŃÁRGHYADÁNA,1,VARŃaaRGHYADaaNA,,auto,
varńmala,1,varńmala,,auto,
Varrabhúmi,1,Varrabhoomi,,auto,
varśá,1,varshaa,,auto,
Varśá,1,Varshaa,,auto,
várshiḿha,1,vaarshimha,,auto,
vartamáneśu,1,vartamaaneshu,,auto,
vartmánu,1,vartmaanu,,auto,
várttákii,1,vaarttaakii,,auto,
várttáku,1,vaarttaaku,,auto,
Varttamána,1,Varttamaana,,auto,
Varttámanesu,1,Varttaamanesu,,auto,
Varttámaneśu,1,Varttaamaneshu,,auto,
várttikii,1,vaarttikii,,auto,
Varuńásii,1,Varuńaasii,,auto,
Vása,1,Vaasa,,auto,
vásah,1,vaasah,,auto,
vásanti,1,vaasanti,,auto,
váśat,1,vaashat,,auto,
Vashiśt́ha's,1,Vashishtha's,,auto,
Vástavikatá,1,Vaastavikataa,,auto,
vastrakańiká,1,vastrakańikaa,,auto,
vásttuka,1,vaasttuka,,auto,
Vásumallik,1,Vaasumallik,,auto,
vát,1,vaat,,auto,
vátás,1,vaataas,,auto,
vátáyana,1,vaataayana,,auto,
vátáyú,1,vaataayoo,,auto,
vát́i,1,vaati,,auto,
vát́iká,1,vaatikaa,,auto,
váunmaya,1,vaaunmaya,,auto,
váyuputra,1,vaayuputra,,auto,
VÁYUS,1,VaaYUS,,auto,
Vibhág,1,Vibhaag,,auto,
Vibhánu,1,Vibhaanu,,auto,
vibhútis,1,vibhootis,,auto,
viddá,1,viddaa,,auto,
Vidván,1,Vidvaan,,auto,
Vidyádhiipaka,1,Vidyaadhiipaka,,auto,
vidyárthii,1,vidyaarthii,,auto,
vidyárthin,1,vidyaarthin,,auto,
VidyáShakti,1,VidyaaShakti,,auto,
Vidyayá,1,Vidyayaa,,auto,
Viguńah',1,Viguńah',,auto,
vihán,1,vihaan,,auto,
VIIŃÁ,1,VIIŃaa,,auto,
viińápáńi,1,viińaapaańi,,auto,
Viińápáńii,1,Viińaapaańii,,auto,
viińápustakarainjitahaste,1,viińaapustakarainjitahaste,,auto,
Viirabhúmi,1,Viirabhoomi,,auto,
viirácárińáḿ,1,viiraachaarińaam,,auto,
Viirhoŕ,1,Viirhoŕ,,auto,
Viiryabhánu,1,Viiryabhaanu,,auto,
Viit́iura,1,Viitiura,,auto,
vijanáti,1,vijanaati,,auto,
VIJÁTIIYA,1,VIJaaTIIYA,,auto,
Vijátiya,1,Vijaatiya,,auto,
VIJIṊÁNAVÁDA,1,VIJNYAaaNAVaaDA,,auto,
Vikramańipur,1,Vikramańipur,,auto,
Vikrammańipur's,1,Vikrammańipur's,,auto,
VIKRÁNTI,1,VIKRaaNTI,,auto,
VIKŚUBDHA,1,VIkshaUBDHA,,auto,
vilakśańa,1,vilakshaańa,,auto,
vilátii-láu,1,vilaatii-laau,,auto,
Viláyet,1,Vilaayet,,auto,
viḿsha,1,vimsha,,auto,
VINÁSHA,1,VINaaSHA,,auto,
vipariitguńa,1,vipariitguńa,,auto,
virát,1,viraat,,auto,
Virát́,1,Viraat,,auto,
viriyáni,1,viriyaani,,auto,
Viśeńpurii,1,Visheńpurii,,auto,
Vishákhár,1,Vishaakhaar,,auto,
VISHEŚA,1,VISHEŚA,,auto,
vishrámaoka,1,vishraamaoka,,auto,
Vishvabhánu,1,Vishvabhaanu,,auto,
Vishvátiitam,1,Vishvaatiitam,,auto,
vishvavidyálaya,1,vishvavidyaalaya,,auto,
viśńumáyá,1,vishńumaayaa,,auto,
Viśt́iura,1,Vishtiura,,auto,
viśuvarekhá,1,vishuvarekhaa,,auto,
vitańd́a,1,vitańda,,auto,
Vit́t́hura,1,Vitthura,,auto,
Vivarńá,1,Vivarńaa,,auto,
Vivekánanda,1,Vivekaananda,,auto,
vrajámá,1,vrajaamaa,,auto,
vratakathá,1,vratakathaa,,auto,
Vratakathá,1,Vratakathaa,,auto,
vrkavyághra,1,vrkavyaaghra,,auto,
vrkśashrii,1,vrkshaashrii,,auto,
Vrndávanaḿ,1,Vrndaavanam,,auto,
vrntákam,1,vrntaakam,,auto,
Vrśa,1,Vrsha,,auto,
Vrśńipur,1,Vrshńipur,,auto,
Vrttvá,1,Vrttvaa,,auto,
vud́d́ha,1,vuddha,,auto,
vyádha,1,vyaadha,,auto,
vyámoha,1,vyaamoha,,auto,
vyápii,1,vyaapii,,auto,
Vyápitva,1,Vyaapitva,,auto,
VYÁPTI,1,VYaaPTI,,auto,
vyása,1,vyaasa,,auto,
vyathatá,1,vyathataa,,auto,
vyauṋganam,1,vyauṋganam,,auto,
vyáunger,1,vyaaunger,,auto,
Vyavadhána,1,Vyavadhaana,,auto,
wárish,1,waarish,,auto,
word́dá,1,worddaa,,auto,
ya-kár,1,ya-kaar,,auto,
ya-kára,1,ya-kaara,,auto,
yác,1,yaac,,auto,
Yácchetái,1,Yaacchetaai,,auto,
yáciná,1,yaachinaa,,auto,
Yadannenátirohati,1,Yadannenaatirohati,,auto,
YADRCCHÁ,1,YADRCCHaa,,auto,
Yadyadácarati,1,Yadyadaacharati,,auto,
yága-yajiṋa,1,yaaga-yajnyaa,,auto,
yájaka,1,yaajaka,,auto,
yajamán,1,yajamaan,,auto,
Yájiṋa,1,Yaajnyaa,,auto,
Yakśapurii,1,Yakshaapurii,,auto,
Yakśas,1,Yakshaas,,auto,
yakśmá,1,yakshamaa,,auto,
yántá,1,yaantaa,,auto,
yathá''darshe,1,yathaa''darshe,,auto,
yavanánii,1,yavanaanii,,auto,
Yavaniká,1,Yavanikaa,,auto,
yayaḿ,1,yayam,,auto,
Yenáhaḿ,1,Yenaaham,,auto,
yogarúrhárta,1,yogaroorhaarta,,auto,
yoginám,1,yoginaam,,auto,
Yogińám,1,Yogińaam,,auto,
অজ্ন̄আতকুলশীলস্য,1,অজ্নআতকুলশীলস্য,,auto,
ব্র̥দ্ধঃ,1,ব্রদ্ধঃ,,auto,
ਅਜ੍ਨ̄ਆਤਕੁਲਸ਼ੀਲਸ੍ਯ,1,ਅਜ੍ਨਆਤਕੁਲਸ਼ੀਲਸ੍ਯ,,auto,
ਵ੍ਰ̥ਦ੍ਧਃ,1,ਵ੍ਰਦ੍ਧਃ,,auto,
ଅଜ୍ନ̄ଆତକୁଲଶୀଲସ୍ଯ,1,ଅଜ୍ନଆତକୁଲଶୀଲସ୍ଯ,,auto,
ଵ୍ର̥ଦ୍ଧଃ,1,ଵ୍ରଦ୍ଧଃ,,auto,
ಅಜ್ನ̄ಆತಕುಲಶೀಲಸ್ಯ,1,ಅಜ್ನಆತಕುಲಶೀಲಸ್ಯ,,auto,
ವ್ರ̥ದ್ಧಃ,1,ವ್ರದ್ಧಃ,,auto,
